country,year,age1564_pct
ABW,2011,69.9067151246274
ABW,2012,69.9961184511146
ABW,2013,69.911025522268
ABW,2014,69.6785895668577
ABW,2015,69.3250915443276
ABW,2016,68.8920853714879
ABW,2017,68.4348414128373
ABW,2018,67.9734478352375
ABW,2019,67.5216668534499
ABW,2020,67.1686817100479
ABW,2021,66.9699139069153
AFG,2011,49.6380620251503
AFG,2012,50.0567833137882
AFG,2013,50.4888449766978
AFG,2014,50.9303980666568
AFG,2015,51.3839679093288
AFG,2016,51.843053949596
AFG,2017,52.2756584397329
AFG,2018,52.6732723441847
AFG,2019,53.0470145105464
AFG,2020,53.4051619316696
AFG,2021,53.7393252349501
AGO,2011,52.1221809832928
AGO,2012,52.110643381122
AGO,2013,52.0969806945144
AGO,2014,52.0696201188262
AGO,2015,52.0344151201028
AGO,2016,52.0323838444687
AGO,2017,52.0639319428822
AGO,2018,52.10972051613
AGO,2019,52.1792554940819
AGO,2020,52.2548406993395
AGO,2021,52.3460455098597
ALB,2011,67.8454159774467
ALB,2012,68.198600414295
ALB,2013,68.3856722403311
ALB,2014,68.4466928018412
ALB,2015,68.4632957891861
ALB,2016,68.473513186339
ALB,2017,68.411252681582
ALB,2018,68.2552118334715
ALB,2019,68.0076096803147
ALB,2020,67.7110196944345
ALB,2021,67.3665631972931
AND,2011,71.8145353097721
AND,2012,71.8021969440612
AND,2013,71.7050010971693
AND,2014,71.665513921098
AND,2015,71.755561251706
AND,2016,71.8882262075463
AND,2017,72.0474495848161
AND,2018,72.2938452941646
AND,2019,72.4577794922424
AND,2020,72.3830447143965
AND,2021,72.3614948285873
ARE,2011,81.7491567206735
ARE,2012,81.7319747580354
ARE,2013,81.6884573970865
ARE,2014,81.6610900166076
ARE,2015,81.6642098864586
ARE,2016,81.7037621944191
ARE,2017,81.7573549214794
ARE,2018,81.7897488678028
ARE,2019,81.8226037478217
ARE,2020,81.8563407363944
ARE,2021,81.87240475274
ARG,2011,63.9901889403356
ARG,2012,64.0423079024418
ARG,2013,64.0825562537135
ARG,2014,64.0920281103568
ARG,2015,64.0810849650845
ARG,2016,64.0835958950498
ARG,2017,64.1137437299744
ARG,2018,64.1630568429568
ARG,2019,64.2701694847154
ARG,2020,64.5074745533578
ARG,2021,64.8426321239199
ARM,2011,69.9991499247162
ARM,2012,69.877939557455
ARM,2013,69.6400159040937
ARM,2014,69.3383433330299
ARM,2015,68.961951131008
ARM,2016,68.5339571072627
ARM,2017,68.1111272919884
ARM,2018,67.836738214504
ARM,2019,67.6540902691366
ARM,2020,67.4875319646095
ARM,2021,67.3509680096337
ASM,2011,61.903070379175
ASM,2012,62.3676338343519
ASM,2013,62.6652594156205
ASM,2014,62.8595743089066
ASM,2015,63.0186466961685
ASM,2016,63.184641445511
ASM,2017,63.351490714535
ASM,2018,63.509040729937
ASM,2019,63.6389890258719
ASM,2020,63.9620992132472
ASM,2021,64.4418486541392
ATG,2011,69.5043552796182
ATG,2012,69.8922759569104
ATG,2013,70.2382912524343
ATG,2014,70.4962541542275
ATG,2015,70.7305752217338
ATG,2016,70.9122030921762
ATG,2017,70.9963744086307
ATG,2018,71.0825286496711
ATG,2019,71.1197578901859
ATG,2020,71.0314003876053
ATG,2021,70.877324064148
AUS,2011,67.2186509873875
AUS,2012,66.9662425056812
AUS,2013,66.700299430582
AUS,2014,66.4491289382527
AUS,2015,66.1974159681463
AUS,2016,65.9615614705209
AUS,2017,65.7711179415292
AUS,2018,65.5972081360588
AUS,2019,65.3937724215717
AUS,2020,65.1015714818381
AUS,2021,64.8273784315574
AUT,2011,67.6180439804748
AUT,2012,67.5601644337772
AUT,2013,67.4266821192924
AUT,2014,67.3108310981136
AUT,2015,67.234719049435
AUT,2016,67.1339749165576
AUT,2017,66.974326831199
AUT,2018,66.8074529749847
AUT,2019,66.6368554183168
AUT,2020,66.4370522356064
AUT,2021,66.1764816581673
AZE,2011,72.0939429460413
AZE,2012,72.0406993018106
AZE,2013,71.6592530898028
AZE,2014,71.2018299395149
AZE,2015,70.7521032313631
AZE,2016,70.2891585164324
AZE,2017,69.9448498293551
AZE,2018,69.8692138262529
AZE,2019,69.825581884135
AZE,2020,69.7266672756005
AZE,2021,69.708000115884
BDI,2011,52.3536120374012
BDI,2012,52.0409461695939
BDI,2013,51.7106229076444
BDI,2014,51.3816362371271
BDI,2015,50.7329704786026
BDI,2016,50.0141465984415
BDI,2017,49.7345082830426
BDI,2018,49.8778863700716
BDI,2019,50.2513129688442
BDI,2020,50.6081895938159
BDI,2021,51.0189922371954
BEL,2011,65.771386607117
BEL,2012,65.5288562215249
BEL,2013,65.2910824069226
BEL,2014,65.0395058250497
BEL,2015,64.8430252778753
BEL,2016,64.6607620134318
BEL,2017,64.4426328280277
BEL,2018,64.2447525310394
BEL,2019,64.0794211416653
BEL,2020,63.9755896544114
BEL,2021,63.8651840723626
BEN,2011,53.1738379185632
BEN,2012,53.2872357685967
BEN,2013,53.3802257734234
BEN,2014,53.4710165776466
BEN,2015,53.5644826221245
BEN,2016,53.6566169066319
BEN,2017,53.7641385473821
BEN,2018,53.9063205647746
BEN,2019,54.0897463650396
BEN,2020,54.3068570880759
BEN,2021,54.5541005696013
BFA,2011,51.6697037338101
BFA,2012,51.6719555176314
BFA,2013,51.7114608653578
BFA,2014,51.7927902530963
BFA,2015,51.9206377296387
BFA,2016,52.0971154917605
BFA,2017,52.3179781131451
BFA,2018,52.5907037810603
BFA,2019,52.9380433430521
BFA,2020,53.3844208698114
BFA,2021,53.904178280731
BGD,2011,62.0740346987153
BGD,2012,62.4844425603217
BGD,2013,62.9494570158261
BGD,2014,63.4371252223876
BGD,2015,63.9150578117155
BGD,2016,64.3617117778247
BGD,2017,64.6648001467869
BGD,2018,64.7973177686173
BGD,2019,64.8612797816401
BGD,2020,64.9064095313604
BGD,2021,64.9516858651805
BGR,2011,67.9655488971921
BGR,2012,67.4917027281691
BGR,2013,66.9753508090845
BGR,2014,66.4196171095264
BGR,2015,65.8828672924077
BGR,2016,65.3990271954816
BGR,2017,64.9588436261308
BGR,2018,64.5280031853111
BGR,2019,64.1335371141353
BGR,2020,63.8814581406739
BGR,2021,63.8135029889597
BHR,2011,77.3876548816303
BHR,2012,77.8244401271723
BHR,2013,77.7848127947515
BHR,2014,77.0440675538981
BHR,2015,76.9024568320374
BHR,2016,77.3742239109572
BHR,2017,77.608595170699
BHR,2018,77.3842993458645
BHR,2019,76.895078686694
BHR,2020,76.8265235048484
BHR,2021,77.2446859974956
BHS,2011,67.7715486281673
BHS,2012,67.9851492597934
BHS,2013,68.176396545218
BHS,2014,68.3452437627192
BHS,2015,68.5149599127019
BHS,2016,68.7082131293075
BHS,2017,68.9149391141785
BHS,2018,69.1191505344172
BHS,2019,69.3259888845112
BHS,2020,69.5367709747703
BHS,2021,69.7697623198351
BIH,2011,69.1344333839552
BIH,2012,69.0044599438137
BIH,2013,68.9007380238331
BIH,2014,68.7408428286462
BIH,2015,68.4674654164134
BIH,2016,68.1126823098051
BIH,2017,67.6985985141523
BIH,2018,67.2051520519634
BIH,2019,66.6702435755379
BIH,2020,66.193927015007
BIH,2021,65.8403513813568
BLR,2011,71.2520882300624
BLR,2012,70.9909034339942
BLR,2013,70.5764717728536
BLR,2014,70.0684624749577
BLR,2015,69.5172848567025
BLR,2016,68.9918011391333
BLR,2017,68.4886180343404
BLR,2018,68.079682439857
BLR,2019,67.6546230933346
BLR,2020,67.2194165637181
BLR,2021,66.8571610783922
BLZ,2011,61.2875727929899
BLZ,2012,62.03986675199
BLZ,2013,62.7488459635802
BLZ,2014,63.4305612277798
BLZ,2015,64.0869635986563
BLZ,2016,64.7671405656627
BLZ,2017,65.38666109327
BLZ,2018,65.8339174150145
BLZ,2019,66.2083023934209
BLZ,2020,66.6198410231019
BLZ,2021,67.0852024742852
BMU,2011,69.4833875965951
BMU,2012,69.0954655437891
BMU,2013,68.8415770722078
BMU,2014,68.7245195107746
BMU,2015,68.5882436361058
BMU,2016,68.2931826599526
BMU,2017,67.9113222237077
BMU,2018,67.5604330184393
BMU,2019,67.1486733118068
BMU,2020,66.6886707464819
BMU,2021,66.2224662789259
BOL,2011,60.4436748962139
BOL,2012,60.7689737934521
BOL,2013,61.0995583241264
BOL,2014,61.4525672376484
BOL,2015,61.8000754445988
BOL,2016,62.1216939737896
BOL,2017,62.42532837796
BOL,2018,62.7195359063944
BOL,2019,63.0065128086121
BOL,2020,63.326175000896
BOL,2021,63.6895244714713
BRA,2011,68.8890267559546
BRA,2012,69.1357813616712
BRA,2013,69.3600959635388
BRA,2014,69.5321464348522
BRA,2015,69.6409897160951
BRA,2016,69.7156525862543
BRA,2017,69.7489521976535
BRA,2018,69.7196181499875
BRA,2019,69.6671137738846
BRA,2020,69.6446402012395
BRA,2021,69.6182628596073
BRB,2011,68.0094083052376
BRB,2012,67.9879034078086
BRB,2013,67.957430716871
BRB,2014,67.9205526894391
BRB,2015,67.8941897559052
BRB,2016,67.887946065326
BRB,2017,67.8255422581209
BRB,2018,67.6793351157153
BRB,2019,67.4642390405661
BRB,2020,67.167676021839
BRB,2021,66.8376180459442
BRN,2011,71.325789300393
BRN,2012,71.5334361550117
BRN,2013,71.7757938920531
BRN,2014,72.023548861969
BRN,2015,72.2660325453002
BRN,2016,72.4604971419483
BRN,2017,72.6002375384729
BRN,2018,72.6994274907237
BRN,2019,72.7649769585253
BRN,2020,72.7870926356186
BRN,2021,72.7380094549616
BTN,2011,65.967954980215
BTN,2012,66.3908560052253
BTN,2013,66.7395587592534
BTN,2014,67.0640444281068
BTN,2015,67.4120801816861
BTN,2016,67.7742403050814
BTN,2017,68.3439508599965
BTN,2018,69.1310007515541
BTN,2019,69.9085018252565
BTN,2020,70.6085407126698
BTN,2021,71.2031146127722
BWA,2011,62.576267720648
BWA,2012,62.4265721149389
BWA,2013,62.2125420280681
BWA,2014,62.1027474581546
BWA,2015,62.0886517467422
BWA,2016,62.1749030271721
BWA,2017,62.3471212270271
BWA,2018,62.5862659140957
BWA,2019,62.8846829208051
BWA,2020,63.2353062384254
BWA,2021,63.545526112348
CAF,2011,51.8182444485749
CAF,2012,51.1986515278751
CAF,2013,50.5153670963349
CAF,2014,49.6389607850178
CAF,2015,49.0395620696385
CAF,2016,48.9686631215826
CAF,2017,48.87737285649
CAF,2018,48.7904355645416
CAF,2019,48.7913178211798
CAF,2020,48.887967352272
CAF,2021,48.7749163748753
CAN,2011,69.148336286437
CAN,2012,68.8517946416003
CAN,2013,68.4998731704546
CAN,2014,68.1358280352841
CAN,2015,67.7571212622664
CAN,2016,67.3902081027321
CAN,2017,67.0699290855306
CAN,2018,66.7853309042324
CAN,2019,66.4846890068848
CAN,2020,66.1382867429556
CAN,2021,65.7746528539238
CHE,2011,67.8789591820399
CHE,2012,67.7253003887459
CHE,2013,67.569206651867
CHE,2014,67.4070238883851
CHE,2015,67.2522559933481
CHE,2016,67.0852228581568
CHE,2017,66.8710108843209
CHE,2018,66.6250290837812
CHE,2019,66.3866169304802
CHE,2020,66.1965690619318
CHE,2021,65.9929595917595
CHI,2011,68.6474877353145
CHI,2012,68.1981743822601
CHI,2013,67.7931109085009
CHI,2014,67.4813260286432
CHI,2015,67.2205414962574
CHI,2016,66.9792899769346
CHI,2017,66.7014566134877
CHI,2018,66.4673127229849
CHI,2019,66.3239555662883
CHI,2020,66.1901338763381
CHI,2021,66.1007190792906
CHL,2011,68.6502919535999
CHL,2012,68.7794974165082
CHL,2013,68.8419518588406
CHL,2014,68.8459541557848
CHL,2015,68.8110909659556
CHL,2016,68.7957087507807
CHL,2017,68.8509010584832
CHL,2018,68.9280916071827
CHL,2019,68.97100513477
CHL,2020,68.9603700944275
CHL,2021,68.9469814817118
CHN,2011,72.7988185445213
CHN,2012,72.6134379386083
CHN,2013,72.3383307205597
CHN,2014,72.0051656801854
CHN,2015,71.6284345359877
CHN,2016,71.2044525051679
CHN,2017,70.6659121055216
CHN,2018,70.1553162360731
CHN,2019,69.74115264804
CHN,2020,69.3999249325134
CHN,2021,69.2124049434275
CIV,2011,54.3529774247885
CIV,2012,54.8848348311622
CIV,2013,55.3222585566853
CIV,2014,55.4196918298969
CIV,2015,55.2565346841825
CIV,2016,55.1553133893468
CIV,2017,55.1091077307627
CIV,2018,55.1358501698895
CIV,2019,55.2137233737626
CIV,2020,55.3233038967629
CIV,2021,55.5125937101364
CMR,2011,53.363960757113
CMR,2012,53.4430044043765
CMR,2013,53.5503581471515
CMR,2014,53.7621895990157
CMR,2015,53.994740112473
CMR,2016,54.1334317153056
CMR,2017,54.2143740534314
CMR,2018,54.311618102486
CMR,2019,54.4719742477239
CMR,2020,54.6793776767362
CMR,2021,54.9180882270139
COD,2011,50.8868579478009
COD,2012,50.9083464819355
COD,2013,50.9022746520143
COD,2014,50.8944789553473
COD,2015,50.8833816366305
COD,2016,50.9689468041245
COD,2017,51.0731408298973
COD,2018,51.0356303771569
COD,2019,50.9289970562073
COD,2020,50.8613314066326
COD,2021,50.832061912679
COG,2011,56.6438901765051
COG,2012,56.352160659853
COG,2013,55.9893261389154
COG,2014,55.6797792551267
COG,2015,55.4321113712672
COG,2016,55.2790445101767
COG,2017,55.2299836423435
COG,2018,55.2471969415942
COG,2019,55.3301240719353
COG,2020,55.4746344404511
COG,2021,55.658794032704
COL,2011,67.0813686126444
COL,2012,67.4426133978595
COL,2013,67.7967037079735
COL,2014,68.1178419736866
COL,2015,68.40138641436
COL,2016,68.6955683932159
COL,2017,69.041951439359
COL,2018,69.4027046556989
COL,2019,69.6869318607033
COL,2020,69.8711687670931
COL,2021,69.9880002555668
COM,2011,54.7959302812938
COM,2012,55.3455359546499
COM,2013,55.684957824165
COM,2014,55.8210266302648
COM,2015,55.9251502032526
COM,2016,56.046719811902
COM,2017,56.3103838597961
COM,2018,56.6662994595575
COM,2019,56.9788374452375
COM,2020,57.2645102899845
COM,2021,57.5402924437269
CPV,2011,63.8459741145946
CPV,2012,64.647967106484
CPV,2013,65.2871296793401
CPV,2014,65.7685397271852
CPV,2015,66.0728522122158
CPV,2016,66.1794989605983
CPV,2017,66.1254881622483
CPV,2018,65.9876513152128
CPV,2019,65.8103224250346
CPV,2020,65.6218093007396
CPV,2021,65.871800777704
CRI,2011,68.0458814885485
CRI,2012,68.2454627622799
CRI,2013,68.4238638023794
CRI,2014,68.5844636980952
CRI,2015,68.7112504393645
CRI,2016,68.8045144876282
CRI,2017,68.8412507833526
CRI,2018,68.8109769257363
CRI,2019,68.7652107333185
CRI,2020,68.778633459931
CRI,2021,68.8374526616913
CUB,2011,69.541831839131
CUB,2012,69.4125956020058
CUB,2013,69.2751590025551
CUB,2014,69.177554524277
CUB,2015,69.1005980497939
CUB,2016,69.0352774443146
CUB,2017,68.9697496290173
CUB,2018,68.8443538601961
CUB,2019,68.6787371406008
CUB,2020,68.5249769289699
CUB,2021,68.4894721744236
CUW,2011,67.7273185928888
CUW,2012,67.803157436758
CUW,2013,67.6762165177887
CUW,2014,67.5104679840269
CUW,2015,67.3171800350515
CUW,2016,67.1378123463412
CUW,2017,67.0164850815353
CUW,2018,68.5651504679665
CUW,2019,69.3668455179036
CUW,2020,68.7533104887092
CUW,2021,68.7172347549706
CYM,2011,76.3543830307608
CYM,2012,76.2485670030016
CYM,2013,76.2100417696701
CYM,2014,76.1911885705737
CYM,2015,76.1787727622987
CYM,2016,76.175307644155
CYM,2017,76.1518853964097
CYM,2018,76.1064899416899
CYM,2019,76.0682935523638
CYM,2020,76.0812119182639
CYM,2021,75.8905965838177
CYP,2011,71.8255025654333
CYP,2012,71.8250518921878
CYP,2013,71.7655281929563
CYP,2014,71.6676353521237
CYP,2015,71.5197152279025
CYP,2016,71.326455758874
CYP,2017,71.117190760722
CYP,2018,70.908704590838
CYP,2019,70.6890608830614
CYP,2020,70.4395285842361
CYP,2021,70.1591161068193
CZE,2011,69.5092644845973
CZE,2012,68.7404703476191
CZE,2013,67.9917611396456
CZE,2014,67.2980768549652
CZE,2015,66.6295181305301
CZE,2016,65.9601528606104
CZE,2017,65.3001802474571
CZE,2018,64.6915656051411
CZE,2019,64.1400490294769
CZE,2020,63.7032085719896
CZE,2021,63.3939300705344
DEU,2011,65.8994933869984
DEU,2012,65.9715437998931
DEU,2013,65.9544693115349
DEU,2014,65.8621937797938
DEU,2015,65.7365353514053
DEU,2016,65.5385099359924
DEU,2017,65.2493405041228
DEU,2018,64.9876223341919
DEU,2019,64.709009583285
DEU,2020,64.3935455490144
DEU,2021,64.007731691245
DJI,2011,60.3106822728195
DJI,2012,60.6448943493518
DJI,2013,60.9950808494305
DJI,2014,61.3899228845612
DJI,2015,61.8426404446479
DJI,2016,62.3549009158167
DJI,2017,62.9089421576058
DJI,2018,63.4764834188838
DJI,2019,64.0188976117585
DJI,2020,64.5163698319336
DJI,2021,64.9610969205742
DMA,2011,65.9908621576025
DMA,2012,66.5706948312656
DMA,2013,67.3886538047766
DMA,2014,68.2001619939465
DMA,2015,68.6784547649482
DMA,2016,68.6825224655743
DMA,2017,68.4830611783084
DMA,2018,68.6869724017045
DMA,2019,68.8415671658282
DMA,2020,68.9683749426546
DMA,2021,69.0634207315259
DNK,2011,65.1391017778439
DNK,2012,64.8353207706159
DNK,2013,64.6171531249485
DNK,2014,64.4747664425739
DNK,2015,64.3803658918722
DNK,2016,64.2825644561006
DNK,2017,64.1478791251183
DNK,2018,64.0075911860982
DNK,2019,63.8569667124335
DNK,2020,63.6927358686314
DNK,2021,63.5779425764326
DOM,2011,64.3475774741679
DOM,2012,64.572136132279
DOM,2013,64.7350689743038
DOM,2014,64.8892119186343
DOM,2015,65.0659009361821
DOM,2016,65.2322227997638
DOM,2017,65.3577258050953
DOM,2018,65.4341030676578
DOM,2019,65.4731826616995
DOM,2020,65.5074489249021
DOM,2021,65.5342478167008
DZA,2011,67.5684816420113
DZA,2012,67.3421404984508
DZA,2013,66.9223817569513
DZA,2014,66.3589408507156
DZA,2015,65.7623256885407
DZA,2016,65.1739647385905
DZA,2017,64.587146212269
DZA,2018,64.0409495016296
DZA,2019,63.5858047801217
DZA,2020,63.2634495033399
DZA,2021,63.0690613740293
ECU,2011,63.0970415320431
ECU,2012,63.3757966282722
ECU,2013,63.6707396710756
ECU,2014,63.9831015967478
ECU,2015,64.3119900284178
ECU,2016,64.6722079914688
ECU,2017,65.0447019080708
ECU,2018,65.4040358199557
ECU,2019,65.732908693337
ECU,2020,66.0443856227703
ECU,2021,66.352985667233
EGY,2011,62.1480040537446
EGY,2012,62.0961057401256
EGY,2013,62.0110954010074
EGY,2014,61.9034207116198
EGY,2015,61.7368302860934
EGY,2016,61.6008772488617
EGY,2017,61.5289800193223
EGY,2018,61.5446717092144
EGY,2019,61.6643683303097
EGY,2020,61.8346774314352
EGY,2021,62.0672499568481
ERI,2011,53.9711887836691
ERI,2012,54.110906248081
ERI,2013,54.2121198863959
ERI,2014,54.1210869507273
ERI,2015,53.9621052143488
ERI,2016,53.9574224453051
ERI,2017,54.0862800193122
ERI,2018,54.4596909163716
ERI,2019,54.941278207416
ERI,2020,55.5062854906639
ERI,2021,56.1255310530798
ESP,2011,67.8223406857849
ESP,2012,67.4834730652077
ESP,2013,67.0770392025555
ESP,2014,66.6930927877804
ESP,2015,66.4614550787613
ESP,2016,66.3143685616246
ESP,2017,66.1865982307919
ESP,2018,66.1319737035927
ESP,2019,66.1693765330282
ESP,2020,66.2408766587242
ESP,2021,66.2783015470184
EST,2011,66.9955155261488
EST,2012,66.5458455061787
EST,2013,66.0628361595682
EST,2014,65.5532115284544
EST,2015,65.0969209844087
EST,2016,64.6626626611412
EST,2017,64.2570788686562
EST,2018,63.9606434212114
EST,2019,63.6685115518553
EST,2020,63.3615345768253
EST,2021,63.1847055320839
ETH,2011,52.0383522399417
ETH,2012,52.5662496261565
ETH,2013,53.1134705274755
ETH,2014,53.6668811752551
ETH,2015,54.2131245567384
ETH,2016,54.7458515074501
ETH,2017,55.2530672521534
ETH,2018,55.7047451273376
ETH,2019,56.1010549033282
ETH,2020,56.4801956284521
ETH,2021,56.8415943336368
FIN,2011,65.6919391690164
FIN,2012,65.1075093394932
FIN,2013,64.5043907459626
FIN,2014,63.9319576160027
FIN,2015,63.4339270226978
FIN,2016,63.0282055999224
FIN,2017,62.6552811381026
FIN,2018,62.3153408434214
FIN,2019,62.0624967514881
FIN,2020,61.8489868728584
FIN,2021,61.6707046917791
FJI,2011,64.8892072572656
FJI,2012,65.0100528079823
FJI,2013,65.0830875672844
FJI,2014,65.1216318497098
FJI,2015,65.1603347783204
FJI,2016,65.2171098582846
FJI,2017,65.2999128715544
FJI,2018,65.4160579166576
FJI,2019,65.5568179892983
FJI,2020,65.7076297074308
FJI,2021,65.8882134064062
FRA,2011,64.4012852086265
FRA,2012,63.9822023210968
FRA,2013,63.6262148936628
FRA,2014,63.2660590407766
FRA,2015,62.9034115542196
FRA,2016,62.632173096763
FRA,2017,62.3980765439097
FRA,2018,62.1793955597294
FRA,2019,61.9811666181521
FRA,2020,61.8134010588151
FRA,2021,61.7040398746753
FRO,2011,63.2964075603955
FRO,2012,63.0616955355472
FRO,2013,62.7450574260297
FRO,2014,62.2946762767965
FRO,2015,62.0419892214711
FRO,2016,61.9284163763946
FRO,2017,61.7409390362837
FRO,2018,61.6530156366344
FRO,2019,61.637876990442
FRO,2020,61.563328991281
FRO,2021,61.5403377110694
FSM,2011,61.2727255845048
FSM,2012,61.4658448419687
FSM,2013,61.7001401214386
FSM,2014,61.9091110373076
FSM,2015,62.0831436179754
FSM,2016,62.1639338250462
FSM,2017,62.169407616812
FSM,2018,62.1797933754589
FSM,2019,62.1592825665113
FSM,2020,62.1990416213999
FSM,2021,62.2228990947328
GAB,2011,58.6804767381534
GAB,2012,58.9065290587228
GAB,2013,59.1230221135423
GAB,2014,59.299651056321
GAB,2015,59.4011630143124
GAB,2016,59.4196750378278
GAB,2017,59.3743798970745
GAB,2018,59.3016599109305
GAB,2019,59.2317653240247
GAB,2020,59.1889307348553
GAB,2021,59.1823317998487
GBR,2011,65.6678825334919
GBR,2012,65.2614604980162
GBR,2013,64.8698524669935
GBR,2014,64.5811849432514
GBR,2015,64.349417600625
GBR,2016,64.1335648731091
GBR,2017,63.9059468954247
GBR,2018,63.6924638374832
GBR,2019,63.5198822523142
GBR,2020,63.4278786786019
GBR,2021,63.4465589396069
GEO,2011,67.7397638084288
GEO,2012,67.6326862206997
GEO,2013,67.3865651560398
GEO,2014,66.9676005173329
GEO,2015,66.4359840145481
GEO,2016,65.8971898365452
GEO,2017,65.3998342675011
GEO,2018,64.9358595812196
GEO,2019,64.4923615039024
GEO,2020,64.1121823294811
GEO,2021,63.8378060056736
GHA,2011,57.6207445631147
GHA,2012,57.706675235943
GHA,2013,57.7912847870327
GHA,2014,57.8927979928387
GHA,2015,58.0343822372177
GHA,2016,58.2304936670168
GHA,2017,58.4792804696985
GHA,2018,58.7468098211202
GHA,2019,59.0123019186988
GHA,2020,59.306835725214
GHA,2021,59.6173505277661
GIB,2011,65.7154137713203
GIB,2012,65.475038246589
GIB,2013,65.1793566304096
GIB,2014,64.8386310303843
GIB,2015,64.520599533027
GIB,2016,64.335903263663
GIB,2017,64.2833155689235
GIB,2018,64.3039536351638
GIB,2019,64.3911647038936
GIB,2020,64.5163519752301
GIB,2021,64.6038227274577
GIN,2011,52.13738445182
GIN,2012,52.4176606123995
GIN,2013,52.6752447959336
GIN,2014,52.9287869421954
GIN,2015,53.1930038658731
GIN,2016,53.440739400134
GIN,2017,53.6638744858065
GIN,2018,53.8882234347498
GIN,2019,54.1370890415215
GIN,2020,54.4109522695187
GIN,2021,54.6990546597345
GMB,2011,53.0717943767553
GMB,2012,53.2544138315678
GMB,2013,53.4267554797358
GMB,2014,53.6241388422788
GMB,2015,53.834249856936
GMB,2016,54.0527842236268
GMB,2017,54.2934408794508
GMB,2018,54.5641373343913
GMB,2019,54.8603411531217
GMB,2020,55.1896892099263
GMB,2021,55.554725244608
GNB,2011,54.1727647907298
GNB,2012,54.3539743002447
GNB,2013,54.5348304483621
GNB,2014,54.7248973004484
GNB,2015,54.9366021506821
GNB,2016,55.1710293202088
GNB,2017,55.443705793839
GNB,2018,55.7568994377441
GNB,2019,56.0881101552272
GNB,2020,56.4395965737077
GNB,2021,56.8112455475567
GNQ,2011,58.3918320904822
GNQ,2012,58.4263573622537
GNQ,2013,58.4466260293652
GNQ,2014,58.4350928953746
GNQ,2015,58.4095581402867
GNQ,2016,58.3936265155624
GNQ,2017,58.3969295866507
GNQ,2018,58.4494643106812
GNQ,2019,58.5734625731285
GNQ,2020,58.6219904414209
GNQ,2021,58.6438433544947
GRC,2011,65.8451124997845
GRC,2012,65.4403133152416
GRC,2013,65.0482485111407
GRC,2014,64.7156591244612
GRC,2015,64.4361225877416
GRC,2016,64.1636112798065
GRC,2017,63.9236489103791
GRC,2018,63.7348406022322
GRC,2019,63.5769463955355
GRC,2020,63.4362736718399
GRC,2021,63.1383476119661
GRD,2011,66.6757376493366
GRD,2012,66.8972152392606
GRD,2013,67.1032805519575
GRD,2014,67.3175240840609
GRD,2015,67.5673201018522
GRD,2016,67.7286545644055
GRD,2017,67.839013149916
GRD,2018,67.9612070083239
GRD,2019,68.032832822476
GRD,2020,68.1139924876011
GRD,2021,68.2043920728441
GRL,2011,70.8786036650274
GRL,2012,71.034555637747
GRL,2013,71.1376143542194
GRL,2014,71.1836647499688
GRL,2015,71.1733100087467
GRL,2016,71.1216353614812
GRL,2017,71.0215619482442
GRL,2018,70.8561085004503
GRL,2019,70.5896512374296
GRL,2020,70.2823669968527
GRL,2021,69.9713605096223
GTM,2011,57.388835025771
GTM,2012,57.9383453416222
GTM,2013,58.4664825867373
GTM,2014,58.9667208167469
GTM,2015,59.4359269367157
GTM,2016,59.8961168521756
GTM,2017,60.3424312037219
GTM,2018,60.7606992532509
GTM,2019,61.1806848214015
GTM,2020,61.6502064214905
GTM,2021,62.1568682212309
GUM,2011,65.7454831484962
GUM,2012,65.7684549736819
GUM,2013,65.7235044421615
GUM,2014,65.601621889465
GUM,2015,65.4008835416862
GUM,2016,65.1270903926422
GUM,2017,64.7819438497768
GUM,2018,64.3710485955514
GUM,2019,63.9050603184021
GUM,2020,63.4011272956006
GUM,2021,62.8904293654187
GUY,2011,63.6643557018467
GUY,2012,64.0113709376468
GUY,2013,64.2139591998363
GUY,2014,64.3505487060296
GUY,2015,64.4153583181445
GUY,2016,64.4098340903257
GUY,2017,64.3353067132002
GUY,2018,64.8078372268274
GUY,2019,64.9468529650288
GUY,2020,64.5321285998503
GUY,2021,64.4780632803667
HKG,2011,74.6727743972587
HKG,2012,74.4871693212986
HKG,2013,74.0951580564497
HKG,2014,73.6094696625815
HKG,2015,73.0763745892758
HKG,2016,72.5100177044859
HKG,2017,71.8759568222049
HKG,2018,71.2239751252594
HKG,2019,70.5644998078365
HKG,2020,69.8975753165571
HKG,2021,69.1624998338255
HND,2011,59.4687095717002
HND,2012,60.0397368858438
HND,2013,60.592472222855
HND,2014,61.1323415301956
HND,2015,61.6653017303207
HND,2016,62.1810795994212
HND,2017,62.6597879577538
HND,2018,63.0886349044908
HND,2019,63.4708932102134
HND,2020,63.825483721482
HND,2021,64.1540644341067
HRV,2011,66.9100271349628
HRV,2012,66.8433180453821
HRV,2013,66.7137862494026
HRV,2014,66.4871658325589
HRV,2015,66.146261641978
HRV,2016,65.7635720154282
HRV,2017,65.2937585801138
HRV,2018,64.7650804945653
HRV,2019,64.2827891136582
HRV,2020,63.8820518579105
HRV,2021,63.519292362808
HTI,2011,60.2227898637642
HTI,2012,60.5644835699086
HTI,2013,60.9058864817208
HTI,2014,61.2428523985044
HTI,2015,61.575062208731
HTI,2016,61.8858886841787
HTI,2017,62.1661899503353
HTI,2018,62.4331753305914
HTI,2019,62.6972382125323
HTI,2020,62.9647963935478
HTI,2021,63.242758901291
HUN,2011,68.7322393565328
HUN,2012,68.5314900042081
HUN,2013,68.2352317213276
HUN,2014,67.8503265083229
HUN,2015,67.4528577545496
HUN,2016,67.0502119558858
HUN,2017,66.6846693017279
HUN,2018,66.3242430335959
HUN,2019,65.8474599647003
HUN,2020,65.3516634491369
HUN,2021,65.0297164165967
IDN,2011,66.3459439088059
IDN,2012,66.4915446182363
IDN,2013,66.6471548360078
IDN,2014,66.8074162395304
IDN,2015,66.9524898064165
IDN,2016,67.077798038297
IDN,2017,67.1982866155746
IDN,2018,67.3141002204628
IDN,2019,67.4223673692444
IDN,2020,67.5576712934403
IDN,2021,67.7378359790672
IMN,2011,65.4335910881996
IMN,2012,64.9123431098779
IMN,2013,64.4224312616248
IMN,2014,64.0331376463927
IMN,2015,63.6560477551948
IMN,2016,63.355138619318
IMN,2017,63.1833893480367
IMN,2018,63.0674597729266
IMN,2019,63.0070334042034
IMN,2020,62.9952357444075
IMN,2021,63.0000416144009
IND,2011,64.1076284698584
IND,2012,64.4911322144707
IND,2013,64.8769968339134
IND,2014,65.2562148871274
IND,2015,65.6177857140772
IND,2016,65.9731160836743
IND,2017,66.3274225183491
IND,2018,66.6529850197096
IND,2019,66.944203338595
IND,2020,67.2377729174314
IND,2021,67.5490478920304
IRL,2011,66.9266273655847
IRL,2012,66.4288763887645
IRL,2013,66.0510609746196
IRL,2014,65.7693782746418
IRL,2015,65.5717708523171
IRL,2016,65.4546867857241
IRL,2017,65.3844318826392
IRL,2018,65.3471982002052
IRL,2019,65.3435974647567
IRL,2020,65.3365964179592
IRL,2021,65.3403436125284
IRN,2011,71.3834100127465
IRN,2012,71.2923376098067
IRN,2013,71.1183425569699
IRN,2014,70.8169422569891
IRN,2015,70.4023483018424
IRN,2016,69.9822148863528
IRN,2017,69.6037014420191
IRN,2018,69.281644819472
IRN,2019,69.0709368826133
IRN,2020,68.9964842123217
IRN,2021,69.0444241800148
IRQ,2011,55.9199937154523
IRQ,2012,56.0511596510963
IRQ,2013,56.1925448704153
IRQ,2014,56.359534193912
IRQ,2015,56.578440064531
IRQ,2016,56.8371861260833
IRQ,2017,57.1233026644764
IRQ,2018,57.4360991222178
IRQ,2019,57.7716971724032
IRQ,2020,58.1449271391287
IRQ,2021,58.5567231735918
ISL,2011,66.7158618398995
ISL,2012,66.5237088210497
ISL,2013,66.3391846810061
ISL,2014,66.1933513988016
ISL,2015,66.1278163114535
ISL,2016,66.1907152978409
ISL,2017,66.4230208874586
ISL,2018,66.7002499617406
ISL,2019,66.8280660217161
ISL,2020,66.7078998619802
ISL,2021,66.5075333395055
ISR,2011,61.8620075096816
ISR,2012,61.5194273809556
ISR,2013,61.2196796672353
ISR,2014,60.9836373216309
ISR,2015,60.7391726852478
ISR,2016,60.4867682488154
ISR,2017,60.2586178699757
ISR,2018,60.0955585952237
ISR,2019,59.9900386648577
ISR,2020,59.9126673678488
ISR,2021,59.8583662424971
ITA,2011,65.3052108613489
ITA,2012,65.0318565461314
ITA,2013,64.7515846412995
ITA,2014,64.4745737605598
ITA,2015,64.264608211041
ITA,2016,64.1355493804101
ITA,2017,64.0491957667784
ITA,2018,63.976292081862
ITA,2019,63.8719351973526
ITA,2020,63.7947913907968
ITA,2021,63.7233470647178
JAM,2011,67.7406231892957
JAM,2012,68.4009695465711
JAM,2013,69.0354914183958
JAM,2014,69.6493851093996
JAM,2015,70.1916016005515
JAM,2016,70.6496459857327
JAM,2017,71.0921922242404
JAM,2018,71.5255766866216
JAM,2019,71.9239669163888
JAM,2020,72.2937367238732
JAM,2021,72.640076062095
JOR,2011,60.969879514851
JOR,2012,61.3507351761256
JOR,2013,61.6110695338189
JOR,2014,61.7054155729991
JOR,2015,61.8721966857309
JOR,2016,62.1278912780178
JOR,2017,62.36793578723
JOR,2018,62.6409082280713
JOR,2019,62.9404777962745
JOR,2020,63.259407131604
JOR,2021,63.6021604582394
JPN,2011,63.0577639232849
JPN,2012,62.2912286364192
JPN,2013,61.4978527996995
JPN,2014,60.8030853939639
JPN,2015,60.2326202870854
JPN,2016,59.7647226208824
JPN,2017,59.4143459524436
JPN,2018,59.1635617451289
JPN,2019,59.0046702146202
JPN,2020,58.861072796091
JPN,2021,58.7347384818338
KAZ,2011,67.8924077269999
KAZ,2012,67.4460649900099
KAZ,2013,66.8757705834568
KAZ,2014,66.2340633863906
KAZ,2015,65.5648456945962
KAZ,2016,64.9216266124732
KAZ,2017,64.3439384372589
KAZ,2018,63.8881462741249
KAZ,2019,63.5059401428091
KAZ,2020,63.1406766523371
KAZ,2021,62.7412281334871
KEN,2011,54.4379122999773
KEN,2012,54.6416536087075
KEN,2013,54.906817591266
KEN,2014,55.2115563029999
KEN,2015,55.557898541993
KEN,2016,55.979618230588
KEN,2017,56.4460280213336
KEN,2018,56.9033995834156
KEN,2019,57.3842176977434
KEN,2020,57.9266087955257
KEN,2021,58.4939282822839
KGZ,2011,65.1866240894015
KGZ,2012,64.7498586417424
KGZ,2013,64.2367351156088
KGZ,2014,63.7320257066441
KGZ,2015,63.2310498606937
KGZ,2016,62.8678023099597
KGZ,2017,62.7005347701048
KGZ,2018,62.5187488212999
KGZ,2019,62.2170191568108
KGZ,2020,61.9762836597283
KGZ,2021,61.8818679657153
KHM,2011,63.2302352630489
KHM,2012,63.4508648344635
KHM,2013,63.5353273842827
KHM,2014,63.5438832095417
KHM,2015,63.5016253499872
KHM,2016,63.4382071107551
KHM,2017,63.387132974116
KHM,2018,63.3798695709733
KHM,2019,63.4032719741108
KHM,2020,63.483461320243
KHM,2021,63.6239992263601
KIR,2011,60.0311800989629
KIR,2012,60.3429696127676
KIR,2013,60.6490774210834
KIR,2014,60.9300551044209
KIR,2015,61.1492530924967
KIR,2016,61.2425935616739
KIR,2017,61.2079035872109
KIR,2018,61.093841510114
KIR,2019,60.9709450817258
KIR,2020,60.8898563826834
KIR,2021,60.8765588851586
KNA,2011,69.8936771496518
KNA,2012,70.3952543958497
KNA,2013,70.8884828655803
KNA,2014,71.3701713776041
KNA,2015,71.749402707725
KNA,2016,71.9476574366164
KNA,2017,71.9832945452227
KNA,2018,71.900826446281
KNA,2019,71.7272078634335
KNA,2020,71.4988265414977
KNA,2021,71.3170669118748
KOR,2011,72.8572203956821
KOR,2012,73.1085643578894
KOR,2013,73.2416718608572
KOR,2014,73.275082277705
KOR,2015,73.2814791976092
KOR,2016,73.2815119171004
KOR,2017,73.1104702951829
KOR,2018,72.8334079576546
KOR,2019,72.5261052970989
KOR,2020,72.0631744683847
KOR,2021,71.5403701724822
KWT,2011,75.6588364871268
KWT,2012,75.9889871966797
KWT,2013,75.9383803730373
KWT,2014,75.8466988891271
KWT,2015,75.7839316888402
KWT,2016,75.7525216840981
KWT,2017,75.6988166008755
KWT,2018,75.6801466442691
KWT,2019,75.6188018374256
KWT,2020,75.3845896861557
KWT,2021,76.488172940313
LAO,2011,60.5671281348273
LAO,2012,61.1389085835234
LAO,2013,61.6652381963263
LAO,2014,62.1691538102524
LAO,2015,62.6351152820299
LAO,2016,63.0378564157826
LAO,2017,63.3704452186596
LAO,2018,63.6499839717622
LAO,2019,63.9017051908735
LAO,2020,64.1514210955985
LAO,2021,64.4114834802021
LBN,2011,67.8203413820647
LBN,2012,67.9317945765853
LBN,2013,67.9852036320067
LBN,2014,67.991318090046
LBN,2015,67.4143128379603
LBN,2016,66.2812994247484
LBN,2017,65.2063804518348
LBN,2018,64.2077418407169
LBN,2019,63.3120025320152
LBN,2020,62.9297413938611
LBN,2021,63.0959048351806
LBR,2011,54.0719374932853
LBR,2012,54.3794613522596
LBR,2013,54.3063418204644
LBR,2014,54.317124873762
LBR,2015,54.4159576566323
LBR,2016,54.550690469021
LBR,2017,54.6785684124387
LBR,2018,54.8464060495971
LBR,2019,55.0727285542488
LBR,2020,55.4018879830879
LBR,2021,55.8111091484588
LBY,2011,65.0988703971795
LBY,2012,64.1079955707154
LBY,2013,64.3027737478901
LBY,2014,64.4401576630384
LBY,2015,64.4962096702152
LBY,2016,64.5940807362587
LBY,2017,64.8017638828572
LBY,2018,65.1208644930479
LBY,2019,65.4919610863566
LBY,2020,65.8907323772578
LBY,2021,66.3183804181397
LCA,2011,69.0019266476912
LCA,2012,69.6201614842412
LCA,2013,70.1543244591722
LCA,2014,70.6497988669938
LCA,2015,71.1336758059398
LCA,2016,71.568951185908
LCA,2017,71.9145183790589
LCA,2018,72.1803555590706
LCA,2019,72.3952572729601
LCA,2020,72.5571597274622
LCA,2021,72.7137271596778
LIE,2011,69.8975723403962
LIE,2012,69.642442376795
LIE,2013,69.3429964779193
LIE,2014,68.979482004709
LIE,2015,68.6617647058824
LIE,2016,68.289246311312
LIE,2017,67.8854968890768
LIE,2018,67.4757727159474
LIE,2019,67.0720603537981
LIE,2020,66.7694172878995
LIE,2021,66.426339514394
LKA,2011,67.0063893423443
LKA,2012,66.8511754056245
LKA,2013,66.6806889722923
LKA,2014,66.492093080501
LKA,2015,66.3165734018565
LKA,2016,66.1761491978432
LKA,2017,66.0772312982869
LKA,2018,66.010996751107
LKA,2019,65.9700520980039
LKA,2020,65.9468366164111
LKA,2021,65.9383621554748
LSO,2011,59.3528132198019
LSO,2012,59.4474561832758
LSO,2013,59.496042798847
LSO,2014,59.4751955324989
LSO,2015,59.4736368208574
LSO,2016,59.5470287107437
LSO,2017,59.7050313370595
LSO,2018,59.926850256205
LSO,2019,60.1484652771979
LSO,2020,60.3689225851194
LSO,2021,60.6177776048378
LTU,2011,67.1777759104206
LTU,2012,67.084553426923
LTU,2013,66.993627044439
LTU,2014,66.8115157399781
LTU,2015,66.5062097265986
LTU,2016,66.0821066606207
LTU,2017,65.5868165853012
LTU,2018,65.2222782837189
LTU,2019,65.0326934181688
LTU,2020,64.9504098074069
LTU,2021,64.9429993871864
LUX,2011,68.6826049396048
LUX,2012,68.9684008305906
LUX,2013,69.0605655434262
LUX,2014,69.1279915294304
LUX,2015,69.2426817619957
LUX,2016,69.4058844296374
LUX,2017,69.5106668868415
LUX,2018,69.5280060384706
LUX,2019,69.5105964077186
LUX,2020,69.440387442376
LUX,2021,69.3493722999841
LVA,2011,67.2837068431312
LVA,2012,66.9611259226785
LVA,2013,66.4975087058683
LVA,2014,65.9121509977439
LVA,2015,65.3585402860759
LVA,2016,64.8189694891939
LVA,2017,64.3170163194162
LVA,2018,63.9690120502929
LVA,2019,63.6525649819278
LVA,2020,63.329999339864
LVA,2021,63.1497512445726
MAC,2011,80.5548679061728
MAC,2012,80.2835326851597
MAC,2013,79.6751694800607
MAC,2014,79.0006291946309
MAC,2015,78.3187796438003
MAC,2016,77.6817068585387
MAC,2017,77.0198799946486
MAC,2018,76.217568445532
MAC,2019,75.2676705803802
MAC,2020,74.3158243011478
MAC,2021,73.557823854194
MAF,2011,67.0340046130812
MAF,2012,66.6979651513729
MAF,2013,66.48449296471
MAF,2014,66.4690725090453
MAF,2015,66.4815756375605
MAF,2016,66.418291862811
MAF,2017,66.5137427892772
MAF,2018,66.0446517827391
MAF,2019,63.6525469481855
MAF,2020,62.4756181966904
MAF,2021,63.0469610493642
MAR,2011,65.7630625364839
MAR,2012,65.8772894808751
MAR,2013,65.991953076473
MAR,2014,66.0797555195502
MAR,2015,66.1307172558412
MAR,2016,66.1624198581765
MAR,2017,66.1569857377868
MAR,2018,66.1084881706797
MAR,2019,66.0482046040394
MAR,2020,66.0303401948732
MAR,2021,66.0542531523781
MCO,2011,58.2919680075415
MCO,2012,56.8955086283887
MCO,2013,55.6521003187858
MCO,2014,54.5795504871568
MCO,2015,53.6115569823435
MCO,2016,52.8047537289409
MCO,2017,52.1670470831785
MCO,2018,51.4670615523726
MCO,2019,51.1677031672308
MCO,2020,50.7404633316251
MCO,2021,49.8961767072443
MDA,2011,72.0969137534275
MDA,2012,72.1829774166136
MDA,2013,71.9494974312337
MDA,2014,71.1653482250474
MDA,2015,70.0589368131714
MDA,2016,68.983696924511
MDA,2017,68.0235384558779
MDA,2018,67.1972110865303
MDA,2019,66.4191106875943
MDA,2020,65.7164519859204
MDA,2021,65.1563102257656
MDG,2011,53.6783158068713
MDG,2012,54.0856517127504
MDG,2013,54.5107020051046
MDG,2014,54.9016796242728
MDG,2015,55.2402498908382
MDG,2016,55.5455025357901
MDG,2017,55.8156972159696
MDG,2018,56.0492179538872
MDG,2019,56.2569911629362
MDG,2020,56.4572904886486
MDG,2021,56.6577985720494
MDV,2011,70.7806804861992
MDV,2012,71.4625482785186
MDV,2013,71.972814791393
MDV,2014,72.3732341755779
MDV,2015,72.7749828332796
MDV,2016,73.2207629909679
MDV,2017,73.6693382094626
MDV,2018,74.097043216159
MDV,2019,74.4968025407448
MDV,2020,74.8871033431351
MDV,2021,75.3045363443239
MEX,2011,64.4415301032565
MEX,2012,64.6984476739343
MEX,2013,64.9234762415024
MEX,2014,65.1410033743916
MEX,2015,65.3713988069245
MEX,2016,65.6181532325894
MEX,2017,65.8682302477857
MEX,2018,66.1073972501309
MEX,2019,66.3185850415085
MEX,2020,66.5296254239814
MEX,2021,66.7529844097424
MHL,2011,58.1958291191061
MHL,2012,58.408370446722
MHL,2013,58.7991555020619
MHL,2014,59.2537553217126
MHL,2015,59.7381174373213
MHL,2016,60.1815171141713
MHL,2017,60.566528401642
MHL,2018,60.942917080711
MHL,2019,61.3386658789042
MHL,2020,61.7458700666175
MHL,2021,61.7049822322141
MKD,2011,69.1461987100366
MKD,2012,69.1426503923837
MKD,2013,68.9591860049273
MKD,2014,68.7390615884657
MKD,2015,68.5500811466163
MKD,2016,68.3122503676847
MKD,2017,67.9961161917142
MKD,2018,67.562678785047
MKD,2019,66.9991320803039
MKD,2020,66.4419445244978
MKD,2021,66.0536192522584
MLI,2011,49.8881006999281
MLI,2012,49.6228629626086
MLI,2013,49.4139790596757
MLI,2014,49.3753963072633
MLI,2015,49.3759056489042
MLI,2016,49.4281689617574
MLI,2017,49.5343526921363
MLI,2018,49.6819285971581
MLI,2019,49.8960730509992
MLI,2020,50.1900573945124
MLI,2021,50.5136301213243
MLT,2011,69.2825611092991
MLT,2012,68.7511207530054
MLT,2013,68.1661327685099
MLT,2014,67.7141532091479
MLT,2015,67.4423935430878
MLT,2016,67.1891782660361
MLT,2017,67.1569397470627
MLT,2018,67.4529854558025
MLT,2019,67.8634883252598
MLT,2020,68.1674197448314
MLT,2021,68.00171251
MMR,2011,66.8368460265537
MMR,2012,67.1575927064962
MMR,2013,67.4581949830249
MMR,2014,67.6970652494853
MMR,2015,67.8674858258047
MMR,2016,68.0094410220225
MMR,2017,68.1401536697086
MMR,2018,68.2443282784871
MMR,2019,68.3076557112743
MMR,2020,68.3464361199178
MMR,2021,68.3772458748557
MNE,2011,67.6701373110738
MNE,2012,67.6981721753954
MNE,2013,67.5955164422124
MNE,2014,67.347085846695
MNE,2015,66.9715591145357
MNE,2016,66.6210651687589
MNE,2017,66.2702069863017
MNE,2018,65.856413254411
MNE,2019,65.3815437006931
MNE,2020,64.9212498046666
MNE,2021,64.6004267612596
MNG,2011,68.1901609019881
MNG,2012,68.0762622524602
MNG,2013,67.7570641546867
MNG,2014,67.2583455385159
MNG,2015,66.6300187920446
MNG,2016,65.9081521646192
MNG,2017,65.1412012251141
MNG,2018,64.3450654827184
MNG,2019,63.5207736361981
MNG,2020,62.9278480776094
MNG,2021,62.6443179783416
MNP,2011,70.4347258363879
MNP,2012,70.444640643198
MNP,2013,70.406383865954
MNP,2014,70.326858763667
MNP,2015,70.2330457064653
MNP,2016,70.1544127784452
MNP,2017,70.1382147182161
MNP,2018,70.2029463903662
MNP,2019,70.3764881879948
MNP,2020,70.3122369971385
MNP,2021,69.8461014495839
MOZ,2011,51.4582897004821
MOZ,2012,51.437574807615
MOZ,2013,51.4435359067327
MOZ,2014,51.4890275597917
MOZ,2015,51.5651798295306
MOZ,2016,51.6509731306766
MOZ,2017,51.7484906258943
MOZ,2018,51.8335272345336
MOZ,2019,51.9043292850646
MOZ,2020,52.004506412617
MOZ,2021,52.1299790587805
MRT,2011,52.4182788597103
MRT,2012,52.1745719990473
MRT,2013,52.0748966645454
MRT,2014,52.1390271854315
MRT,2015,52.2134686986765
MRT,2016,52.3037720444574
MRT,2017,52.4143770976081
MRT,2018,52.5508076312595
MRT,2019,52.7171314687531
MRT,2020,52.9241015092831
MRT,2021,53.1643552537665
MUS,2011,72.0105934459953
MUS,2012,72.1949393796008
MUS,2013,72.2340370732856
MUS,2014,72.2508706432524
MUS,2015,72.2583535786293
MUS,2016,72.2217039975507
MUS,2017,72.1965591114589
MUS,2018,72.2057581526241
MUS,2019,72.2329293227705
MUS,2020,72.2441851494245
MUS,2021,72.2163589524575
MWI,2011,50.3256873679682
MWI,2012,50.5189668696999
MWI,2013,50.7835676010532
MWI,2014,51.1134469024467
MWI,2015,51.5010809988559
MWI,2016,51.9561943596496
MWI,2017,52.4613637188836
MWI,2018,52.9962331231173
MWI,2019,53.5661428783472
MWI,2020,54.174280465166
MWI,2021,54.8094108431188
MYS,2011,67.5007412890436
MYS,2012,67.7884774383133
MYS,2013,68.0468847881943
MYS,2014,68.2812916863332
MYS,2015,68.4748204191443
MYS,2016,68.6181245800623
MYS,2017,68.7308114044831
MYS,2018,68.8574738627401
MYS,2019,69.0435656266947
MYS,2020,69.314063209174
MYS,2021,69.6481154899357
NAM,2011,59.8546119529894
NAM,2012,59.8704169313249
NAM,2013,59.8920536335617
NAM,2014,59.9350774185889
NAM,2015,59.9581897734469
NAM,2016,59.9115575392555
NAM,2017,59.7812875346101
NAM,2018,59.6109379234645
NAM,2019,59.4533208803112
NAM,2020,59.2853021416492
NAM,2021,59.0999440500472
NCL,2011,66.6764212086253
NCL,2012,66.7963759926077
NCL,2013,66.8687821054685
NCL,2014,66.9189562075851
NCL,2015,67.0022742682789
NCL,2016,67.1305786756897
NCL,2017,67.2546958870871
NCL,2018,67.3595705735679
NCL,2019,67.4121845094956
NCL,2020,67.4425928956124
NCL,2021,67.4616253059106
NER,2011,48.1350185019658
NER,2012,48.127986404713
NER,2013,48.1725183321064
NER,2014,48.241566402089
NER,2015,48.3639658330415
NER,2016,48.52866249228
NER,2017,48.711024050747
NER,2018,48.9209628832505
NER,2019,49.1669828740346
NER,2020,49.4543791262978
NER,2021,49.7819108861512
NGA,2011,52.534972840043
NGA,2012,52.5270788696892
NGA,2013,52.549360231945
NGA,2014,52.6058463638302
NGA,2015,52.709081986385
NGA,2016,52.8926220185148
NGA,2017,53.1559836470855
NGA,2018,53.4598457316183
NGA,2019,53.7983137946911
NGA,2020,54.1929528639579
NGA,2021,54.6149618714835
NIC,2011,61.8022766942582
NIC,2012,62.1920067768274
NIC,2013,62.5413060115449
NIC,2014,62.846399768301
NIC,2015,63.1222358152
NIC,2016,63.3800979693199
NIC,2017,63.6177363036804
NIC,2018,63.8501706228672
NIC,2019,64.0979157287315
NIC,2020,64.4168622540409
NIC,2021,64.7815844138997
NLD,2011,66.8305287911613
NLD,2012,66.3807718191341
NLD,2013,66.0375664309138
NLD,2014,65.7829993073729
NLD,2015,65.6050618465085
NLD,2016,65.4890558058781
NLD,2017,65.3662757423029
NLD,2018,65.248775211947
NLD,2019,65.1412740704822
NLD,2020,65.0100463629003
NLD,2021,64.8512129916232
NOR,2011,66.127471447423
NOR,2012,66.0309866129184
NOR,2013,65.9319176134364
NOR,2014,65.8376180924379
NOR,2015,65.744297773447
NOR,2016,65.6098291381007
NOR,2017,65.4370047012372
NOR,2018,65.2758388121435
NOR,2019,65.167513583566
NOR,2020,65.0607837656888
NOR,2021,64.9374857909645
NPL,2011,59.8406764748697
NPL,2012,60.2828354472857
NPL,2013,60.6470656972912
NPL,2014,61.0228245904277
NPL,2015,61.4713594693201
NPL,2016,61.8722917188777
NPL,2017,62.1528886706909
NPL,2018,62.4301946506601
NPL,2019,63.0119007793447
NPL,2020,63.8354856215394
NPL,2021,64.5282088114644
NRU,2011,61.6489230007428
NRU,2012,61.0158761079186
NRU,2013,60.6779499857374
NRU,2014,60.4561321852455
NRU,2015,60.2610918385978
NRU,2016,60.1793721973094
NRU,2017,60.2481455316143
NRU,2018,60.4530603354389
NRU,2019,60.365064296194
NRU,2020,59.8900626986172
NRU,2021,59.5037793056326
NZL,2011,65.9465094637427
NZL,2012,65.6846552552074
NZL,2013,65.4865980024927
NZL,2014,65.4645838819204
NZL,2015,65.5662654049205
NZL,2016,65.6566173959705
NZL,2017,65.6780741744094
NZL,2018,65.6292575548676
NZL,2019,65.5322656370177
NZL,2020,65.3602688024111
NZL,2021,65.0927086211955
OMN,2011,71.8894175469479
OMN,2012,74.6218289814047
OMN,2013,75.4747695109409
OMN,2014,75.2940269670568
OMN,2015,75.1763425366706
OMN,2016,75.3182592773313
OMN,2017,75.1697476735833
OMN,2018,74.534173648602
OMN,2019,73.4038901464767
OMN,2020,71.8368051805015
OMN,2021,70.6732743403733
PAK,2011,57.1395797438826
PAK,2012,57.2279328209218
PAK,2013,57.2671270798072
PAK,2014,57.331028476506
PAK,2015,57.4178688790589
PAK,2016,57.4997238618041
PAK,2017,57.611377824421
PAK,2018,57.7692684064018
PAK,2019,57.9268695957871
PAK,2020,58.1175150077395
PAK,2021,58.362142214514
PAN,2011,64.6143114215781
PAN,2012,64.6899366111189
PAN,2013,64.7636759134082
PAN,2014,64.8298521582369
PAN,2015,64.8908740567791
PAN,2016,64.9564237451839
PAN,2017,65.0242015347767
PAN,2018,65.0938653057126
PAN,2019,65.1881520310586
PAN,2020,65.316702152513
PAN,2021,65.4480767615447
PER,2011,63.7051205709866
PER,2012,63.8537658044574
PER,2013,63.9921870469901
PER,2014,64.1329645084282
PER,2015,64.2983458972473
PER,2016,64.5030119796406
PER,2017,64.7524640868538
PER,2018,65.116760333898
PER,2019,65.4853603481098
PER,2020,65.7782365403473
PER,2021,66.1055495371832
PHL,2011,61.3850819239797
PHL,2012,61.7186610350509
PHL,2013,62.0410797268429
PHL,2014,62.3216282458617
PHL,2015,62.6875930117321
PHL,2016,63.1300684825105
PHL,2017,63.5459353202846
PHL,2018,63.899758760509
PHL,2019,64.2071776686226
PHL,2020,64.592028512455
PHL,2021,65.1056206866521
PLW,2011,73.0327755497165
PLW,2012,73.0685879935831
PLW,2013,72.8581142339075
PLW,2014,72.4160316116286
PLW,2015,72.1376515940235
PLW,2016,72.0177558015396
PLW,2017,71.8560520997081
PLW,2018,71.6579191108367
PLW,2019,71.4546578267221
PLW,2020,71.2370728417266
PLW,2021,71.0088286565821
PNG,2011,60.0261586651103
PNG,2012,60.255364485565
PNG,2013,60.4884255990297
PNG,2014,60.7248997206645
PNG,2015,60.9608891251602
PNG,2016,61.1980348632949
PNG,2017,61.4449257270681
PNG,2018,61.6965689601702
PNG,2019,61.947219328526
PNG,2020,62.1903603755823
PNG,2021,62.4217908585089
POL,2011,71.1217900505102
POL,2012,70.8309123377924
POL,2013,70.4628284457914
POL,2014,70.0250512784321
POL,2015,69.5235017932482
POL,2016,68.9521816813071
POL,2017,68.3269085235055
POL,2018,67.6767403778615
POL,2019,67.0192549762975
POL,2020,66.4351589630372
POL,2021,66.0026656203027
PRI,2011,64.7670419224097
PRI,2012,65.1080154737987
PRI,2013,65.3329198515347
PRI,2014,65.4321091534349
PRI,2015,65.4208494690871
PRI,2016,65.3187601004888
PRI,2017,64.7845181617875
PRI,2018,64.3099473931846
PRI,2019,64.2849756753896
PRI,2020,64.1679678735456
PRI,2021,63.9680192794194
PRK,2011,68.7198658483955
PRK,2012,68.8632468984276
PRK,2013,69.0051598630156
PRK,2014,69.1474939267745
PRK,2015,69.2374943060408
PRK,2016,69.4384982617448
PRK,2017,69.7490755231046
PRK,2018,69.9359100865089
PRK,2019,69.9565715124061
PRK,2020,69.8327311825785
PRK,2021,69.6600902082142
PRT,2011,66.0859174471284
PRT,2012,65.8555190404398
PRT,2013,65.5944048254508
PRT,2014,65.3302452379704
PRT,2015,65.126992390842
PRT,2016,64.8902291547221
PRT,2017,64.6083708165567
PRT,2018,64.3500227062455
PRT,2019,64.0780142495373
PRT,2020,63.7995986507522
PRT,2021,63.5636491754777
PRY,2011,62.9391125069781
PRY,2012,63.3683047403022
PRY,2013,63.7406110712259
PRY,2014,64.0470518769036
PRY,2015,64.283971221134
PRY,2016,64.453349156346
PRY,2017,64.5619527974404
PRY,2018,64.6258511339338
PRY,2019,64.6699768444118
PRY,2020,64.7156887396906
PRY,2021,64.7905233579816
PSE,2011,55.5841937652875
PSE,2012,55.9078412445292
PSE,2013,56.1995735831012
PSE,2014,56.4627356961458
PSE,2015,56.6701131134906
PSE,2016,56.8426367209549
PSE,2017,56.9185550343498
PSE,2018,56.9225409060852
PSE,2019,56.9725227158673
PSE,2020,57.1178387168293
PSE,2021,57.3431169497133
PYF,2011,68.0184523437126
PYF,2012,68.1242184167114
PYF,2013,68.236707282671
PYF,2014,68.3735697164307
PYF,2015,68.5378923653847
PYF,2016,68.7225868846881
PYF,2017,68.874079971723
PYF,2018,69.1114323545336
PYF,2019,69.3920264054316
PYF,2020,69.4868360260593
PYF,2021,69.4900140104077
QAT,2011,84.9067616444408
QAT,2012,84.4749430685165
QAT,2013,84.2675120692734
QAT,2014,84.5362274677106
QAT,2015,85.0004150650272
QAT,2016,85.2115049327299
QAT,2017,85.1403706234452
QAT,2018,84.9008489965384
QAT,2019,84.2722328471747
QAT,2020,83.3551879431043
QAT,2021,83.1531782441238
ROU,2011,68.173303919419
ROU,2012,67.987473244784
ROU,2013,67.8443383194302
ROU,2014,67.5465618438621
ROU,2015,67.1333496502281
ROU,2016,66.7152920502478
ROU,2017,66.2634006422186
ROU,2018,65.8004680304066
ROU,2019,65.3516450135071
ROU,2020,64.8847498479951
ROU,2021,64.5750261544466
RUS,2011,72.0292797017845
RUS,2012,71.5757065534545
RUS,2013,71.0307780178912
RUS,2014,70.3612786579556
RUS,2015,69.6107173405512
RUS,2016,68.9243897445989
RUS,2017,68.3009219594445
RUS,2018,67.7832495905018
RUS,2019,67.2972984998669
RUS,2020,66.8593105362114
RUS,2021,66.546118958482
RWA,2011,55.0742533408022
RWA,2012,55.2987141803051
RWA,2013,55.5068130968671
RWA,2014,55.6992111665916
RWA,2015,55.8901563931752
RWA,2016,56.1025994818604
RWA,2017,56.3437544011522
RWA,2018,56.6302952050914
RWA,2019,56.9801057489909
RWA,2020,57.3677254660379
RWA,2021,57.7540684344595
SAU,2011,70.7168832641369
SAU,2012,71.3417737515747
SAU,2013,71.8696842780143
SAU,2014,72.3162048199076
SAU,2015,72.7032579683734
SAU,2016,72.8708364725954
SAU,2017,72.5539157080724
SAU,2018,71.9567949680951
SAU,2019,71.7987360634578
SAU,2020,71.9864782936657
SAU,2021,72.1749607532303
SDN,2011,52.7913848960646
SDN,2012,52.8584998831899
SDN,2013,53.0162925943029
SDN,2014,53.3408491772908
SDN,2015,53.7669785515879
SDN,2016,54.1594849545413
SDN,2017,54.6718018235881
SDN,2018,55.1467778096411
SDN,2019,55.4021203330087
SDN,2020,55.5761399455358
SDN,2021,55.7673796642365
SEN,2011,53.7310989404075
SEN,2012,53.7078017649908
SEN,2013,53.7401403808036
SEN,2014,53.8844213348809
SEN,2015,54.1120274086851
SEN,2016,54.3968395932547
SEN,2017,54.7454841926833
SEN,2018,55.161731926394
SEN,2019,55.629971072753
SEN,2020,56.1414662545808
SEN,2021,56.694618125052
SGP,2011,78.7713862675959
SGP,2012,78.8186833661434
SGP,2013,78.7282392629886
SGP,2014,78.546922809139
SGP,2015,78.3192236422757
SGP,2016,78.0308714909358
SGP,2017,77.6111451686482
SGP,2018,77.1869683023096
SGP,2019,76.8118792234851
SGP,2020,76.2405295018345
SGP,2021,75.5729505669556
SLB,2011,55.6995722901916
SLB,2012,55.8966817844637
SLB,2013,56.1019926211667
SLB,2014,56.3114759413073
SLB,2015,56.5263561223931
SLB,2016,56.7506342672656
SLB,2017,56.9933999006813
SLB,2018,57.2676529859639
SLB,2019,57.5433257295574
SLB,2020,57.8718814556923
SLB,2021,58.2545176546028
SLE,2011,53.7116985069163
SLE,2012,53.9481352692991
SLE,2013,54.2454656476793
SLE,2014,54.6121617681383
SLE,2015,55.0124579849396
SLE,2016,55.4233439877169
SLE,2017,55.8435428622692
SLE,2018,56.2651605393985
SLE,2019,56.6634454178749
SLE,2020,57.0479041038309
SLE,2021,57.4431392673784
SLV,2011,61.9201865576859
SLV,2012,62.5541893776144
SLV,2013,63.1773125178882
SLV,2014,63.7658396012952
SLV,2015,64.2917607348961
SLV,2016,64.7564156847839
SLV,2017,65.1496366761361
SLV,2018,65.4569293342278
SLV,2019,65.6988091655561
SLV,2020,65.9569342324021
SLV,2021,66.2417157632504
SMR,2011,67.3163604712612
SMR,2012,67.1492387910298
SMR,2013,66.9066032123736
SMR,2014,66.7017538657692
SMR,2015,66.5909560189965
SMR,2016,66.5881182032405
SMR,2017,66.6516376752574
SMR,2018,66.6695628249127
SMR,2019,66.6695524197039
SMR,2020,66.6522858334412
SMR,2021,66.3938101091908
SOM,2011,49.3125624046975
SOM,2012,49.7407003143889
SOM,2013,49.8627987074496
SOM,2014,49.9337568427461
SOM,2015,49.9860342210653
SOM,2016,50.0290373928303
SOM,2017,50.1241919295508
SOM,2018,50.2495828098604
SOM,2019,50.344165054007
SOM,2020,50.4301809531276
SOM,2021,50.5124604176556
SRB,2011,68.2442167761947
SRB,2012,68.098876897828
SRB,2013,67.7436627284965
SRB,2014,67.2902689526134
SRB,2015,66.7748162145044
SRB,2016,66.2812936644156
SRB,2017,65.7962638473577
SRB,2018,65.2458205597449
SRB,2019,64.6822977246048
SRB,2020,64.1681331223259
SRB,2021,63.8036743847863
SSD,2011,55.2820834227165
SSD,2012,55.5263038013283
SSD,2013,55.5725452054268
SSD,2014,54.9772865284136
SSD,2015,54.3829174387196
SSD,2016,53.7358881753838
SSD,2017,52.4297594338558
SSD,2018,52.5289151600364
SSD,2019,53.8126725447321
SSD,2020,54.8803721131261
SSD,2021,55.6038406814789
STP,2011,54.4006312971487
STP,2012,54.4449664535814
STP,2013,54.3990991340815
STP,2014,54.4125793451138
STP,2015,54.5081905827022
STP,2016,54.6984734042423
STP,2017,54.9716022331685
STP,2018,55.3069409620957
STP,2019,55.7042906950589
STP,2020,56.2254380054683
STP,2021,56.815611751614
SUR,2011,64.0511731295229
SUR,2012,64.2978637939829
SUR,2013,64.5829672067766
SUR,2014,64.8871253951784
SUR,2015,65.1878265623845
SUR,2016,65.468722618361
SUR,2017,65.7094421041816
SUR,2018,65.9011279998332
SUR,2019,66.0642358130505
SUR,2020,66.1833381919318
SUR,2021,66.2930331317892
SVK,2011,71.947544218498
SVK,2012,71.7045328186371
SVK,2013,71.3702712441166
SVK,2014,70.9768771615539
SVK,2015,70.5178405978439
SVK,2016,69.9313041813556
SVK,2017,69.2551309624215
SVK,2018,68.5861635146178
SVK,2019,67.9466053941882
SVK,2020,67.3811945998033
SVK,2021,66.9089610618438
SVN,2011,69.2279739789653
SVN,2012,68.7880511619956
SVN,2013,68.2843640336961
SVN,2014,67.7481374494419
SVN,2015,67.157989987121
SVN,2016,66.5706788630685
SVN,2017,65.9854248185375
SVN,2018,65.452513323996
SVN,2019,65.0408615176971
SVN,2020,64.7403622350344
SVN,2021,64.4067832697893
SWE,2011,64.6999145647294
SWE,2012,64.2350876804122
SWE,2013,63.7580854153169
SWE,2014,63.3172186453916
SWE,2015,62.9579789502128
SWE,2016,62.700911392201
SWE,2017,62.5219734831306
SWE,2018,62.3768470334521
SWE,2019,62.2726593946469
SWE,2020,62.2041144475448
SWE,2021,62.1530987776028
SWZ,2011,58.5969645747779
SWZ,2012,58.8848200871369
SWZ,2013,59.1550367702369
SWZ,2014,59.4682385534089
SWZ,2015,59.8218430407438
SWZ,2016,60.1487593599868
SWZ,2017,60.444597172582
SWZ,2018,60.7565725734529
SWZ,2019,61.0868194400419
SWZ,2020,61.4389935018795
SWZ,2021,61.7921031399556
SXM,2011,72.6369393293839
SXM,2012,72.7832107930616
SXM,2013,72.8440341384504
SXM,2014,72.8072208663403
SXM,2015,72.6805705669642
SXM,2016,72.4267301105911
SXM,2017,72.1154462579975
SXM,2018,71.807010475423
SXM,2019,71.4964899899714
SXM,2020,71.2357495580077
SXM,2021,71.0579490510211
SYC,2011,70.6742661609499
SYC,2012,70.9783711561838
SYC,2013,71.200626882484
SYC,2014,71.3810681814924
SYC,2015,71.5689245963098
SYC,2016,71.7349140874696
SYC,2017,71.8429373857587
SYC,2018,71.8967315716273
SYC,2019,71.8981219799321
SYC,2020,71.8328885785304
SYC,2021,71.6597215164143
SYR,2011,60.44733045553
SYR,2012,59.9091027421749
SYR,2013,58.2414342049348
SYR,2014,56.2502087067756
SYR,2015,55.2752903557743
SYR,2016,55.5171039698766
SYR,2017,56.2943219617629
SYR,2018,57.5981626169785
SYR,2019,59.4003650668233
SYR,2020,60.8639526516372
SYR,2021,62.0241136839542
TCA,2011,71.1113272385398
TCA,2012,71.6640209169857
TCA,2013,72.1956437761864
TCA,2014,72.5977175463623
TCA,2015,72.9176342029777
TCA,2016,73.1371525512202
TCA,2017,73.2439711869715
TCA,2018,73.2906625600058
TCA,2019,73.2946450290162
TCA,2020,73.24689369276
TCA,2021,73.1464188225933
TCD,2011,49.0667735946939
TCD,2012,49.159389775095
TCD,2013,49.2853284505433
TCD,2014,49.4190350426222
TCD,2015,49.4139321327334
TCD,2016,49.4357231441935
TCD,2017,49.5536991897526
TCD,2018,49.7052074391838
TCD,2019,49.8294508859726
TCD,2020,49.9863654933715
TCD,2021,50.2705463880168
TGO,2011,55.6281567746803
TGO,2012,55.5980957466944
TGO,2013,55.6021652495483
TGO,2014,55.6405425502651
TGO,2015,55.6964323825485
TGO,2016,55.7632202124407
TGO,2017,55.8493557173734
TGO,2018,55.9551727870637
TGO,2019,56.0742451791714
TGO,2020,56.2246787540613
TGO,2021,56.422234082496
THA,2011,71.4681993799836
THA,2012,71.6211926251962
THA,2013,71.6876647113235
THA,2014,71.6555591067219
THA,2015,71.5683231839936
THA,2016,71.4840033899878
THA,2017,71.3970271044959
THA,2018,71.2751569841428
THA,2019,71.119813854904
THA,2020,70.9348809059768
THA,2021,70.7171395974968
TJK,2011,60.1881418985862
TJK,2012,60.3349927452719
TJK,2013,60.5271432098208
TJK,2014,60.6802913328409
TJK,2015,60.7331753017178
TJK,2016,60.7416550497082
TJK,2017,60.7364494572167
TJK,2018,60.6510909193858
TJK,2019,60.4935946256262
TJK,2020,60.2954588429613
TJK,2021,60.1041285770808
TKM,2011,66.3707765944325
TKM,2012,66.6711227449281
TKM,2013,66.821369576187
TKM,2014,66.8288374385193
TKM,2015,66.7187894661482
TKM,2016,66.5059234681034
TKM,2017,66.2029908740674
TKM,2018,65.8261242841285
TKM,2019,65.4019223701781
TKM,2020,64.974966589505
TKM,2021,64.5856656124571
TLS,2011,54.0366553099308
TLS,2012,54.2325874427805
TLS,2013,54.5890419825752
TLS,2014,55.0785237542659
TLS,2015,55.6162128365245
TLS,2016,56.1642140450529
TLS,2017,56.7203242302687
TLS,2018,57.2835020561005
TLS,2019,57.8625759976694
TLS,2020,58.4586142263491
TLS,2021,59.0810127997979
TON,2011,56.7605129706841
TON,2012,56.8232683010809
TON,2013,56.92652518036
TON,2014,57.0566274892364
TON,2015,57.2609453791413
TON,2016,57.4594405064251
TON,2017,57.5541855906906
TON,2018,57.6470755400624
TON,2019,57.7725833849881
TON,2020,57.8925957986254
TON,2021,57.926618289024
TTO,2011,73.3726862621265
TTO,2012,73.2010195119137
TTO,2013,72.9691934254201
TTO,2014,72.6961227725935
TTO,2015,72.3901010958317
TTO,2016,72.0634838896443
TTO,2017,71.738036153344
TTO,2018,71.6096737307283
TTO,2019,71.3159659881446
TTO,2020,70.8098487296116
TTO,2021,70.5391312530773
TUN,2011,69.2853931993883
TUN,2012,69.169500582966
TUN,2013,68.9347454469317
TUN,2014,68.64122151217
TUN,2015,68.3260271819702
TUN,2016,67.9779030952694
TUN,2017,67.6324579587732
TUN,2018,67.2921528421048
TUN,2019,66.9427854850001
TUN,2020,66.6348757150563
TUN,2021,66.4809898392949
TUR,2011,67.2385009847645
TUR,2012,67.5506129393903
TUR,2013,67.8629529763027
TUR,2014,68.1990081161611
TUR,2015,68.5188387624971
TUR,2016,68.6855786915971
TUR,2017,68.7322045337867
TUR,2018,68.7066114748183
TUR,2019,68.5155348426091
TUR,2020,68.2662379795384
TUR,2021,68.1089016969559
TUV,2011,62.0436940488891
TUV,2012,62.1336137912113
TUV,2013,62.2471705831553
TUV,2014,62.4772396212673
TUV,2015,62.6516464471404
TUV,2016,62.8253808499931
TUV,2017,62.9680743398657
TUV,2018,62.9040509743733
TUV,2019,62.7114639448067
TUV,2020,62.6087792682341
TUV,2021,62.5938097807426
TZA,2011,51.9194028890295
TZA,2012,52.0201281031078
TZA,2013,52.1500522021607
TZA,2014,52.2929296769969
TZA,2015,52.525953864521
TZA,2016,52.8248609036268
TZA,2017,53.0736238495431
TZA,2018,53.2535161109898
TZA,2019,53.4064794475076
TZA,2020,53.6083841322846
TZA,2021,53.839348530772
UGA,2011,48.782405011779
UGA,2012,49.0159596213317
UGA,2013,49.2705614691801
UGA,2014,49.5886315846103
UGA,2015,49.9920100332933
UGA,2016,50.51846880571
UGA,2017,51.1141789506077
UGA,2018,51.6624784910471
UGA,2019,52.2003191305973
UGA,2020,52.7143590674189
UGA,2021,53.1816671977675
UKR,2011,71.1659513650314
UKR,2012,71.0053023956517
UKR,2013,70.7630587483478
UKR,2014,70.3752093063791
UKR,2015,69.7670395494619
UKR,2016,69.2108781249868
UKR,2017,68.6550169648912
UKR,2018,68.2325299304405
UKR,2019,67.9121159385835
UKR,2020,67.6202746084606
UKR,2021,67.4674594976279
URY,2011,63.713595351964
URY,2012,63.8868459894328
URY,2013,64.0250892510979
URY,2014,64.1471819927364
URY,2015,64.2445391457347
URY,2016,64.3219434418485
URY,2017,64.4238089089735
URY,2018,64.5510989137242
URY,2019,64.6984116798351
URY,2020,64.866512423771
URY,2021,65.0844077970509
USA,2011,67.3349668036885
USA,2012,67.1170061555629
USA,2013,66.8895911742848
USA,2014,66.6847279137693
USA,2015,66.4980809064681
USA,2016,66.3180403833652
USA,2017,66.1219291236341
USA,2018,65.9220436398193
USA,2019,65.718674264212
USA,2020,65.5352308319268
USA,2021,65.380112850592
UZB,2011,66.7288868092367
UZB,2012,67.0778725498475
UZB,2013,67.2375935121929
UZB,2014,67.1905084451678
UZB,2015,66.9631109070887
UZB,2016,66.6394929921998
UZB,2017,66.3032741811129
UZB,2018,65.9153420605047
UZB,2019,65.4579393879532
UZB,2020,64.9556790474422
UZB,2021,64.4123354034613
VCT,2011,66.0416009364555
VCT,2012,66.2249219436155
VCT,2013,66.4485760920327
VCT,2014,66.6299344399498
VCT,2015,66.7740276738968
VCT,2016,66.8946905692135
VCT,2017,66.9908104066703
VCT,2018,67.0324800335475
VCT,2019,66.995305615022
VCT,2020,66.9841392500435
VCT,2021,66.9562723038477
VEN,2011,64.5669331537995
VEN,2012,64.7475547709533
VEN,2013,64.9271711828064
VEN,2014,65.1036592454194
VEN,2015,65.2656383671706
VEN,2016,65.3559259241141
VEN,2017,65.2043630423215
VEN,2018,64.6872095538613
VEN,2019,64.1174309382738
VEN,2020,63.9037019217797
VEN,2021,63.9917694088773
VGB,2011,72.4050853361198
VGB,2012,72.8851540616247
VGB,2013,73.2663586039396
VGB,2014,73.5195073114495
VGB,2015,73.7531705196029
VGB,2016,73.727787944979
VGB,2017,73.7040888100554
VGB,2018,74.1047984534149
VGB,2019,74.4343238676174
VGB,2020,74.6785334392546
VGB,2021,74.9375157037253
VIR,2011,65.1097584696913
VIR,2012,64.6158123837466
VIR,2013,64.1077963308533
VIR,2014,63.5860960102746
VIR,2015,63.1876106636076
VIR,2016,62.9562211745938
VIR,2017,62.7912844639525
VIR,2018,62.6625786146487
VIR,2019,62.5404906430949
VIR,2020,62.3448661159663
VIR,2021,62.0530135400066
VNM,2011,69.7206595346669
VNM,2012,69.9019824583313
VNM,2013,69.8981123579468
VNM,2014,69.7479006720559
VNM,2015,69.5564437980164
VNM,2016,69.2591615032732
VNM,2017,68.8126189382964
VNM,2018,68.4353308489645
VNM,2019,68.2102971289821
VNM,2020,68.0438111484831
VNM,2021,67.91665042917
VUT,2011,58.5314212840412
VUT,2012,58.418697904843
VUT,2013,58.2249432179879
VUT,2014,57.9833192117261
VUT,2015,57.7367240258398
VUT,2016,57.5021178926555
VUT,2017,57.2890447995921
VUT,2018,57.114161365919
VUT,2019,56.990696423954
VUT,2020,56.9353055041098
VUT,2021,56.9427711581938
WSM,2011,56.6929275395069
WSM,2012,56.8229702083482
WSM,2013,57.0014904031654
WSM,2014,57.0476961762074
WSM,2015,57.0613335183515
WSM,2016,57.0160049926535
WSM,2017,56.8389768005667
WSM,2018,56.614253644343
WSM,2019,56.371809447539
WSM,2020,56.1034990374816
WSM,2021,55.8700807843614
XKX,2011,65.4783701991519
XKX,2012,65.9328204537755
XKX,2013,66.3036473807856
XKX,2014,66.4676595463577
XKX,2015,66.528538183944
XKX,2016,66.9239089128592
XKX,2017,67.6060547960856
XKX,2018,68.0809858457772
XKX,2019,68.3125247145083
XKX,2020,68.6787041578334
XKX,2021,68.9767494877101
YEM,2011,54.1963820153412
YEM,2012,54.5883604978925
YEM,2013,54.9181177658258
YEM,2014,55.209704896486
YEM,2015,55.4607009337381
YEM,2016,55.6585160987523
YEM,2017,55.8147526958414
YEM,2018,55.9318885256356
YEM,2019,56.0378603449605
YEM,2020,56.1012870575808
YEM,2021,56.126745093841
ZAF,2011,65.6335917560843
ZAF,2012,65.8477380397977
ZAF,2013,66.0240186544723
ZAF,2014,66.1642537193448
ZAF,2015,66.3218759288748
ZAF,2016,66.199319306573
ZAF,2017,66.1083636756326
ZAF,2018,66.3669410679632
ZAF,2019,66.6247646931523
ZAF,2020,66.8913586802342
ZAF,2021,67.1518228261005
ZMB,2011,52.0985942763907
ZMB,2012,52.2881251773126
ZMB,2013,52.5167743067941
ZMB,2014,52.7905958453796
ZMB,2015,53.0836302273751
ZMB,2016,53.3980822165793
ZMB,2017,53.7380099022898
ZMB,2018,54.0877190278681
ZMB,2019,54.4562325929206
ZMB,2020,54.8573210219947
ZMB,2021,55.2798254096854
