country,year,gdp_pc_usd
ABW,2011,2637859217.87709
ABW,2012,2615208379.88827
ABW,2013,2727849720.67039
ABW,2014,2790849720.67039
ABW,2015,2962907262.56983
ABW,2016,2983635195.53073
ABW,2017,3092429050.27933
ABW,2018,3276184357.5419
ABW,2019,3395798882.68156
ABW,2020,2481857122.8401
ABW,2021,2929446578.25104
AFG,2011,17805098206.3141
AFG,2012,19907329777.5872
AFG,2013,20146416757.5987
AFG,2014,20497128555.6972
AFG,2015,19134221644.7325
AFG,2016,18116572395.0772
AFG,2017,18753456497.8159
AFG,2018,18053222687.4126
AFG,2019,18799444490.1128
AFG,2020,19955929052.1496
AFG,2021,14259995441.0759
AGO,2011,111789747670.59
AGO,2012,128052915766.343
AGO,2013,132339109040.232
AGO,2014,135966802586.713
AGO,2015,90496420506.5957
AGO,2016,52761617225.9253
AGO,2017,73690154990.7312
AGO,2018,79450688259.3664
AGO,2019,70897962732.0277
AGO,2020,48501561203.5686
AGO,2021,66505129987.7235
ALB,2011,12890760315.146
ALB,2012,12319834195.331
ALB,2013,12776224496.9718
ALB,2014,13228147516.1168
ALB,2015,11386853113.0189
ALB,2016,11861199830.8396
ALB,2017,13019726211.7369
ALB,2018,15379509891.7196
ALB,2019,15585105131.0644
ALB,2020,15241458744.8688
ALB,2021,18032010563.7558
AND,2011,3629133574.27783
AND,2012,3188652765.36184
AND,2013,3193512950.02419
AND,2014,3271685596.66321
AND,2015,2789881258.50362
AND,2016,2896610479.73077
AND,2017,3000162081.11976
AND,2018,3218419896.9641
AND,2019,3155149347.80639
AND,2020,2891001149.3611
AND,2021,3324647529.381
ARE,2011,360832739558.385
ARE,2012,384610125384.033
ARE,2013,400218529747.597
ARE,2014,414105366758.911
ARE,2015,370275469560.166
ARE,2016,369255326235.771
ARE,2017,390516804016.501
ARE,2018,427049432149.345
ARE,2019,417989721734.494
ARE,2020,349473015336.939
ARE,2021,415178792769.884
ARG,2011,530158122010.442
ARG,2012,545982375701.128
ARG,2013,552025140252.246
ARG,2014,526319673731.638
ARG,2015,594749285413.212
ARG,2016,557532320662.955
ARG,2017,643628393281.364
ARG,2018,524819892360.176
ARG,2019,447754683615.225
ARG,2020,385740508436.965
ARG,2021,486564085480.036
ARM,2011,10142111824.5835
ARM,2012,10619320682.9474
ARM,2013,11121464437.0415
ARM,2014,11609513246.7958
ARM,2015,10553337518.414
ARM,2016,10546136235.5219
ARM,2017,11527458709.0158
ARM,2018,12457940694.7395
ARM,2019,13619290539.2116
ARM,2020,12641698583.2152
ARM,2021,13878908628.9378
ASM,2011,570000000.0
ASM,2012,640000000.0
ASM,2013,638000000.0
ASM,2014,643000000.0
ASM,2015,673000000.0
ASM,2016,671000000.0
ASM,2017,612000000.0
ASM,2018,639000000.0
ASM,2019,647000000.0
ASM,2020,721000000.0
ASM,2021,750000000.0
ATG,2011,1281337037.03704
ATG,2012,1327107407.40741
ATG,2013,1325425925.92593
ATG,2014,1378829629.62963
ATG,2015,1437755555.55556
ATG,2016,1489692592.59259
ATG,2017,1531151851.85185
ATG,2018,1661529629.62963
ATG,2019,1725351851.85185
ATG,2020,1410796296.2963
ATG,2021,1601366666.66667
AUS,2011,1398610616772.97
AUS,2012,1547532281116.4
AUS,2013,1577123329410.88
AUS,2014,1468265356427.76
AUS,2015,1351296372254.31
AUS,2016,1206836962281.84
AUS,2017,1325582658156.54
AUS,2018,1427809041019.44
AUS,2019,1392723834562.64
AUS,2020,1328414058378.38
AUS,2021,1556735770437.26
AUT,2011,428954737064.057
AUT,2012,406750487603.59
AUT,2013,426580502769.417
AUT,2014,438556021078.034
AUT,2015,379546097300.633
AUT,2016,393687359770.273
AUT,2017,414926138132.691
AUT,2018,452582294972.775
AUT,2019,442983642371.842
AUT,2020,434397601557.696
AUT,2021,480467037338.783
AZE,2011,65952796427.9473
AZE,2012,69679944504.1972
AZE,2013,74160560123.6902
AZE,2014,75239785452.1022
AZE,2015,53076235354.746
AZE,2016,37866996882.9157
AZE,2017,40866627351.9817
AZE,2018,47112470051.7701
AZE,2019,48174235294.1176
AZE,2020,42693000000.0
AZE,2021,54825411764.7059
BDI,2011,2235820809.32006
BDI,2012,2333341334.45753
BDI,2013,2451606632.29246
BDI,2014,2705783329.80483
BDI,2015,3104003546.26497
BDI,2016,2644487776.50077
BDI,2017,2723586962.84034
BDI,2018,2667182199.51333
BDI,2019,2576518879.82353
BDI,2020,2649680261.44299
BDI,2021,2775798697.46022
BEL,2011,527196649048.639
BEL,2012,498414364944.961
BEL,2013,524097026598.55
BEL,2014,537987419164.351
BEL,2015,461044767544.531
BEL,2016,474271566739.729
BEL,2017,500908767351.53
BEL,2018,542638913427.921
BEL,2019,536726344405.489
BEL,2020,529694473501.791
BEL,2021,598494036474.409
BEN,2011,10693321370.036
BEN,2012,11141358105.9853
BEN,2013,12517845127.6775
BEN,2014,13284527850.2632
BEN,2015,11388160997.1089
BEN,2016,11821065852.1271
BEN,2017,12701655845.9612
BEN,2018,14262408079.7014
BEN,2019,14391686309.033
BEN,2020,15651545208.8783
BEN,2021,17690083519.9323
BFA,2011,12080295977.5632
BFA,2012,12561015156.5683
BFA,2013,13444300485.8412
BFA,2014,13943016076.7436
BFA,2015,11832159315.6298
BFA,2016,12833363045.3367
BFA,2017,14106955615.3442
BFA,2018,15890066221.2882
BFA,2019,16032813503.3707
BFA,2020,17725010532.5268
BFA,2021,19697516284.3787
BGD,2011,128607482310.357
BGD,2012,133310747603.483
BGD,2013,149998957434.186
BGD,2014,172886611653.786
BGD,2015,195146608978.131
BGD,2016,265224515675.034
BGD,2017,293732446624.596
BGD,2018,321362752441.78
BGD,2019,351231654603.692
BGD,2020,373979442362.193
BGD,2021,416271647911.014
BGR,2011,57737040780.0157
BGR,2012,54288135058.7926
BGR,2013,55852123989.9504
BGR,2014,57157782909.9307
BGR,2015,50811995688.6771
BGR,2016,53964253211.84
BGR,2017,59309748166.1179
BGR,2018,66289266348.6504
BGR,2019,68631726289.2794
BGR,2020,70716821234.5967
BGR,2021,84417951260.8091
BHR,2011,29914680851.0638
BHR,2012,31963404255.3191
BHR,2013,33823324468.0851
BHR,2014,34772526595.7447
BHR,2015,32523297872.3404
BHR,2016,33884680851.0638
BHR,2017,37204813829.7872
BHR,2018,39567978723.4043
BHR,2019,40446808510.6383
BHR,2020,35837632978.7234
BHR,2021,40840212765.9574
BHS,2011,10070450000.0
BHS,2012,10720400000.0
BHS,2013,10395800000.0
BHS,2014,10974100000.0
BHS,2015,11671900000.0
BHS,2016,11745100000.0
BHS,2017,12236700000.0
BHS,2018,12615800000.0
BHS,2019,13016200000.0
BHS,2020,9958200000.0
BHS,2021,11368900000.0
BIH,2011,18644233537.1093
BIH,2012,17226735995.6905
BIH,2013,18179108530.5261
BIH,2014,18558733564.4692
BIH,2015,16404348871.4437
BIH,2016,17116926327.6247
BIH,2017,18326373366.1105
BIH,2018,20484053868.9246
BIH,2019,20482608755.379
BIH,2020,20226036564.4129
BIH,2021,23672712242.2149
BLR,2011,61762382327.9319
BLR,2012,65685890438.8922
BLR,2013,75527558966.4473
BLR,2014,78812805039.0743
BLR,2015,56454889146.6088
BLR,2016,47723545321.259
BLR,2017,54725302249.8088
BLR,2018,60031173807.7196
BLR,2019,64410122847.3508
BLR,2020,61371755326.2351
BLR,2021,69673747131.87
BLZ,2011,1827050000.0
BLZ,2012,1909400000.0
BLZ,2013,2032750000.0
BLZ,2014,2138250000.0
BLZ,2015,2193050000.0
BLZ,2016,2240200000.0
BLZ,2017,2266300000.0
BLZ,2018,2293250000.0
BLZ,2019,2388300000.0
BLZ,2020,2042850000.0
BLZ,2021,2420550000.0
BMU,2011,6312691000.0
BMU,2012,6378188000.0
BMU,2013,6465756000.0
BMU,2014,6413988000.0
BMU,2015,6654541000.0
BMU,2016,6899911000.0
BMU,2017,7142316000.0
BMU,2018,7225977000.0
BMU,2019,7423465000.0
BMU,2020,6887147000.0
BMU,2021,7286607000.0
BOL,2011,23963164696.592
BOL,2012,27084497481.9103
BOL,2013,30659338885.6729
BOL,2014,32996188012.5599
BOL,2015,33000198248.1292
BOL,2016,33941126200.0606
BOL,2017,37508642165.3366
BOL,2018,40287647930.4761
BOL,2019,40895322843.7851
BOL,2020,36629843805.0216
BOL,2021,40406111695.179
BRA,2011,2616156223977.47
BRA,2012,2465227803011.57
BRA,2013,2472819535742.73
BRA,2014,2456043727198.85
BRA,2015,1802212206904.68
BRA,2016,1795693482652.52
BRA,2017,2063514977334.32
BRA,2018,1916933898038.36
BRA,2019,1873288205186.45
BRA,2020,1476107231194.11
BRA,2021,1670647399034.67
BRB,2011,5342183800.0
BRB,2012,5271257500.0
BRB,2013,5361158350.0
BRB,2014,5365976700.0
BRB,2015,5288057750.0
BRB,2016,5330761500.0
BRB,2017,5517340450.0
BRB,2018,5629916200.0
BRB,2019,5788288000.0
BRB,2020,5168344450.0
BRB,2021,5275242050.0
BRN,2011,18524791070.6802
BRN,2012,19048443339.9457
BRN,2013,18094148099.4922
BRN,2014,17097797371.9718
BRN,2015,12930296852.4882
BRN,2016,11400266055.3232
BRN,2017,12128168046.7827
BRN,2018,13566908401.1864
BRN,2019,13469235348.2211
BRN,2020,12005799664.2691
BRN,2021,14006496614.3195
BTN,2011,1977728659.25621
BTN,2012,1973387228.03924
BTN,2013,1943696951.76613
BTN,2014,2089079570.67546
BTN,2015,2187815803.82922
BTN,2016,2357504760.5975
BTN,2017,2591358009.79792
BTN,2018,2583335721.20625
BTN,2019,2735683570.28851
BTN,2020,2457604334.15915
BTN,2021,2768802959.60794
BWA,2011,15110643612.1729
BWA,2012,13907464500.1489
BWA,2013,14271738933.2042
BWA,2014,15470088500.7414
BWA,2015,13530748844.505
BWA,2016,15082637184.0496
BWA,2017,16105155856.7708
BWA,2018,17031943186.1353
BWA,2019,16725908148.5481
BWA,2020,14960291105.9316
BWA,2021,18750946600.1423
CAF,2011,2437982705.12093
CAF,2012,2510126512.22831
CAF,2013,1691544110.18543
CAF,2014,1894813389.40325
CAF,2015,1695825714.19282
CAF,2016,1825018144.65595
CAF,2017,2072349972.6818
CAF,2018,2220979146.11241
CAF,2019,2221301351.43918
CAF,2020,2326720900.38047
CAF,2021,2516498412.46384
CAN,2011,1793326630174.52
CAN,2012,1828366481521.6
CAN,2013,1846597421834.98
CAN,2014,1805749878439.94
CAN,2015,1556508816217.14
CAN,2016,1527994741907.43
CAN,2017,1649265644244.09
CAN,2018,1725329192783.02
CAN,2019,1743725183672.52
CAN,2020,1655684730000.19
CAN,2021,2007472181464.15
CHE,2011,715888126682.396
CHE,2012,686420221557.99
CHE,2013,706234937370.968
CHE,2014,726537808338.0
CHE,2015,694118186379.628
CHE,2016,687895460902.713
CHE,2017,695200833086.499
CHE,2018,725568717468.001
CHE,2019,721369112726.724
CHE,2020,741999406005.627
CHE,2021,813408787222.499
CHI,2011,9649313947.21684
CHI,2012,9455340154.1218
CHI,2013,9594160920.26187
CHI,2014,10528493035.477
CHI,2015,10109968846.9524
CHI,2016,9169278192.53124
CHI,2017,9170079925.78986
CHI,2018,10026153344.8196
CHI,2019,10032440928.3488
CHI,2020,9439810775.67214
CHI,2021,11157002972.5829
CHL,2011,251382573885.594
CHL,2012,267024782480.28
CHL,2013,277395018837.366
CHL,2014,259560978231.552
CHL,2015,242450355827.827
CHL,2016,249344863933.461
CHL,2017,276154259987.103
CHL,2018,295857562991.709
CHL,2019,278285058719.466
CHL,2020,254042159309.311
CHL,2021,315515014838.539
CHN,2011,7551545703440.75
CHN,2012,8532185381680.59
CHN,2013,9570471111831.68
CHN,2014,10475624944355.2
CHN,2015,11061572618578.7
CHN,2016,11233313730348.7
CHN,2017,12310491333980.9
CHN,2018,13894907857880.6
CHN,2019,14279968506271.7
CHN,2020,14687744162801.0
CHN,2021,17820459508852.2
CIV,2011,36693710801.3976
CIV,2012,36302302877.2977
CIV,2013,42760235484.6093
CIV,2014,48843005613.7091
CIV,2015,45815005169.2651
CIV,2016,48407761036.8238
CIV,2017,52512343996.69
CIV,2018,58522477786.6889
CIV,2019,60382894697.3557
CIV,2020,63027852805.4204
CIV,2021,72794636653.7793
CMR,2011,30630910495.217
CMR,2012,30155062329.2821
CMR,2013,33728621180.3231
CMR,2014,36386544706.0806
CMR,2015,32210233020.4569
CMR,2016,33814337044.3765
CMR,2017,36098547033.1655
CMR,2018,39955552189.795
CMR,2019,39667757527.6578
CMR,2020,40773241177.0505
CMR,2021,45011937346.8384
COD,2011,25839749199.3671
COD,2012,29306235285.2597
COD,2013,32679745048.4427
COD,2014,35909040925.9375
COD,2015,37917706497.1793
COD,2016,37134801555.3322
COD,2017,38019264794.8263
COD,2018,47568210009.8172
COD,2019,51775829877.2088
COD,2020,48716961860.1325
COD,2021,55328482783.5393
COG,2011,15655383576.6515
COG,2012,17692911296.3044
COG,2013,17958720699.0868
COG,2014,17919321078.0284
COG,2015,12434793867.3568
COG,2016,10931328150.8478
COG,2017,11834473039.3645
COG,2018,14773900288.5135
COG,2019,13976637779.9763
COG,2020,11468687464.0046
COG,2021,14825690210.9157
COL,2011,334966134804.887
COL,2012,370691143018.039
COL,2013,382093697077.685
COL,2014,381240864422.407
COL,2015,293492370193.166
COL,2016,282720100286.228
COL,2017,311866875156.879
COL,2018,334198218098.276
COL,2019,323031701192.84
COL,2020,270348342541.465
COL,2021,318524633225.395
COM,2011,1023086273.53336
COM,2012,1015843490.82374
COM,2013,1116224106.83728
COM,2014,1149587661.00693
COM,2015,966029600.862227
COM,2016,1012835493.19325
COM,2017,1077439756.59451
COM,2018,1188797449.38584
COM,2019,1195019531.9011
COM,2020,1225039196.61091
COM,2021,1296089479.91978
CPV,2011,2046817987.20109
CPV,2012,1913081210.41411
CPV,2013,2028910915.16446
CPV,2014,2041930125.42979
CPV,2015,1749857620.35329
CPV,2016,1849789992.7426
CPV,2017,1996741544.61574
CPV,2018,2205099509.15987
CPV,2019,2252177133.74705
CPV,2020,1821565617.6945
CPV,2021,2051842609.64558
CRI,2011,42762613698.9636
CRI,2012,47231655431.7355
CRI,2013,50949668841.6696
CRI,2014,52016408854.2658
CRI,2015,56441920820.5194
CRI,2016,58847019609.6549
CRI,2017,60516044656.5206
CRI,2018,62420164991.5374
CRI,2019,64417670521.3545
CRI,2020,62395610760.0492
CRI,2021,64960725734.1965
CUB,2011,68990000000.0
CUB,2012,73141000000.0
CUB,2013,77148000000.0
CUB,2014,80656100000.0
CUB,2015,87132800000.0
CUB,2016,91370407863.7
CUB,2017,96850649691.7406
CUB,2018,100050036096.123
CUB,2019,103427600000.0
CUB,2020,107351800000.0
CUB,2021,
CUW,2011,2930092234.63687
CUW,2012,3012836256.98324
CUW,2013,3033568603.35196
CUW,2014,3059406983.24022
CUW,2015,3058779217.87709
CUW,2016,3024690167.59777
CUW,2017,3033433240.22346
CUW,2018,3046364804.46927
CUW,2019,3026124134.07821
CUW,2020,2534327597.76536
CUW,2021,2739608156.42458
CYM,2011,4186073104.29242
CYM,2012,4291004524.0181
CYM,2013,4405796023.18409
CYM,2014,4562853611.41445
CYM,2015,4708167232.66893
CYM,2016,4909322237.28895
CYM,2017,5166281305.12522
CYM,2018,5530178440.71376
CYM,2019,5941896607.58643
CYM,2020,5655358021.43209
CYM,2021,6060026520.10608
CYP,2011,27641547909.7011
CYP,2012,25047436974.6819
CYP,2013,23959712860.8331
CYP,2014,23225918259.9824
CYP,2015,19909278416.8575
CYP,2016,21046462280.5979
CYP,2017,22946570628.7576
CYP,2018,25754001367.5448
CYP,2019,26196667099.5303
CYP,2020,25555093854.2968
CYP,2021,30372874319.6285
CZE,2011,231429378717.312
CZE,2012,210363223087.728
CZE,2013,213024360541.119
CZE,2014,210911285077.683
CZE,2015,189107698561.919
CZE,2016,198160659303.939
CZE,2017,221563575696.217
CZE,2018,251992360762.236
CZE,2019,256794209028.77
CZE,2020,251109660602.536
CZE,2021,290972714482.313
DEU,2011,3824828563521.41
DEU,2012,3597896500945.31
DEU,2013,3808086291482.36
DEU,2014,3965800686309.79
DEU,2015,3423568450957.03
DEU,2016,3537784107980.55
DEU,2017,3763092263752.95
DEU,2018,4052008447223.53
DEU,2019,3957208055215.68
DEU,2020,3940142541354.1
DEU,2021,4348297440387.53
DJI,2011,1239144501.77525
DJI,2012,1353632941.5207
DJI,2013,2042817162.85639
DJI,2014,2214679081.25658
DJI,2015,2424391785.43897
DJI,2016,2604955228.70117
DJI,2017,2762581334.22612
DJI,2018,2913466732.12507
DJI,2019,3088853638.56832
DJI,2020,3185150981.03207
DJI,2021,3385825228.86997
DMA,2011,501025925.925926
DMA,2012,485996296.296296
DMA,2013,498296296.296296
DMA,2014,520429629.62963
DMA,2015,540737037.037037
DMA,2016,576229629.62963
DMA,2017,521551851.851852
DMA,2018,554770370.37037
DMA,2019,611537037.037037
DMA,2020,504214814.814815
DMA,2021,555266666.666667
DNK,2011,344315595263.175
DNK,2012,326792574244.963
DNK,2013,344631016965.12
DNK,2014,352832602064.452
DNK,2015,301758922337.637
DNK,2016,312181849372.233
DNK,2017,331610593961.988
DNK,2018,355293374912.393
DNK,2019,345401473012.615
DNK,2020,355631021931.621
DNK,2021,408378204639.999
DOM,2011,58029773599.455
DOM,2012,60681535652.5373
DOM,2013,62682159338.0354
DOM,2014,67179955677.2791
DOM,2015,71164826836.5281
DOM,2016,75704647877.6559
DOM,2017,79998046305.79
DOM,2018,85555390139.118
DOM,2019,88941372558.2397
DOM,2020,78844656298.1776
DOM,2021,94243425938.3647
DZA,2011,218331946925.304
DZA,2012,227143746075.934
DZA,2013,229701430292.157
DZA,2014,238942664192.59
DZA,2015,187493855609.345
DZA,2016,180763839522.151
DZA,2017,189880896903.073
DZA,2018,194554483655.528
DZA,2019,193459662090.677
DZA,2020,164873415325.201
DZA,2021,186231205262.082
ECU,2011,78986648000.0
ECU,2012,87735048000.0
ECU,2013,96570334000.0
ECU,2014,102717794000.0
ECU,2015,97209558000.0
ECU,2016,97671433000.0
ECU,2017,104467486000.0
ECU,2018,107478962000.0
ECU,2019,107595829000.0
ECU,2020,95865472000.0
ECU,2021,107435101000.0
EGY,2011,235989672977.625
EGY,2012,279116666666.667
EGY,2013,288434108527.132
EGY,2014,305595408895.265
EGY,2015,329366576819.407
EGY,2016,332441717791.411
EGY,2017,248362771739.13
EGY,2018,262588632526.73
EGY,2019,318678815489.749
EGY,2020,383817841547.099
EGY,2021,424671765455.704
ERI,2011,2065001626.01626
ERI,2012,
ERI,2013,
ERI,2014,
ERI,2015,
ERI,2016,
ERI,2017,
ERI,2018,
ERI,2019,
ERI,2020,
ERI,2021,
ESP,2011,1487568659241.25
ESP,2012,1330994811670.31
ESP,2013,1362186923157.65
ESP,2014,1380244561361.96
ESP,2015,1206164777553.12
ESP,2016,1243015667917.12
ESP,2017,1321754088818.83
ESP,2018,1431642809327.06
ESP,2019,1403496387686.27
ESP,2020,1289783836971.21
ESP,2021,1461244901852.69
EST,2011,23303915794.7569
EST,2012,23237406116.3988
EST,2013,25451032780.7573
EST,2014,27055689003.0038
EST,2015,23311847750.9394
EST,2016,24561027787.7896
EST,2017,27469461919.1189
EST,2018,31222632740.7247
EST,2019,31873748770.0313
EST,2020,31820771493.8974
EST,2021,37204563051.4723
ETH,2011,31952763089.33
ETH,2012,43310721414.0829
ETH,2013,47648276605.0123
ETH,2014,55612228233.5179
ETH,2015,64589328550.5953
ETH,2016,74296745207.8721
ETH,2017,81770886825.6048
ETH,2018,84269196625.8784
ETH,2019,95912607722.3032
ETH,2020,107657734392.446
ETH,2021,111261882958.426
FIN,2011,275126915515.565
FIN,2012,257443384492.969
FIN,2013,270268036626.275
FIN,2014,273478528954.901
FIN,2015,233210733506.25
FIN,2016,238777818792.608
FIN,2017,253846138440.0
FIN,2018,273869255596.078
FIN,2019,267014821129.411
FIN,2020,270000311606.226
FIN,2021,294223210496.119
FJI,2011,3779411899.37483
FJI,2012,3972028104.47328
FJI,2013,4189967998.51424
FJI,2014,4857104791.41609
FJI,2015,4682479912.05203
FJI,2016,4930213634.35692
FJI,2017,5353469171.0611
FJI,2018,5581425324.91185
FJI,2019,5444407214.31758
FJI,2020,4432466237.09588
FJI,2021,4305031630.81808
FRA,2011,2870408553990.28
FRA,2012,2683007095787.23
FRA,2013,2816077607875.26
FRA,2014,2861236112552.42
FRA,2015,2442483452642.5
FRA,2016,2470407619777.13
FRA,2017,2588868323334.71
FRA,2018,2781576320884.39
FRA,2019,2722793515171.76
FRA,2020,2647926055110.05
FRA,2021,2966433692008.09
FRO,2011,2505740669.27039
FRO,2012,2427200388.91831
FRO,2013,2690110520.92548
FRO,2014,2914012679.27277
FRO,2015,2573905971.05459
FRO,2016,2813278868.78208
FRO,2017,2980057377.87967
FRO,2018,3188600927.46688
FRO,2019,3266432734.22819
FRO,2020,3271813311.5831
FRO,2021,3664686796.62669
FSM,2011,311301600.0
FSM,2012,327248700.0
FSM,2013,317214400.0
FSM,2014,319271200.0
FSM,2015,316489900.0
FSM,2016,325000000.0
FSM,2017,359000000.0
FSM,2018,392000000.0
FSM,2019,394000000.0
FSM,2020,372000000.0
FSM,2021,390000000.0
GAB,2011,18210307743.5816
GAB,2012,17170464016.0593
GAB,2013,17595744798.3398
GAB,2014,18203966895.8433
GAB,2015,14383107762.6952
GAB,2016,14023890265.3665
GAB,2017,14929487485.1623
GAB,2018,16867326401.9626
GAB,2019,16874405465.391
GAB,2020,15342236163.9864
GAB,2021,19444935097.2395
GBR,2011,2663805834828.07
GBR,2012,2707089726614.64
GBR,2013,2784853502534.29
GBR,2014,3064708247921.43
GBR,2015,2927911140916.73
GBR,2016,2689106566899.61
GBR,2017,2680148052335.3
GBR,2018,2871340347581.79
GBR,2019,2851407164907.81
GBR,2020,2696778386607.65
GBR,2021,3143323050707.26
GEO,2011,15475290469.2869
GEO,2012,16894392033.2256
GEO,2013,17517660143.6859
GEO,2014,17966015109.3043
GEO,2015,15223796148.8396
GEO,2016,15444548901.9637
GEO,2017,16473125375.0684
GEO,2018,17902544880.6471
GEO,2019,17638337116.9126
GEO,2020,16010869215.68
GEO,2021,18853115588.8106
GHA,2011,39336668080.559
GHA,2012,41271701060.954
GHA,2013,62824629066.0408
GHA,2014,54783319817.3705
GHA,2015,49406010054.2663
GHA,2016,56164929304.8754
GHA,2017,60405924078.7278
GHA,2018,67298914624.3723
GHA,2019,68337969247.7067
GHA,2020,70043099675.68
GHA,2021,79524421861.2743
GIB,2011,
GIB,2012,
GIB,2013,
GIB,2014,
GIB,2015,
GIB,2016,
GIB,2017,
GIB,2018,
GIB,2019,
GIB,2020,
GIB,2021,
GIN,2011,6785137203.33153
GIN,2012,7638044556.84656
GIN,2013,8376613539.28278
GIN,2014,8778473372.82124
GIN,2015,8794201742.84609
GIN,2016,8595955222.49719
GIN,2017,10324668271.1362
GIN,2018,11857030366.7891
GIN,2019,13442861496.4454
GIN,2020,14088693742.9464
GIN,2021,17069115737.8259
GMB,2011,1409693596.93594
GMB,2012,1415004738.26621
GMB,2013,1375609453.43746
GMB,2014,1229461721.40861
GMB,2015,1378176608.93204
GMB,2016,1484578885.97132
GMB,2017,1504909462.69521
GMB,2018,1670671327.81651
GMB,2019,1813609692.49994
GMB,2020,1812170891.19069
GMB,2021,2014158842.14596
GNB,2011,1157074319.19388
GNB,2012,1049412177.11413
GNB,2013,1109682824.13594
GNB,2014,1135250721.0374
GNB,2015,1152384166.79638
GNB,2016,1245074264.10396
GNB,2017,1469978606.12143
GNB,2018,1554133593.91699
GNB,2019,1588638853.59328
GNB,2020,1646400349.84867
GNB,2021,1853796455.89489
GNQ,2011,21357343668.9447
GNQ,2012,22388344143.9131
GNQ,2013,21948834283.7856
GNQ,2014,21765453081.9826
GNQ,2015,13185496881.0174
GNQ,2016,11240808847.8878
GNQ,2017,12200913878.9827
GNQ,2018,13097012133.6159
GNQ,2019,11364133549.7478
GNQ,2020,9893816007.7398
GNQ,2021,12215878032.7166
GRC,2011,283228079776.041
GRC,2012,238841140018.233
GRC,2013,236556279640.705
GRC,2014,233911581521.062
GRC,2015,194567373678.099
GRC,2016,193097239005.87
GRC,2017,200381103984.298
GRC,2018,213298873494.394
GRC,2019,207305649887.019
GRC,2020,191362985554.861
GRC,2021,218303801895.326
GRD,2011,778655555.555555
GRD,2012,799881481.481481
GRD,2013,842618518.518518
GRD,2014,911496296.296296
GRD,2015,997007407.407407
GRD,2016,1061640740.74074
GRD,2017,1125685185.18519
GRD,2018,1166514814.81481
GRD,2019,1213485185.18519
GRD,2020,1043411111.11111
GRD,2021,1122800000.0
GRL,2011,2684461375.46585
GRL,2012,2609678486.36749
GRL,2013,2684946990.12448
GRL,2014,2842065708.35962
GRL,2015,2499113022.81675
GRL,2016,2707139544.46695
GRL,2017,2851613679.03433
GRL,2018,3055782146.15957
GRL,2019,2997309971.87623
GRL,2020,3082884653.2456
GRL,2021,3235809504.29871
GTM,2011,46876006272.2387
GTM,2012,49593929487.1263
GTM,2013,52996446269.442
GTM,2014,57852153058.502
GTM,2015,62186064718.7424
GTM,2016,66053403469.0024
GTM,2017,71653754066.2763
GTM,2018,73328365862.4329
GTM,2019,77172317258.6478
GTM,2020,77719464220.73
GTM,2021,86478835636.3813
GUM,2011,4984000000.0
GUM,2012,5265000000.0
GUM,2013,5399000000.0
GUM,2014,5610000000.0
GUM,2015,5799000000.0
GUM,2016,5901000000.0
GUM,2017,6013000000.0
GUM,2018,6051000000.0
GUM,2019,6355000000.0
GUM,2020,5916000000.0
GUM,2021,6234000000.0
GUY,2011,3691384317.52178
GUY,2012,4063088535.76331
GUY,2013,4167800928.83553
GUY,2014,4127660151.8087
GUY,2015,4279840193.7046
GUY,2016,4482697336.56174
GUY,2017,4748174334.14044
GUY,2018,4787636997.85343
GUY,2019,5173760191.84652
GUY,2020,5471256594.72422
GUY,2021,8041363893.04556
HKG,2011,248513617677.287
HKG,2012,262628865879.697
HKG,2013,275696879834.966
HKG,2014,291459995978.893
HKG,2015,309385622601.348
HKG,2016,320860317562.562
HKG,2017,341273289534.466
HKG,2018,361731070995.726
HKG,2019,363074545072.389
HKG,2020,344943149590.058
HKG,2021,368954169748.818
HND,2011,17710275685.4074
HND,2012,18528554397.5695
HND,2013,18499729214.904
HND,2014,19756533971.8698
HND,2015,20979791685.416
HND,2016,21717604952.1835
HND,2017,23136247990.5977
HND,2018,24067750760.499
HND,2019,24882225741.8119
HND,2020,23352232483.755
HND,2021,28144331506.6149
HRV,2011,62903737379.7834
HRV,2012,57551963753.2104
HRV,2013,59852401272.3204
HRV,2014,59612144078.4133
HRV,2015,51005200669.6941
HRV,2016,52654855638.1057
HRV,2017,56186190437.9959
HRV,2018,61668130122.5878
HRV,2019,61467582193.6824
HRV,2020,57963370885.0798
HRV,2021,69006802298.6956
HTI,2011,13008746038.8867
HTI,2012,13708925477.1304
HTI,2013,14902488604.2421
HTI,2014,15146883497.6331
HTI,2015,14849629308.6025
HTI,2016,14069277526.2278
HTI,2017,15093357161.1498
HTI,2018,16403864617.8458
HTI,2019,15016090929.5125
HTI,2020,14508222518.3018
HTI,2021,20877414952.6375
HUN,2011,141942264554.475
HUN,2012,128814279315.132
HUN,2013,135684315697.713
HUN,2014,141033843265.669
HUN,2015,125174166987.372
HUN,2016,128609822750.039
HUN,2017,143112196040.326
HUN,2018,160565642983.587
HUN,2019,164020460331.659
HUN,2020,157288955508.176
HUN,2021,182109999477.691
IDN,2011,892969104529.572
IDN,2012,917869913364.917
IDN,2013,912524136718.018
IDN,2014,890814755511.014
IDN,2015,860854232717.718
IDN,2016,931877364034.196
IDN,2017,1015618744168.08
IDN,2018,1042271532953.49
IDN,2019,1119099871385.79
IDN,2020,1059054842711.55
IDN,2021,1186509691070.97
IMN,2011,6565667052.79737
IMN,2012,6690228371.66909
IMN,2013,7001175622.71266
IMN,2014,7708454412.32126
IMN,2015,7084800892.22284
IMN,2016,6846377563.00683
IMN,2017,6979788333.50279
IMN,2018,7491649455.92717
IMN,2019,7314967866.28289
IMN,2020,6684225641.02564
IMN,2021,7931193222.06405
IND,2011,1823051829894.55
IND,2012,1827637590410.41
IND,2013,1856721507621.58
IND,2014,2039126479154.52
IND,2015,2103588360044.94
IND,2016,2294796885663.16
IND,2017,2651474262755.45
IND,2018,2702929641648.74
IND,2019,2835606256558.19
IND,2020,2674851578587.27
IND,2021,3167270623260.47
IRL,2011,241337364609.738
IRL,2012,227270922957.327
IRL,2013,243301556084.989
IRL,2014,266787238499.03
IRL,2015,302391428540.035
IRL,2016,305733136180.907
IRL,2017,348532394023.595
IRL,2018,395461216460.418
IRL,2019,407124824064.995
IRL,2020,436555518400.451
IRL,2021,531306516907.984
IRN,2011,629082257472.368
IRN,2012,644019315003.54
IRN,2013,500399839839.877
IRN,2014,462284793280.825
IRN,2015,409191686496.677
IRN,2016,459042684192.698
IRN,2017,489168731811.147
IRN,2018,398880231367.268
IRN,2019,333519146339.191
IRN,2020,262186179355.944
IRN,2021,383436202446.695
IRQ,2011,185749664444.444
IRQ,2012,218002476129.472
IRQ,2013,234637675128.645
IRQ,2014,228415656174.957
IRQ,2015,166774104959.102
IRQ,2016,166743557747.671
IRQ,2017,187217660050.676
IRQ,2018,227367469034.031
IRQ,2019,233636097800.338
IRQ,2020,180898797516.874
IRQ,2021,209691945713.103
ISL,2011,15221622925.9319
ISL,2012,14751508133.5443
ISL,2013,16125060515.3117
ISL,2014,17867662177.8911
ISL,2015,17517210519.0912
ISL,2016,20793168030.9524
ISL,2017,24728285177.4603
ISL,2018,26260850582.0687
ISL,2019,24681343649.2952
ISL,2020,21629953194.0659
ISL,2021,25825287184.3818
ISR,2011,267406179630.431
ISR,2012,262917911696.944
ISR,2013,297634145181.876
ISR,2014,314090281098.682
ISR,2015,302722655203.465
ISR,2016,320958936788.842
ISR,2017,357227098125.658
ISR,2018,375149611117.199
ISR,2019,399651065197.871
ISR,2020,411728563086.632
ISR,2021,489708278893.053
ITA,2011,2306974020278.21
ITA,2012,2097929495121.68
ITA,2013,2153225581941.46
ITA,2014,2173255507985.84
ITA,2015,1845428048839.1
ITA,2016,1887111188176.93
ITA,2017,1970720904584.71
ITA,2018,2099435266458.67
ITA,2019,2019606796583.53
ITA,2020,1907481094079.23
ITA,2021,2179207773596.09
JAM,2011,14444661522.1463
JAM,2012,14807086555.5283
JAM,2013,14264205152.6126
JAM,2014,13899217721.6818
JAM,2015,14188936958.4343
JAM,2016,14077096714.1279
JAM,2017,14808985171.3441
JAM,2018,15730792835.5811
JAM,2019,15830766570.7266
JAM,2020,13812421803.4084
JAM,2021,14657586127.0331
JOR,2011,29524149154.9296
JOR,2012,31634561690.1408
JOR,2013,34454440140.8451
JOR,2014,36847643521.1268
JOR,2015,38587017887.3239
JOR,2016,39892551126.7606
JOR,2017,41608435915.493
JOR,2018,43370860704.2254
JOR,2019,44503006338.0282
JOR,2020,43700383098.5916
JOR,2021,46296100140.8451
JPN,2011,6233147172341.35
JPN,2012,6272362996105.03
JPN,2013,5212328181166.18
JPN,2014,4896994405353.29
JPN,2015,4444930651964.18
JPN,2016,5003677627544.24
JPN,2017,4930837369151.42
JPN,2018,5040880939324.86
JPN,2019,5117993853016.51
JPN,2020,5055587093501.59
JPN,2021,5034620784584.98
KAZ,2011,192626464617.071
KAZ,2012,207998568865.789
KAZ,2013,236634603409.089
KAZ,2014,221415613595.469
KAZ,2015,184388404706.042
KAZ,2016,137278320084.171
KAZ,2017,166805788827.233
KAZ,2018,179339977690.485
KAZ,2019,181667184854.501
KAZ,2020,171082365861.423
KAZ,2021,197112255360.612
KEN,2011,46869473150.61
KEN,2012,56396704671.5777
KEN,2013,61671440407.8387
KEN,2014,68285796514.2896
KEN,2015,70120446896.8359
KEN,2016,74815144163.8931
KEN,2017,82036510877.2599
KEN,2018,92202979985.2863
KEN,2019,100378436207.371
KEN,2020,100657505750.545
KEN,2021,109703658904.994
KGZ,2011,6197765984.28468
KGZ,2012,6605142884.36215
KGZ,2013,7335033800.59056
KGZ,2014,7468102412.68237
KGZ,2015,6678177511.66313
KGZ,2016,6813095379.1187
KGZ,2017,7702938379.42036
KGZ,2018,8271106235.41552
KGZ,2019,9371275264.36735
KGZ,2020,8270468614.24051
KGZ,2021,9249133946.26531
KHM,2011,16032622023.8265
KHM,2012,17826536699.8016
KHM,2013,19807135252.8649
KHM,2014,22041463967.9009
KHM,2015,24174170369.0738
KHM,2016,26556545153.3573
KHM,2017,29355665909.7905
KHM,2018,33145892168.8958
KHM,2019,36685356407.7206
KHM,2020,34818073901.4851
KHM,2021,36790163687.4421
KIR,2011,195970104.356667
KIR,2012,207001557.767135
KIR,2013,201730847.75865
KIR,2014,200287275.559653
KIR,2015,191559398.175292
KIR,2016,206467834.045145
KIR,2017,222875724.653979
KIR,2018,233514703.710292
KIR,2019,216985362.338171
KIR,2020,223123620.597516
KIR,2021,289339292.157301
KNA,2011,836092592.592593
KNA,2012,824585185.185185
KNA,2013,874548148.148148
KNA,2014,952111111.111111
KNA,2015,957222222.222222
KNA,2016,1006818518.51852
KNA,2017,1056977777.77778
KNA,2018,1076548148.14815
KNA,2019,1107855555.55556
KNA,2020,883922222.222222
KNA,2021,858622222.222222
KOR,2011,1253289537500.81
KOR,2012,1278046536287.01
KOR,2013,1370632955321.2
KOR,2014,1484488526271.8
KOR,2015,1466038936206.43
KOR,2016,1499679823909.61
KOR,2017,1623074183501.9
KOR,2018,1725373496825.43
KOR,2019,1651422932447.77
KOR,2020,1644312831906.17
KOR,2021,1818432106880.04
KWT,2011,154039231299.128
KWT,2012,174047662555.419
KWT,2013,174168116687.215
KWT,2014,162650450784.686
KWT,2015,114585555830.916
KWT,2016,109406674087.947
KWT,2017,120687539675.517
KWT,2018,138646316321.596
KWT,2019,140856394870.02
KWT,2020,111045470461.207
KWT,2021,148459291453.471
LAO,2011,8750104617.17303
LAO,2012,10192846339.4029
LAO,2013,11983252626.5452
LAO,2014,13279245886.3854
LAO,2015,14426380125.6488
LAO,2016,15912501722.6143
LAO,2017,17071155481.4994
LAO,2018,18141641089.7963
LAO,2019,18740561512.5555
LAO,2020,18981805250.2424
LAO,2021,18827148530.9347
LBN,2011,39927125961.5257
LBN,2012,44016799515.7546
LBN,2013,46880103080.597
LBN,2014,48095213746.6003
LBN,2015,49929337836.8159
LBN,2016,51147308774.1294
LBN,2017,53027680685.9038
LBN,2018,54901519155.5556
LBN,2019,51605959131.2741
LBN,2020,31712128253.7961
LBN,2021,23131941556.7843
LBR,2011,2398000000.0
LBR,2012,2791614000.0
LBR,2013,3177198100.0
LBR,2014,3225652000.0
LBR,2015,3227075700.0
LBR,2016,3398419600.0
LBR,2017,3390703400.0
LBR,2018,3422754800.0
LBR,2019,3319596500.0
LBR,2020,3176126300.0
LBR,2021,3513049500.0
LBY,2011,48169263294.1007
LBY,2012,92540938129.1315
LBY,2013,75351107029.0605
LBY,2014,57372355592.022
LBY,2015,48717501321.3052
LBY,2016,49912073701.298
LBY,2017,67157452181.7738
LBY,2018,76686029772.1483
LBY,2019,69254496471.6938
LBY,2020,46854285440.642
LBY,2021,35217995647.2862
LCA,2011,1568370370.37037
LCA,2012,1598207407.40741
LCA,2013,1660222222.22222
LCA,2014,1749185185.18518
LCA,2015,1807629629.62963
LCA,2016,1868555555.55556
LCA,2017,1998518518.51852
LCA,2018,2060962962.96296
LCA,2019,2095370370.37037
LCA,2020,1499296296.2963
LCA,2021,1867185185.18518
LIE,2011,5739706004.89616
LIE,2012,5456102482.28614
LIE,2013,6391708310.67727
LIE,2014,6657526979.72277
LIE,2015,6268515276.17441
LIE,2016,6237302033.50132
LIE,2017,6474308717.85289
LIE,2018,6692620691.84146
LIE,2019,6436467007.11932
LIE,2020,6405870210.32293
LIE,2021,7710380085.92257
LKA,2011,67753284043.9282
LKA,2012,70447216891.3366
LKA,2013,77000578167.353
LKA,2014,82528535713.926
LKA,2015,85140955388.8509
LKA,2016,88012282205.8357
LKA,2017,94376237797.2367
LKA,2018,94493871200.7869
LKA,2019,89014978344.1404
LKA,2020,84304298770.5329
LKA,2021,88609324901.9774
LSO,2011,2579409619.96722
LSO,2012,2477702216.26888
LSO,2013,2367112931.642
LSO,2014,2441063054.05792
LSO,2015,2359686724.53829
LSO,2016,2114426452.2019
LSO,2017,2306741672.29006
LSO,2018,2556247291.99785
LSO,2019,2390702295.82777
LSO,2020,2053699870.07191
LSO,2021,2412130056.55851
LTU,2011,43186501862.7907
LTU,2012,42709372066.8627
LTU,2013,46303660422.0434
LTU,2014,48306546656.9281
LTU,2015,41540954817.2039
LTU,2016,42970749245.0336
LTU,2017,47756764508.446
LTU,2018,54261795148.5372
LTU,2019,55122066225.796
LTU,2020,57412038533.2718
LTU,2021,67037321008.9679
LUX,2011,61696281326.2453
LUX,2012,59776383527.3602
LUX,2013,65203276466.9763
LUX,2014,68804811897.6445
LUX,2015,60071584216.1375
LUX,2016,62216885435.9488
LUX,2017,65712180342.9836
LUX,2018,71000359760.4611
LUX,2019,69890505323.5842
LUX,2020,73699366700.2134
LUX,2021,85584105993.8746
LVA,2011,26575547900.8247
LVA,2012,27116149948.6683
LVA,2013,29152128167.8438
LVA,2014,30277203767.4058
LVA,2015,26344565876.8902
LVA,2016,27117105059.5075
LVA,2017,29391059767.4259
LVA,2018,33247935477.3576
LVA,2019,33099503950.847
LVA,2020,33379927434.6149
LVA,2021,38185125732.9451
MAC,2011,36845888757.1886
MAC,2012,43189721376.9846
MAC,2013,51536595089.2793
MAC,2014,54902831793.5018
MAC,2015,45048190598.3249
MAC,2016,45070808688.9611
MAC,2017,50383871120.8733
MAC,2018,55190661339.7796
MAC,2019,55082293844.1008
MAC,2020,25343525935.8358
MAC,2021,30969334705.0515
MAF,2011,775875748.523832
MAF,2012,
MAF,2013,
MAF,2014,772921958.529509
MAF,2015,
MAF,2016,
MAF,2017,
MAF,2018,
MAF,2019,652206037.103874
MAF,2020,
MAF,2021,649206262.847519
MAR,2011,110080631332.375
MAR,2012,106937392311.129
MAR,2013,115739287305.08
MAR,2014,119130841411.664
MAR,2015,110413823841.592
MAR,2016,111572947004.917
MAR,2017,118540573367.844
MAR,2018,127341147581.818
MAR,2019,128920266409.458
MAR,2020,121353645057.144
MAR,2021,142022058447.231
MCO,2011,6088689808.38347
MCO,2012,5742749294.00852
MCO,2013,6555591709.88585
MCO,2014,7070017323.65476
MCO,2015,6264756528.37691
MCO,2016,6471290793.55029
MCO,2017,6430254652.58934
MCO,2018,7184333936.01355
MCO,2019,7383496254.23721
MCO,2020,6730736282.78961
MCO,2021,8623242743.29564
MDA,2011,8414352020.49442
MDA,2012,8709138634.82921
MDA,2013,9496717875.51932
MDA,2014,9402090137.7423
MDA,2015,7797667196.73087
MDA,2016,7980917075.7748
MDA,2017,9514404016.20949
MDA,2018,11252353420.8798
MDA,2019,11736797054.6965
MDA,2020,11530746234.4492
MDA,2021,13691869264.0794
MDG,2011,11551819617.874
MDG,2012,11578975061.9479
MDG,2013,12423555455.3853
MDG,2014,12522957399.2281
MDG,2015,11323020701.3017
MDG,2016,11848613858.442
MDG,2017,13176313593.5509
MDG,2018,13760033282.2925
MDG,2019,14104664678.5063
MDG,2020,13051441203.9474
MDG,2021,14554754116.5427
MDV,2011,2774350240.04918
MDV,2012,2886163997.20531
MDV,2013,3295009237.50107
MDV,2014,3697353039.20043
MDV,2015,4129505319.12921
MDV,2016,4409942623.85538
MDV,2017,4816426256.52914
MDV,2018,5404344162.69888
MDV,2019,5726094799.37709
MDV,2020,3712604583.36665
MDV,2021,5252457369.55218
MEX,2011,1229013703416.76
MEX,2012,1255110424817.79
MEX,2013,1327436290282.67
MEX,2014,1364507717614.13
MEX,2015,1213294467716.88
MEX,2016,1112233497452.7
MEX,2017,1190721475906.0
MEX,2018,1256300182879.73
MEX,2019,1304106203694.81
MEX,2020,1121064767261.88
MEX,2021,1316569466932.59
MHL,2011,172300000.0
MHL,2012,180700000.0
MHL,2013,186400000.0
MHL,2014,186000000.0
MHL,2015,183700000.0
MHL,2016,201800000.0
MHL,2017,213700000.0
MHL,2018,220000000.0
MHL,2019,232900000.0
MHL,2020,241800000.0
MHL,2021,258900000.0
MKD,2011,10494626767.6445
MKD,2012,9745261300.57788
MKD,2013,10817702346.0674
MKD,2014,11362265252.778
MKD,2015,10064519962.5655
MKD,2016,10672467073.2873
MKD,2017,11307067069.6658
MKD,2018,12683068114.2388
MKD,2019,12606338448.547
MKD,2020,12361036913.8409
MKD,2021,14000283827.0154
MLI,2011,12995112690.2596
MLI,2012,12442035339.1049
MLI,2013,13242690786.0938
MLI,2014,14364937124.0727
MLI,2015,13104764378.326
MLI,2016,14026048335.7047
MLI,2017,15365713048.1993
MLI,2018,17070867589.9055
MLI,2019,17280250810.0321
MLI,2020,17465392764.3706
MLI,2021,19309463508.0377
MLT,2011,9789361703.69731
MLT,2012,9609532088.88683
MLT,2013,10796782637.51
MLT,2014,11888032872.432
MLT,2015,11340795041.8065
MLT,2016,12025782834.3596
MLT,2017,14161366723.6779
MLT,2018,16153779511.1559
MLT,2019,16337793530.7788
MLT,2020,16385919535.6742
MLT,2021,19718565605.433
MMR,2011,59977326085.9908
MMR,2012,59937796648.2158
MMR,2013,60269732854.827
MMR,2014,65531374199.6742
MMR,2015,59607290407.5944
MMR,2016,63298361996.2153
MMR,2017,66053040483.0016
MMR,2018,67860515989.517
MMR,2019,75065106227.6892
MMR,2020,79006113643.1906
MMR,2021,66345291160.1683
MNE,2011,4544428421.49513
MNE,2012,4087526241.81268
MNE,2013,4465772400.37453
MNE,2014,4593853290.963
MNE,2015,4054730077.57718
MNE,2016,4376930578.32395
MNE,2017,4856599480.79882
MNE,2018,5506942238.35668
MNE,2019,5542054181.12616
MNE,2020,4769996866.00758
MNE,2021,5861427505.12493
MNG,2011,10409797377.8571
MNG,2012,12292770631.565
MNG,2013,12582122604.2577
MNG,2014,12226514668.0622
MNG,2015,11619892590.6941
MNG,2016,11181350649.3573
MNG,2017,11480847740.736
MNG,2018,13178094720.4986
MNG,2019,14206359017.5143
MNG,2020,13312981429.0891
MNG,2021,15286441737.6686
MNP,2011,729000000.0
MNP,2012,746000000.0
MNP,2013,772000000.0
MNP,2014,832000000.0
MNP,2015,910000000.0
MNP,2016,1230000000.0
MNP,2017,1560000000.0
MNP,2018,1301000000.0
MNP,2019,1179000000.0
MNP,2020,866000000.0
MNP,2021,914000000.0
MOZ,2011,14619279988.716
MOZ,2012,16688114144.0745
MOZ,2013,17198073057.1981
MOZ,2014,17978246586.0662
MOZ,2015,16208985769.615
MOZ,2016,12069051237.1711
MOZ,2017,13264640645.7768
MOZ,2018,15017358952.8452
MOZ,2019,15512759046.672
MOZ,2020,14235420174.1884
MOZ,2021,16168055475.4449
MRT,2011,6764627745.9033
MRT,2012,6728208836.22143
MRT,2013,7223071097.08417
MRT,2014,6592537781.81518
MRT,2015,6166863896.68677
MRT,2016,6398747592.13185
MRT,2017,6800135898.28827
MRT,2018,7473550557.07378
MRT,2019,7894764885.82312
MRT,2020,8260752385.23089
MRT,2021,9222536364.01272
MUS,2011,11518413429.9684
MUS,2012,11668696396.7887
MUS,2013,12292974141.4044
MUS,2014,13074129952.0532
MUS,2015,12007291045.6489
MUS,2016,12594155464.4136
MUS,2017,13713506130.6081
MUS,2018,14735695930.9727
MUS,2019,14436346979.6355
MUS,2020,11408106446.3144
MUS,2021,11484348857.8529
MWI,2011,11648142958.3651
MWI,2012,8773203178.16512
MWI,2013,8031571927.62055
MWI,2014,8801326169.14547
MWI,2015,9219474379.31534
MWI,2016,7909868618.46366
MWI,2017,8943543793.5839
MWI,2018,9879231591.52434
MWI,2019,11051865579.8121
MWI,2020,11769313597.8545
MWI,2021,12378129750.9872
MYS,2011,297951668674.835
MYS,2012,314443047642.111
MYS,2013,323276235524.415
MYS,2014,338066095097.254
MYS,2015,301355266964.947
MYS,2016,301256033870.334
MYS,2017,319109094160.343
MYS,2018,358788845712.53
MYS,2019,365177721021.516
MYS,2020,337456163961.211
MYS,2021,373784823672.946
NAM,2011,12523359440.5499
NAM,2012,13042053591.6857
NAM,2013,12043307277.1235
NAM,2014,12435430969.6301
NAM,2015,11335161083.5061
NAM,2016,10722018732.0936
NAM,2017,12895153370.9132
NAM,2018,13682019076.4022
NAM,2019,12541928303.48
NAM,2020,10583748541.5258
NAM,2021,12402486183.6396
NCL,2011,10351448004.7674
NCL,2012,9659151917.40484
NCL,2013,10151382933.1594
NCL,2014,10635035594.7528
NCL,2015,8738203074.3957
NCL,2016,8724568954.89799
NCL,2017,9174048681.98577
NCL,2018,9896402283.68587
NCL,2019,9475655324.59495
NCL,2020,9454629467.91408
NCL,2021,10071349663.8484
NER,2011,8772950777.79176
NER,2012,9426912647.59111
NER,2013,10224897437.8648
NER,2014,10862943543.5419
NER,2015,9683867926.44282
NER,2016,10398861981.7583
NER,2017,11185104251.6943
NER,2018,12837307496.8821
NER,2019,12889555561.2299
NER,2020,13744653103.058
NER,2021,14915002436.069
NGA,2011,414466676831.16
NGA,2012,463971018239.281
NGA,2013,520117180313.906
NGA,2014,574183763411.508
NGA,2015,493026682800.63
NGA,2016,404649125252.16
NGA,2017,375745731053.427
NGA,2018,421739251509.08
NGA,2019,474517490844.461
NGA,2020,432198898467.795
NGA,2021,440833635873.827
NIC,2011,9774320144.00049
NIC,2012,10531980451.1847
NIC,2013,10982954744.4415
NIC,2014,11880433902.9361
NIC,2015,12756685550.3389
NIC,2016,13286101094.3863
NIC,2017,13785924216.2724
NIC,2018,13025234820.8225
NIC,2019,12699028889.666
NIC,2020,12681569254.2815
NIC,2021,14144060853.1362
NLD,2011,913140741332.687
NLD,2012,845689017065.625
NLD,2013,883951539006.669
NLD,2014,901556501756.467
NLD,2015,775743675302.734
NLD,2016,797163949289.885
NLD,2017,848233537845.884
NLD,2018,929733599796.862
NLD,2019,928903005576.469
NLD,2020,932560861701.17
NLD,2021,1054472123449.6
NOR,2011,501360549669.404
NOR,2012,512777309840.997
NOR,2013,526014468085.106
NOR,2014,501736471832.848
NOR,2015,388159512245.53
NOR,2016,370956547619.048
NOR,2017,401745275035.261
NOR,2018,439788625883.8
NOR,2019,408742840909.091
NOR,2020,367633418886.627
NOR,2021,503367986030.268
NPL,2011,21573872420.7008
NPL,2012,21703100877.1309
NPL,2013,22162204924.5726
NPL,2014,22731612922.1906
NPL,2015,24360801286.7638
NPL,2016,24524109483.5293
NPL,2017,28971588940.364
NPL,2018,33111525237.149
NPL,2019,34186180699.0255
NPL,2020,33433659301.2466
NPL,2021,36924841394.2605
NRU,2011,65444173.7762725
NRU,2012,100794924.670417
NRU,2013,94385014.9425842
NRU,2014,98752257.0453222
NRU,2015,84383388.6448573
NRU,2016,97276023.0784346
NRU,2017,108862278.516511
NRU,2018,130937589.753517
NRU,2019,124871111.377973
NRU,2020,124530027.301054
NRU,2021,175513984.500084
NZL,2011,168295307149.46
NZL,2012,176210710655.208
NZL,2013,190909855416.34
NZL,2014,201337554959.49
NZL,2015,178104220784.881
NZL,2016,188898209220.167
NZL,2017,206566916732.292
NZL,2018,211846555690.736
NZL,2019,212846907683.439
NZL,2020,212697530897.56
NZL,2021,253644079784.977
OMN,2011,77497529258.7776
OMN,2012,87408842652.7958
OMN,2013,89936020806.2419
OMN,2014,92699089726.9181
OMN,2015,78710793237.9714
OMN,2016,75128738621.5865
OMN,2017,80856697009.1027
OMN,2018,91505851755.5267
OMN,2019,88060858257.4772
OMN,2020,75909492847.8544
OMN,2021,87323797139.1417
PAK,2011,230586581059.665
PAK,2012,250106966104.704
PAK,2013,258657231672.412
PAK,2014,271390474857.632
PAK,2015,299963590534.773
PAK,2016,313630000130.435
PAK,2017,339205534861.1
PAK,2018,356128166704.921
PAK,2019,320909472770.669
PAK,2020,300425609817.981
PAK,2021,348516647445.148
PAN,2011,35687738300.0
PAN,2012,41595439700.0
PAN,2013,46949496500.0
PAN,2014,51427104900.0
PAN,2015,55767806100.0
PAN,2016,59760858700.0
PAN,2017,64327688800.0
PAN,2018,67316471200.0
PAN,2019,69778991200.0
PAN,2020,57059846500.0
PAN,2021,67396392500.0
PER,2011,171761737046.585
PER,2012,192650021648.583
PER,2013,201175543571.392
PER,2014,200786250582.943
PER,2015,189802976285.619
PER,2016,191898104390.379
PER,2017,211007984080.911
PER,2018,222597009739.235
PER,2019,228346006003.648
PER,2020,201409694755.934
PER,2021,226354278280.885
PHL,2011,234216730295.938
PHL,2012,261920540972.102
PHL,2013,283902828581.65
PHL,2014,297483555344.802
PHL,2015,306445871246.718
PHL,2016,318627003012.52
PHL,2017,328480736798.792
PHL,2018,346841896583.515
PHL,2019,376823402244.928
PHL,2020,361751145451.597
PHL,2021,394087359848.11
PLW,2011,198873900.0
PLW,2012,215762400.0
PLW,2013,225345718.75
PLW,2014,243156484.375
PLW,2015,278824781.25
PLW,2016,298323500.0
PLW,2017,285600000.0
PLW,2018,288546281.25
PLW,2019,281941562.5
PLW,2020,258990843.75
PLW,2021,235752906.25
PNG,2011,17985138065.8549
PNG,2012,21295168665.7247
PNG,2013,21261338064.8783
PNG,2014,23210823987.308
PNG,2015,21723437010.0982
PNG,2016,20758876952.6232
PNG,2017,22742699138.356
PNG,2018,24109780708.0268
PNG,2019,24750626040.5917
PNG,2020,23848447849.7467
PNG,2021,26109413522.3081
POL,2011,527848543023.469
POL,2012,498148649702.66
POL,2013,518179836405.36
POL,2014,542134167178.627
POL,2015,480054118583.367
POL,2016,473259583969.643
POL,2017,528356676667.211
POL,2018,594616687350.017
POL,2019,602683770144.88
POL,2020,605914237903.742
POL,2021,689170230665.35
PRI,2011,100351700000.0
PRI,2012,101564800000.0
PRI,2013,102450000000.0
PRI,2014,102445800000.0
PRI,2015,103375500000.0
PRI,2016,104336700000.0
PRI,2017,103445500000.0
PRI,2018,100958100000.0
PRI,2019,105126400000.0
PRI,2020,103130900000.0
PRI,2021,106426600000.0
PRK,2011,
PRK,2012,
PRK,2013,
PRK,2014,
PRK,2015,
PRK,2016,
PRK,2017,
PRK,2018,
PRK,2019,
PRK,2020,
PRK,2021,
PRT,2011,245426767676.002
PRT,2012,216536676771.973
PRT,2013,226677408291.745
PRT,2014,230078616299.675
PRT,2015,199038523119.639
PRT,2016,206305431241.638
PRT,2017,220862990767.229
PRT,2018,242092894542.888
PRT,2019,240115970063.019
PRT,2020,229618773422.577
PRT,2021,256055879091.139
PRY,2011,33756238766.5
PRY,2012,33271921136.315
PRY,2013,38501122141.4241
PRY,2014,40377929295.6419
PRY,2015,36211447840.0971
PRY,2016,36089700222.9461
PRY,2017,38997129473.5558
PRY,2018,40225448340.6322
PRY,2019,37925338329.1494
PRY,2020,35432178068.1814
PRY,2021,39950899938.7482
PSE,2011,11186100000.0
PSE,2012,12208400000.0
PSE,2013,13515500000.0
PSE,2014,13989700000.0
PSE,2015,13972400000.0
PSE,2016,15405400000.0
PSE,2017,16128000000.0
PSE,2018,16276600000.0
PSE,2019,17133500000.0
PSE,2020,15531700000.0
PSE,2021,18109000000.0
PYF,2011,6203940036.91982
PYF,2012,5692858099.00217
PYF,2013,6031827122.60663
PYF,2014,6151996560.84289
PYF,2015,5325846361.81186
PYF,2016,5497036476.8031
PYF,2017,5833352692.7995
PYF,2018,6135116253.33452
PYF,2019,6022276196.13871
PYF,2020,5792545870.80614
PYF,2021,6150640646.38319
QAT,2011,167775268626.374
QAT,2012,186833502362.637
QAT,2013,198727642967.033
QAT,2014,206224598571.429
QAT,2015,161739955576.923
QAT,2016,151732181868.132
QAT,2017,161099122225.275
QAT,2018,183334953818.681
QAT,2019,176371267689.082
QAT,2020,144411363345.27
QAT,2021,179732009554.846
ROU,2011,192623977894.173
ROU,2012,179117323107.087
ROU,2013,189798603751.235
ROU,2014,199722319675.741
ROU,2015,177885131240.315
ROU,2016,185290759248.844
ROU,2017,210147385855.419
ROU,2018,243468683030.34
ROU,2019,251677082534.495
ROU,2020,252033792712.145
ROU,2021,286578196368.297
RUS,2011,2045922753398.04
RUS,2012,2208293553878.42
RUS,2013,2292470078346.22
RUS,2014,2059241589895.01
RUS,2015,1363482182197.71
RUS,2016,1276786350881.14
RUS,2017,1574199360089.0
RUS,2018,1657328773461.31
RUS,2019,1693115002708.32
RUS,2020,1493075894362.14
RUS,2021,1843392293734.38
RWA,2011,6884913658.10632
RWA,2012,7654761573.54991
RWA,2013,7819963715.75353
RWA,2014,8238966063.86692
RWA,2015,8543759677.58157
RWA,2016,8695272300.91019
RWA,2017,9252834336.49492
RWA,2018,9637904655.17446
RWA,2019,10349300380.33
RWA,2020,10174387374.3478
RWA,2021,11069280649.6459
SAU,2011,676634666666.667
SAU,2012,741849866666.667
SAU,2013,753864533333.333
SAU,2014,766605866666.667
SAU,2015,669484266666.667
SAU,2016,666000000000.0
SAU,2017,714994666666.667
SAU,2018,846583733333.333
SAU,2019,838564800000.0
SAU,2020,734271200000.0
SAU,2021,874156000000.0
SDN,2011,55018567210.5263
SDN,2012,37632919966.6667
SDN,2013,43024018082.1918
SDN,2014,49516748617.9775
SDN,2015,51726758676.7677
SDN,2016,42630376000.0
SDN,2017,41283617976.1905
SDN,2018,32333780383.2924
SDN,2019,32338079165.2893
SDN,2020,27034593750.0
SDN,2021,34229513774.9936
SEN,2011,17814283639.3119
SEN,2012,17660870411.5235
SEN,2013,18918667724.8817
SEN,2014,19797253440.2679
SEN,2015,17774766696.1759
SEN,2016,19040312333.1864
SEN,2017,20996562943.5979
SEN,2018,23116701556.1381
SEN,2019,23403995992.1354
SEN,2020,24530513037.7518
SEN,2021,27520784129.7508
SGP,2011,279356499090.458
SGP,2012,295092888076.589
SGP,2013,307576360584.992
SGP,2014,314863580758.455
SGP,2015,307998545269.398
SGP,2016,319053943915.005
SGP,2017,343257164581.712
SGP,2018,376892697588.005
SGP,2019,376901649222.451
SGP,2020,349488382610.662
SGP,2021,434111559282.849
SLB,2011,1063895360.69907
SLB,2012,1185215418.25562
SLB,2013,1285911586.132
SLB,2014,1335571420.72676
SLB,2015,1307909887.55212
SLB,2016,1379490304.2254
SLB,2017,1469789119.08756
SLB,2018,1615478393.28614
SLB,2019,1619155017.3924
SLB,2020,1536145814.17007
SLB,2021,1522794913.0914
SLE,2011,4587078913.13315
SLE,2012,5927684219.15278
SLE,2013,7697098118.19922
SLE,2014,7845456215.27807
SLE,2015,6651626733.64854
SLE,2016,6042615859.61074
SLE,2017,5818480351.63706
SLE,2018,6390514688.52816
SLE,2019,6523577590.38319
SLE,2020,6688594757.62129
SLE,2021,7165214367.64956
SLV,2011,20283780000.0
SLV,2012,21386150000.0
SLV,2013,21990960000.0
SLV,2014,22593470000.0
SLV,2015,23438240000.0
SLV,2016,24191430000.0
SLV,2017,24979190000.0
SLV,2018,26020850000.0
SLV,2019,26881140000.0
SLV,2020,24921190000.0
SLV,2021,29043140000.0
SMR,2011,1813717438.69134
SMR,2012,1604701299.43546
SMR,2013,1678741475.14095
SMR,2014,1673911426.17254
SMR,2015,1419401070.56043
SMR,2016,1468343139.74326
SMR,2017,1528620346.31168
SMR,2018,1655353653.05934
SMR,2019,1616232125.12587
SMR,2020,1544714493.24409
SMR,2021,1855395999.76534
SOM,2011,2906000096.93249
SOM,2012,4364670160.00146
SOM,2013,5062881613.12833
SOM,2014,5728399710.56333
SOM,2015,6152149080.00168
SOM,2016,6613743089.99932
SOM,2017,7621501720.00021
SOM,2018,7873440838.36559
SOM,2019,8655023960.002
SOM,2020,8628393719.99922
SOM,2021,9483997404.25227
SRB,2011,51251098408.0924
SRB,2012,45103269969.4112
SRB,2013,50455529604.0696
SRB,2014,49114321280.3466
SRB,2015,41297410634.9586
SRB,2016,42225495909.5633
SRB,2017,45972834713.8077
SRB,2018,52787520248.9242
SRB,2019,53864693664.5568
SRB,2020,55874017668.998
SRB,2021,66159884072.5308
SSD,2011,14907308932.7534
SSD,2012,11931472169.4915
SSD,2013,18426469016.9492
SSD,2014,13962212847.4576
SSD,2015,11997800760.2242
SSD,2016,
SSD,2017,
SSD,2018,
SSD,2019,
SSD,2020,
SSD,2021,
STP,2011,226455001.243083
STP,2012,229371348.202606
STP,2013,267041747.584354
STP,2014,293119143.246825
STP,2015,259999643.047388
STP,2016,292267272.196925
STP,2017,322002845.229335
STP,2018,383717327.830508
STP,2019,412976082.620705
STP,2020,471229484.607144
STP,2021,524402455.54816
SUR,2011,4422276621.78703
SUR,2012,4980000000.0
SUR,2013,5145757575.75758
SUR,2014,5240606060.60606
SUR,2015,5126237646.22072
SUR,2016,3317421648.09918
SUR,2017,3591679430.99988
SUR,2018,3996198866.57453
SUR,2019,4016040575.08796
SUR,2020,2911807496.20227
SUR,2021,3107923197.96954
SVK,2011,99705104723.4341
SVK,2012,94724394278.052
SVK,2013,99134277850.3418
SVK,2014,101713075598.862
SVK,2015,89178548717.3324
SVK,2016,90347173228.6356
SVK,2017,95978130734.9766
SVK,2018,106611673364.837
SVK,2019,105843498304.094
SVK,2020,107732602896.441
SVK,2021,120592216208.386
SVN,2011,51199194599.3094
SVN,2012,46167053954.3367
SVN,2013,47867056858.8892
SVN,2014,49514466379.6057
SVN,2015,42709468274.8137
SVN,2016,44290685824.0682
SVN,2017,48153200134.6613
SVN,2018,53689067639.9176
SVN,2019,53909922735.545
SVN,2020,53384760135.1581
SVN,2021,61529280461.092
SWE,2011,570541353128.724
SWE,2012,549742183874.355
SWE,2013,584128116410.29
SWE,2014,577730245154.162
SWE,2015,501698263620.663
SWE,2016,514218206628.325
SWE,2017,536083940228.684
SWE,2018,551312498430.164
SWE,2019,532169294165.94
SWE,2020,545147614972.141
SWE,2021,637186904843.636
SWZ,2011,4820478680.18375
SWZ,2012,4886551483.93374
SWZ,2013,4418333192.47449
SWZ,2014,4250545460.94523
SWZ,2015,3878174403.5524
SWZ,2016,3705918654.13708
SWZ,2017,4437538381.32249
SWZ,2018,4659474399.74018
SWZ,2019,4594818143.27624
SWZ,2020,4105756862.55271
SWZ,2021,4737671576.32851
SXM,2011,936089385.47486
SXM,2012,985865921.787709
SXM,2013,1022905027.93296
SXM,2014,1361811508.37989
SXM,2015,1417888715.0838
SXM,2016,1427017206.70391
SXM,2017,1353212122.90503
SXM,2018,1259200446.92737
SXM,2019,1407880446.92737
SXM,2020,1236428100.55866
SXM,2021,1353071061.45251
SYC,2011,1058918707.26124
SYC,2012,1089407839.19709
SYC,2013,1333160407.38516
SYC,2014,1387577870.08161
SYC,2015,1432403352.12944
SYC,2016,1568513348.14463
SYC,2017,1675370641.01416
SYC,2018,1784313926.76807
SYC,2019,1868690096.73454
SYC,2020,1382551751.56908
SYC,2021,1487173794.80528
SYR,2011,67539428159.4474
SYR,2012,43190318032.5627
SYR,2013,21361254635.051
SYR,2014,21502061465.9498
SYR,2015,16466863117.0009
SYR,2016,12597854877.4254
SYR,2017,16369843352.3453
SYR,2018,21497782867.6426
SYR,2019,22583045060.0821
SYR,2020,12047752036.091
SYR,2021,14353205678.4991
TCA,2011,728789600.0
TCA,2012,727161000.0
TCA,2013,754238000.0
TCA,2014,841070000.0
TCA,2015,942070000.0
TCA,2016,1032452000.0
TCA,2017,1028941663.2
TCA,2018,1128749004.5304
TCA,2019,1177285211.72521
TCA,2020,774653669.315186
TCA,2021,1045782453.5755
TCD,2011,12172308851.0395
TCD,2012,12367362757.1342
TCD,2013,12953534866.4286
TCD,2014,13940767218.5849
TCD,2015,10950392256.9543
TCD,2016,10097778098.1707
TCD,2017,10000394381.0177
TCD,2018,11239167898.3395
TCD,2019,11314951091.7283
TCD,2020,10715396042.3343
TCD,2021,11779981332.8631
TGO,2011,5422442166.44146
TGO,2012,5413544658.41535
TGO,2013,6021732977.26584
TGO,2014,6393318261.82712
TGO,2015,5755461035.38026
TGO,2016,6071170959.12093
TGO,2017,6387422517.69225
TGO,2018,7029300383.08031
TGO,2019,6992700101.37188
TGO,2020,7400284167.78479
TGO,2021,8342243645.94438
THA,2011,370818739623.622
THA,2012,397558325278.579
THA,2013,420333654592.547
THA,2014,407339040197.651
THA,2015,401296238228.084
THA,2016,413366349747.508
THA,2017,456356813536.764
THA,2018,506754208404.485
THA,2019,543976691793.886
THA,2020,500461898480.246
THA,2021,506256494297.34
TJK,2011,6522756255.012
TJK,2012,7633036903.07634
TJK,2013,8448411318.25417
TJK,2014,9112605459.32845
TJK,2015,8271431485.07484
TJK,2016,6992416096.89018
TJK,2017,7536402852.85802
TJK,2018,7764999999.45362
TJK,2019,8300813599.3084
TJK,2020,8133963550.65742
TJK,2021,8937805347.13963
TKM,2011,29233333333.3333
TKM,2012,35164210526.3158
TKM,2013,39197543859.6491
TKM,2014,43524210526.3158
TKM,2015,35799714285.7143
TKM,2016,36169428571.4286
TKM,2017,37926285714.2857
TKM,2018,40765428571.4286
TKM,2019,45232857142.8571
TKM,2020,45818000000.0
TKM,2021,50007428571.4286
TLS,2011,1042534600.0
TLS,2012,1160555000.0
TLS,2013,1395727400.0
TLS,2014,1447535200.0
TLS,2015,1590282400.0
TLS,2016,1640464600.0
TLS,2017,1584878400.0
TLS,2018,1555988600.0
TLS,2019,2032550400.0
TLS,2020,2162619200.0
TLS,2021,3624889700.0
TON,2011,414143823.181648
TON,2012,471122970.872337
TON,2013,451788486.864637
TON,2014,440997738.014078
TON,2015,437525514.240726
TON,2016,420828262.317922
TON,2017,459976850.268529
TON,2018,489714518.002333
TON,2019,494197841.113077
TON,2020,496856295.76752
TON,2021,518228012.09129
TTO,2011,25433007437.1605
TTO,2012,27334568806.1922
TTO,2013,28709859468.8597
TTO,2014,29697674913.5408
TTO,2015,27026750552.9647
TTO,2016,23722678429.8078
TTO,2017,24040211327.4898
TTO,2018,24569257295.0918
TTO,2019,23775659262.5735
TTO,2020,20807716174.0546
TTO,2021,24496397204.7176
TUN,2011,48123325825.0739
TUN,2012,47311401812.6733
TUN,2013,48685446413.953
TUN,2014,50271812920.612
TUN,2015,45779494041.9295
TUN,2016,44360072680.4476
TUN,2017,42163530590.9462
TUN,2018,42686504459.801
TUN,2019,41905642418.825
TUN,2020,42491780918.361
TUN,2021,46812290143.344
TUR,2011,838785289694.35
TUR,2012,880555885492.269
TUR,2013,957799120008.32
TUR,2014,938934609296.966
TUR,2015,864313810469.009
TUR,2016,869682881593.041
TUR,2017,858988492853.742
TUR,2018,778972108040.602
TUR,2019,761005915750.925
TUR,2020,720338490327.248
TUR,2021,819865223976.115
TUV,2011,39196957.4908996
TUV,2012,39345579.4723758
TUV,2013,38615890.6320745
TUV,2014,38760982.6540096
TUV,2015,36811936.0824587
TUV,2016,41629064.2232388
TUV,2017,45276595.3533146
TUV,2018,48015259.8751356
TUV,2019,54123198.5662913
TUV,2020,51746594.3148543
TUV,2021,60196405.7138393
TZA,2011,34657140096.4836
TZA,2012,39650394362.9287
TZA,2013,45648857242.315
TZA,2014,49986726460.6805
TZA,2015,47413919817.124
TZA,2016,49774409374.4538
TZA,2017,53274884532.7886
TZA,2018,57003712892.0858
TZA,2019,61026731925.9213
TZA,2020,66068737786.0639
TZA,2021,70655628147.8986
UGA,2011,27871725241.4723
UGA,2012,27305915910.7877
UGA,2013,28915786516.6123
UGA,2014,32612397257.4458
UGA,2015,32387183730.1002
UGA,2016,29203988696.2626
UGA,2017,30744473841.424
UGA,2018,32927025619.6795
UGA,2019,35348155095.4215
UGA,2020,37600368241.6657
UGA,2021,40529788748.6737
UKR,2011,169333835201.554
UKR,2012,182591753827.949
UKR,2013,190498811460.028
UKR,2014,133503871861.723
UKR,2015,91030967789.0717
UKR,2016,93355869403.9223
UKR,2017,112090505081.739
UKR,2018,130891088293.55
UKR,2019,153883047509.577
UKR,2020,156617722013.342
UKR,2021,199765859570.935
URY,2011,50342406067.0777
URY,2012,54232266358.7811
URY,2013,61337621933.7857
URY,2014,61496186973.902
URY,2015,57680327998.6689
URY,2016,57480788390.2581
URY,2017,65006039994.56
URY,2018,65344576348.2279
URY,2019,62222325807.0578
URY,2020,53668636567.8667
URY,2021,60760798595.5436
USA,2011,15599732000000.0
USA,2012,16253970000000.0
USA,2013,16880683000000.0
USA,2014,17608138000000.0
USA,2015,18295019000000.0
USA,2016,18804913000000.0
USA,2017,19612102000000.0
USA,2018,20656516000000.0
USA,2019,21539982000000.0
USA,2020,21354105000000.0
USA,2021,23681171000000.0
UZB,2011,60178909297.208
UZB,2012,67517349212.0609
UZB,2013,73180037914.9104
UZB,2014,80845385809.4529
UZB,2015,86196264755.3105
UZB,2016,86138288644.171
UZB,2017,69703222282.7278
UZB,2018,58695899092.1083
UZB,2019,67293639798.3996
UZB,2020,66443265418.3086
UZB,2021,77340060003.0347
VCT,2011,713796370.37037
VCT,2012,730032592.592593
VCT,2013,764781259.259259
VCT,2014,770900000.0
VCT,2015,786555555.555555
VCT,2016,814303703.703704
VCT,2017,844040740.740741
VCT,2018,884329629.62963
VCT,2019,910766666.666667
VCT,2020,869111111.111111
VCT,2021,872225925.925926
VEN,2011,316482190800.364
VEN,2012,381286237847.667
VEN,2013,371005379786.566
VEN,2014,482359318767.703
VEN,2015,
VEN,2016,
VEN,2017,
VEN,2018,
VEN,2019,
VEN,2020,
VEN,2021,
VGB,2011,
VGB,2012,
VGB,2013,
VGB,2014,
VGB,2015,
VGB,2016,
VGB,2017,
VGB,2018,
VGB,2019,
VGB,2020,
VGB,2021,
VIR,2011,4223000000.0
VIR,2012,4089000000.0
VIR,2013,3738000000.0
VIR,2014,3565000000.0
VIR,2015,3663000000.0
VIR,2016,3798000000.0
VIR,2017,3794000000.0
VIR,2018,3923000000.0
VIR,2019,4121000000.0
VIR,2020,4229000000.0
VIR,2021,4507000000.0
VNM,2011,172595049183.925
VNM,2012,195590661129.249
VNM,2013,213708811665.34
VNM,2014,233451469642.519
VNM,2015,239258328381.741
VNM,2016,257096001177.982
VNM,2017,281353605986.903
VNM,2018,310106478394.659
VNM,2019,334365270496.667
VNM,2020,346615738537.796
VNM,2021,366474752771.009
VUT,2011,770153588.218833
VUT,2012,747839697.746593
VUT,2013,758304466.245339
VUT,2014,772315983.81843
VUT,2015,730870802.967051
VUT,2016,780889605.899977
VUT,2017,880061833.690341
VUT,2018,914736985.430944
VUT,2019,936526267.622513
VUT,2020,909421043.508407
VUT,2021,950394006.532514
WSM,2011,744097050.169115
WSM,2012,773141661.165548
WSM,2013,797736334.281305
WSM,2014,796683519.593842
WSM,2015,824150498.653536
WSM,2016,843924796.697421
WSM,2017,884844384.463214
WSM,2018,878448433.404342
WSM,2019,912950466.064906
WSM,2020,868898358.266437
WSM,2021,843923638.733018
XKX,2011,6341613609.97976
XKX,2012,6163484244.63408
XKX,2013,6735328609.6594
XKX,2014,7074394734.88431
XKX,2015,6295848422.71573
XKX,2016,6682677289.98994
XKX,2017,7180764703.35718
XKX,2018,7878759714.82322
XKX,2019,7899737577.47286
XKX,2020,7717145217.81247
XKX,2021,9413403724.01899
YEM,2011,32726417878.391
YEM,2012,35401331609.5916
YEM,2013,40415233436.1767
YEM,2014,43228585321.3272
YEM,2015,42444489522.2303
YEM,2016,31317824943.2073
YEM,2017,26842228828.5629
YEM,2018,21606160783.9845
YEM,2019,
YEM,2020,
YEM,2021,
ZAF,2011,458199494830.834
ZAF,2012,434400545085.811
ZAF,2013,400886013595.573
ZAF,2014,381198869776.106
ZAF,2015,346709790458.563
ZAF,2016,323585509674.481
ZAF,2017,381448814653.456
ZAF,2018,405260723892.517
ZAF,2019,389330032224.269
ZAF,2020,337974655408.055
ZAF,2021,420886877628.703
ZMB,2011,23459515275.5776
ZMB,2012,25503060420.026
ZMB,2013,28037239462.7142
ZMB,2014,27141023558.0829
ZMB,2015,21251216798.7762
ZMB,2016,20958412538.3093
ZMB,2017,25873601260.8353
ZMB,2018,26311507273.6735
ZMB,2019,23308667781.2258
ZMB,2020,18137764930.651
ZMB,2021,22096416932.0089
