country,year,gii_score
AGO,2011,
AGO,2012,22.2
AGO,2013,23.46
AGO,2014,23.82
AGO,2015,26.2
AGO,2016,
AGO,2017,
AGO,2018,
AGO,2019,
AGO,2020,
AGO,2021,15.0
AGO,2022,13.9
AGO,2023,10.3
AGO,2024,10.2
ALB,2011,30.45
ALB,2012,30.4
ALB,2013,30.85
ALB,2014,30.47
ALB,2015,30.74
ALB,2016,28.38
ALB,2017,28.86
ALB,2018,29.98
ALB,2019,30.34
ALB,2020,27.12
ALB,2021,28.0
ALB,2022,24.4
ALB,2023,25.4
ALB,2024,24.5
ARE,2011,41.99
ARE,2012,44.4
ARE,2013,41.87
ARE,2014,43.25
ARE,2015,40.06
ARE,2016,39.35
ARE,2017,43.24
ARE,2018,42.58
ARE,2019,42.17
ARE,2020,41.79
ARE,2021,43.0
ARE,2022,42.1
ARE,2023,43.2
ARE,2024,42.8
ARG,2011,35.36
ARG,2012,34.4
ARG,2013,37.66
ARG,2014,35.13
ARG,2015,34.3
ARG,2016,30.24
ARG,2017,32.0
ARG,2018,30.65
ARG,2019,31.95
ARG,2020,28.33
ARG,2021,29.8
ARG,2022,28.6
ARG,2023,28.0
ARG,2024,26.4
ARM,2011,33.0
ARM,2012,34.5
ARM,2013,37.59
ARM,2014,36.06
ARM,2015,37.31
ARM,2016,35.14
ARM,2017,35.65
ARM,2018,32.81
ARM,2019,33.98
ARM,2020,32.64
ARM,2021,31.4
ARM,2022,26.6
ARM,2023,28.0
ARM,2024,29.0
AUS,2011,49.85
AUS,2012,51.9
AUS,2013,53.07
AUS,2014,55.01
AUS,2015,55.22
AUS,2016,53.07
AUS,2017,51.83
AUS,2018,51.98
AUS,2019,50.34
AUS,2020,48.35
AUS,2021,48.3
AUS,2022,47.1
AUS,2023,49.7
AUS,2024,48.1
AUT,2011,50.75
AUT,2012,53.1
AUT,2013,51.87
AUT,2014,53.41
AUT,2015,54.07
AUT,2016,52.65
AUT,2017,53.1
AUT,2018,51.32
AUT,2019,50.94
AUT,2020,50.13
AUT,2021,50.9
AUT,2022,50.2
AUT,2023,53.2
AUT,2024,50.3
AZE,2011,29.17
AZE,2012,30.4
AZE,2013,28.99
AZE,2014,29.6
AZE,2015,30.1
AZE,2016,29.64
AZE,2017,30.58
AZE,2018,30.2
AZE,2019,30.21
AZE,2020,27.23
AZE,2021,28.4
AZE,2022,21.5
AZE,2023,23.3
AZE,2024,21.3
BDI,2011,
BDI,2012,20.5
BDI,2013,
BDI,2014,22.43
BDI,2015,21.04
BDI,2016,20.93
BDI,2017,21.31
BDI,2018,
BDI,2019,17.65
BDI,2020,
BDI,2021,
BDI,2022,12.3
BDI,2023,12.5
BDI,2024,13.2
BEL,2011,49.05
BEL,2012,54.3
BEL,2013,52.49
BEL,2014,51.69
BEL,2015,50.91
BEL,2016,51.97
BEL,2017,49.85
BEL,2018,50.5
BEL,2019,50.18
BEL,2020,49.13
BEL,2021,49.2
BEL,2022,46.9
BEL,2023,49.9
BEL,2024,47.7
BEN,2011,23.81
BEN,2012,24.4
BEN,2013,25.1
BEN,2014,24.21
BEN,2015,
BEN,2016,22.25
BEN,2017,23.04
BEN,2018,20.61
BEN,2019,20.42
BEN,2020,18.13
BEN,2021,18.0
BEN,2022,14.6
BEN,2023,16.0
BEN,2024,15.4
BFA,2011,23.14
BFA,2012,24.6
BFA,2013,27.03
BFA,2014,28.18
BFA,2015,28.68
BFA,2016,21.05
BFA,2017,21.86
BFA,2018,18.95
BFA,2019,23.3
BFA,2020,20.0
BFA,2021,20.5
BFA,2022,15.3
BFA,2023,14.5
BFA,2024,12.8
BGD,2011,28.05
BGD,2012,26.1
BGD,2013,24.52
BGD,2014,24.35
BGD,2015,23.71
BGD,2016,22.86
BGD,2017,23.72
BGD,2018,23.06
BGD,2019,23.31
BGD,2020,20.39
BGD,2021,20.2
BGD,2022,19.7
BGD,2023,20.2
BGD,2024,19.1
BGR,2011,38.42
BGR,2012,40.7
BGR,2013,41.33
BGR,2014,40.74
BGR,2015,42.16
BGR,2016,41.42
BGR,2017,42.84
BGR,2018,42.65
BGR,2019,40.35
BGR,2020,39.98
BGR,2021,42.4
BGR,2022,39.5
BGR,2023,39.0
BGR,2024,38.5
BHR,2011,37.8
BHR,2012,41.1
BHR,2013,36.13
BHR,2014,36.26
BHR,2015,37.67
BHR,2016,35.48
BHR,2017,34.67
BHR,2018,31.73
BHR,2019,31.1
BHR,2020,28.37
BHR,2021,28.8
BHR,2022,28.0
BHR,2023,29.1
BHR,2024,27.6
BIH,2011,30.84
BIH,2012,34.2
BIH,2013,36.24
BIH,2014,32.43
BIH,2015,32.31
BIH,2016,29.62
BIH,2017,30.23
BIH,2018,31.09
BIH,2019,31.41
BIH,2020,28.99
BIH,2021,29.6
BIH,2022,28.5
BIH,2023,27.1
BIH,2024,25.5
BLR,2011,
BLR,2012,32.9
BLR,2013,34.62
BLR,2014,37.1
BLR,2015,38.23
BLR,2016,30.39
BLR,2017,29.98
BLR,2018,29.35
BLR,2019,32.07
BLR,2020,31.27
BLR,2021,32.6
BLR,2022,27.5
BLR,2023,26.8
BLR,2024,24.2
BLZ,2011,
BLZ,2012,32.5
BLZ,2013,29.98
BLZ,2014,
BLZ,2015,
BLZ,2016,
BLZ,2017,
BLZ,2018,
BLZ,2019,
BLZ,2020,
BLZ,2021,
BLZ,2022,
BLZ,2023,
BLZ,2024,
BOL,2011,25.44
BOL,2012,25.8
BOL,2013,30.48
BOL,2014,27.76
BOL,2015,28.58
BOL,2016,25.24
BOL,2017,25.64
BOL,2018,22.88
BOL,2019,24.76
BOL,2020,22.41
BOL,2021,23.4
BOL,2022,
BOL,2023,21.4
BOL,2024,20.2
BRA,2011,37.75
BRA,2012,36.6
BRA,2013,36.33
BRA,2014,36.29
BRA,2015,34.95
BRA,2016,33.19
BRA,2017,33.1
BRA,2018,33.44
BRA,2019,33.82
BRA,2020,31.94
BRA,2021,34.2
BRA,2022,32.5
BRA,2023,33.6
BRA,2024,32.7
BRB,2011,
BRB,2012,
BRB,2013,40.48
BRB,2014,40.78
BRB,2015,42.47
BRB,2016,
BRB,2017,
BRB,2018,
BRB,2019,
BRB,2020,
BRB,2021,
BRB,2022,
BRB,2023,
BRB,2024,26.1
BRN,2011,30.93
BRN,2012,37.7
BRN,2013,35.53
BRN,2014,31.67
BRN,2015,
BRN,2016,
BRN,2017,32.89
BRN,2018,32.84
BRN,2019,32.35
BRN,2020,29.82
BRN,2021,28.2
BRN,2022,22.2
BRN,2023,23.5
BRN,2024,22.8
BTN,2011,
BTN,2012,
BTN,2013,
BTN,2014,31.83
BTN,2015,26.06
BTN,2016,27.88
BTN,2017,
BTN,2018,
BTN,2019,
BTN,2020,
BTN,2021,
BTN,2022,
BTN,2023,
BTN,2024,
BWA,2011,30.51
BWA,2012,31.4
BWA,2013,31.14
BWA,2014,30.87
BWA,2015,30.49
BWA,2016,28.96
BWA,2017,29.97
BWA,2018,28.16
BWA,2019,27.43
BWA,2020,25.43
BWA,2021,22.9
BWA,2022,23.9
BWA,2023,24.6
BWA,2024,23.1
CAN,2011,56.33
CAN,2012,56.9
CAN,2013,57.6
CAN,2014,56.13
CAN,2015,55.73
CAN,2016,54.71
CAN,2017,53.65
CAN,2018,52.98
CAN,2019,53.88
CAN,2020,52.26
CAN,2021,53.1
CAN,2022,50.8
CAN,2023,53.8
CAN,2024,52.9
CHE,2011,63.82
CHE,2012,68.2
CHE,2013,66.59
CHE,2014,64.78
CHE,2015,68.3
CHE,2016,66.28
CHE,2017,67.69
CHE,2018,68.4
CHE,2019,67.24
CHE,2020,66.08
CHE,2021,65.5
CHE,2022,64.6
CHE,2023,67.6
CHE,2024,67.5
CHL,2011,38.84
CHL,2012,42.7
CHL,2013,40.58
CHL,2014,40.64
CHL,2015,41.2
CHL,2016,38.41
CHL,2017,38.7
CHL,2018,37.79
CHL,2019,36.64
CHL,2020,33.86
CHL,2021,35.1
CHL,2022,34.0
CHL,2023,33.3
CHL,2024,32.6
CHN,2011,46.43
CHN,2012,45.4
CHN,2013,44.66
CHN,2014,46.57
CHN,2015,47.47
CHN,2016,50.57
CHN,2017,52.54
CHN,2018,53.06
CHN,2019,54.82
CHN,2020,53.28
CHN,2021,54.8
CHN,2022,55.3
CHN,2023,55.3
CHN,2024,56.3
CIV,2011,24.08
CIV,2012,22.6
CIV,2013,23.42
CIV,2014,27.02
CIV,2015,27.16
CIV,2016,25.8
CIV,2017,23.96
CIV,2018,19.96
CIV,2019,25.55
CIV,2020,21.24
CIV,2021,21.0
CIV,2022,17.8
CIV,2023,18.2
CIV,2024,17.5
CMR,2011,26.95
CMR,2012,25.0
CMR,2013,25.71
CMR,2014,27.52
CMR,2015,27.8
CMR,2016,22.82
CMR,2017,22.58
CMR,2018,23.85
CMR,2019,23.9
CMR,2020,19.98
CMR,2021,19.7
CMR,2022,15.1
CMR,2023,15.3
CMR,2024,14.4
COL,2011,32.32
COL,2012,35.5
COL,2013,37.38
COL,2014,35.5
COL,2015,36.41
COL,2016,34.16
COL,2017,34.78
COL,2018,33.78
COL,2019,33.0
COL,2020,30.84
COL,2021,31.7
COL,2022,29.2
COL,2023,29.4
COL,2024,29.2
CPV,2011,
CPV,2012,
CPV,2013,29.69
CPV,2014,30.09
CPV,2015,28.59
CPV,2016,
CPV,2017,
CPV,2018,
CPV,2019,
CPV,2020,23.86
CPV,2021,25.7
CPV,2022,
CPV,2023,23.3
CPV,2024,22.3
CRI,2011,37.91
CRI,2012,36.3
CRI,2013,41.54
CRI,2014,37.3
CRI,2015,38.59
CRI,2016,38.4
CRI,2017,37.09
CRI,2018,35.72
CRI,2019,36.13
CRI,2020,33.51
CRI,2021,34.5
CRI,2022,28.7
CRI,2023,27.9
CRI,2024,28.3
CYP,2011,46.45
CYP,2012,47.9
CYP,2013,49.32
CYP,2014,45.82
CYP,2015,43.51
CYP,2016,46.34
CYP,2017,46.84
CYP,2018,47.83
CYP,2019,48.34
CYP,2020,45.67
CYP,2021,46.7
CYP,2022,46.2
CYP,2023,46.3
CYP,2024,45.1
CZE,2011,47.3
CZE,2012,49.7
CZE,2013,48.36
CZE,2014,50.22
CZE,2015,51.32
CZE,2016,49.4
CZE,2017,50.98
CZE,2018,48.75
CZE,2019,49.43
CZE,2020,48.34
CZE,2021,49.0
CZE,2022,42.8
CZE,2023,44.8
CZE,2024,44.0
DEU,2011,54.89
DEU,2012,56.2
DEU,2013,55.83
DEU,2014,56.02
DEU,2015,57.05
DEU,2016,57.94
DEU,2017,58.39
DEU,2018,58.03
DEU,2019,58.19
DEU,2020,56.55
DEU,2021,57.3
DEU,2022,57.2
DEU,2023,58.8
DEU,2024,58.1
DNK,2011,56.96
DNK,2012,59.9
DNK,2013,58.34
DNK,2014,57.52
DNK,2015,57.7
DNK,2016,58.45
DNK,2017,58.7
DNK,2018,58.39
DNK,2019,58.44
DNK,2020,57.53
DNK,2021,57.3
DNK,2022,55.9
DNK,2023,58.7
DNK,2024,57.1
DOM,2011,
DOM,2012,30.9
DOM,2013,33.28
DOM,2014,32.29
DOM,2015,30.6
DOM,2016,30.55
DOM,2017,31.17
DOM,2018,29.33
DOM,2019,28.56
DOM,2020,25.1
DOM,2021,25.1
DOM,2022,22.7
DOM,2023,22.4
DOM,2024,20.8
DZA,2011,19.79
DZA,2012,24.4
DZA,2013,23.11
DZA,2014,24.2
DZA,2015,24.38
DZA,2016,24.46
DZA,2017,24.34
DZA,2018,23.87
DZA,2019,23.98
DZA,2020,19.48
DZA,2021,19.9
DZA,2022,16.7
DZA,2023,16.1
DZA,2024,16.2
ECU,2011,28.75
ECU,2012,28.5
ECU,2013,32.83
ECU,2014,27.5
ECU,2015,26.87
ECU,2016,27.11
ECU,2017,29.14
ECU,2018,26.8
ECU,2019,26.56
ECU,2020,24.11
ECU,2021,25.4
ECU,2022,20.3
ECU,2023,20.5
ECU,2024,19.3
EGY,2011,29.21
EGY,2012,27.9
EGY,2013,28.48
EGY,2014,30.03
EGY,2015,28.91
EGY,2016,25.96
EGY,2017,26.0
EGY,2018,27.16
EGY,2019,27.47
EGY,2020,24.23
EGY,2021,25.1
EGY,2022,22.7
EGY,2023,24.2
EGY,2024,23.7
ESP,2011,43.81
ESP,2012,47.2
ESP,2013,49.41
ESP,2014,49.27
ESP,2015,49.07
ESP,2016,49.19
ESP,2017,48.81
ESP,2018,48.68
ESP,2019,47.85
ESP,2020,45.6
ESP,2021,45.4
ESP,2022,44.6
ESP,2023,45.9
ESP,2024,44.9
EST,2011,49.18
EST,2012,55.3
EST,2013,50.6
EST,2014,51.54
EST,2015,52.81
EST,2016,51.73
EST,2017,50.93
EST,2018,50.51
EST,2019,49.97
EST,2020,48.28
EST,2021,49.9
EST,2022,50.2
EST,2023,53.4
EST,2024,52.3
ETH,2011,22.88
ETH,2012,23.3
ETH,2013,24.8
ETH,2014,25.36
ETH,2015,24.17
ETH,2016,24.83
ETH,2017,24.16
ETH,2018,
ETH,2019,24.16
ETH,2020,18.06
ETH,2021,18.6
ETH,2022,16.3
ETH,2023,14.3
ETH,2024,12.3
FIN,2011,57.5
FIN,2012,61.8
FIN,2013,59.51
FIN,2014,60.67
FIN,2015,59.97
FIN,2016,59.9
FIN,2017,58.49
FIN,2018,59.63
FIN,2019,59.83
FIN,2020,57.02
FIN,2021,58.4
FIN,2022,56.9
FIN,2023,61.2
FIN,2024,59.4
FJI,2011,
FJI,2012,27.9
FJI,2013,30.46
FJI,2014,30.39
FJI,2015,27.31
FJI,2016,
FJI,2017,
FJI,2018,
FJI,2019,
FJI,2020,
FJI,2021,
FJI,2022,
FJI,2023,
FJI,2024,
FRA,2011,49.25
FRA,2012,51.8
FRA,2013,52.83
FRA,2014,52.18
FRA,2015,53.59
FRA,2016,54.04
FRA,2017,54.18
FRA,2018,54.36
FRA,2019,54.25
FRA,2020,53.66
FRA,2021,55.0
FRA,2022,55.0
FRA,2023,56.0
FRA,2024,55.4
GAB,2011,
GAB,2012,26.5
GAB,2013,28.04
GAB,2014,
GAB,2015,
GAB,2016,
GAB,2017,
GAB,2018,
GAB,2019,
GAB,2020,
GAB,2021,
GAB,2022,
GAB,2023,
GAB,2024,
GBR,2011,55.96
GBR,2012,61.2
GBR,2013,61.25
GBR,2014,62.37
GBR,2015,62.42
GBR,2016,61.93
GBR,2017,60.89
GBR,2018,60.13
GBR,2019,61.3
GBR,2020,59.78
GBR,2021,59.8
GBR,2022,59.7
GBR,2023,62.4
GBR,2024,61.0
GEO,2011,31.87
GEO,2012,34.3
GEO,2013,35.56
GEO,2014,34.53
GEO,2015,33.83
GEO,2016,33.86
GEO,2017,34.39
GEO,2018,35.05
GEO,2019,36.98
GEO,2020,31.78
GEO,2021,32.4
GEO,2022,27.9
GEO,2023,29.9
GEO,2024,30.4
GHA,2011,32.48
GHA,2012,29.6
GHA,2013,30.6
GHA,2014,30.26
GHA,2015,28.04
GHA,2016,26.66
GHA,2017,
GHA,2018,24.52
GHA,2019,25.27
GHA,2020,22.28
GHA,2021,22.3
GHA,2022,20.8
GHA,2023,21.3
GHA,2024,20.0
GIN,2011,
GIN,2012,
GIN,2013,25.7
GIN,2014,20.25
GIN,2015,18.49
GIN,2016,17.24
GIN,2017,17.41
GIN,2018,20.71
GIN,2019,19.5
GIN,2020,17.32
GIN,2021,16.7
GIN,2022,11.6
GIN,2023,13.3
GIN,2024,
GMB,2011,
GMB,2012,23.3
GMB,2013,26.39
GMB,2014,29.03
GMB,2015,27.49
GMB,2016,
GMB,2017,
GMB,2018,
GMB,2019,
GMB,2020,
GMB,2021,
GMB,2022,
GMB,2023,
GMB,2024,
GRC,2011,34.18
GRC,2012,35.3
GRC,2013,37.71
GRC,2014,38.95
GRC,2015,40.28
GRC,2016,39.75
GRC,2017,38.85
GRC,2018,38.93
GRC,2019,38.9
GRC,2020,36.79
GRC,2021,36.3
GRC,2022,34.5
GRC,2023,37.5
GRC,2024,36.2
GTM,2011,29.33
GTM,2012,28.4
GTM,2013,31.46
GTM,2014,30.75
GTM,2015,28.84
GTM,2016,27.3
GTM,2017,27.9
GTM,2018,25.51
GTM,2019,25.07
GTM,2020,22.35
GTM,2021,24.1
GTM,2022,17.8
GTM,2023,15.8
GTM,2024,14.6
GUY,2011,34.83
GUY,2012,33.7
GUY,2013,34.36
GUY,2014,32.48
GUY,2015,30.75
GUY,2016,
GUY,2017,
GUY,2018,
GUY,2019,
GUY,2020,
GUY,2021,
GUY,2022,
GUY,2023,
GUY,2024,
HKG,2011,58.8
HKG,2012,58.7
HKG,2013,59.43
HKG,2014,56.82
HKG,2015,57.23
HKG,2016,55.69
HKG,2017,53.88
HKG,2018,54.62
HKG,2019,55.54
HKG,2020,54.24
HKG,2021,53.7
HKG,2022,51.8
HKG,2023,53.3
HKG,2024,50.1
HND,2011,27.81
HND,2012,26.3
HND,2013,28.8
HND,2014,26.73
HND,2015,27.48
HND,2016,26.94
HND,2017,26.36
HND,2018,24.95
HND,2019,25.48
HND,2020,22.95
HND,2021,22.8
HND,2022,17.3
HND,2023,16.7
HND,2024,16.7
HRV,2011,37.98
HRV,2012,40.7
HRV,2013,41.95
HRV,2014,40.75
HRV,2015,41.7
HRV,2016,38.29
HRV,2017,39.8
HRV,2018,40.73
HRV,2019,37.82
HRV,2020,37.27
HRV,2021,37.3
HRV,2022,35.6
HRV,2023,37.1
HRV,2024,36.3
HUN,2011,48.12
HUN,2012,46.5
HUN,2013,46.93
HUN,2014,44.61
HUN,2015,43.0
HUN,2016,44.71
HUN,2017,41.74
HUN,2018,44.94
HUN,2019,44.51
HUN,2020,41.53
HUN,2021,42.7
HUN,2022,39.8
HUN,2023,41.3
HUN,2024,39.6
IDN,2011,27.78
IDN,2012,28.1
IDN,2013,31.95
IDN,2014,31.81
IDN,2015,29.79
IDN,2016,29.07
IDN,2017,30.1
IDN,2018,29.8
IDN,2019,29.72
IDN,2020,26.49
IDN,2021,27.1
IDN,2022,27.9
IDN,2023,30.3
IDN,2024,30.6
IND,2011,34.52
IND,2012,35.7
IND,2013,36.17
IND,2014,33.7
IND,2015,31.74
IND,2016,33.61
IND,2017,35.47
IND,2018,35.18
IND,2019,36.58
IND,2020,35.59
IND,2021,36.4
IND,2022,36.6
IND,2023,38.1
IND,2024,38.3
IRL,2011,54.1
IRL,2012,58.7
IRL,2013,57.91
IRL,2014,56.67
IRL,2015,59.13
IRL,2016,59.03
IRL,2017,58.13
IRL,2018,57.19
IRL,2019,56.1
IRL,2020,53.05
IRL,2021,50.7
IRL,2022,48.5
IRL,2023,50.4
IRL,2024,50.0
IRN,2011,28.41
IRN,2012,27.3
IRN,2013,27.3
IRN,2014,26.14
IRN,2015,28.37
IRN,2016,30.52
IRN,2017,32.09
IRN,2018,33.44
IRN,2019,34.43
IRN,2020,30.89
IRN,2021,32.9
IRN,2022,32.9
IRN,2023,30.1
IRN,2024,28.9
IRQ,2011,
IRQ,2012,
IRQ,2013,
IRQ,2014,
IRQ,2015,
IRQ,2016,
IRQ,2017,
IRQ,2018,
IRQ,2019,
IRQ,2020,
IRQ,2021,
IRQ,2022,11.9
IRQ,2023,
IRQ,2024,
ISL,2011,55.1
ISL,2012,55.7
ISL,2013,56.4
ISL,2014,54.05
ISL,2015,57.02
ISL,2016,55.99
ISL,2017,55.76
ISL,2018,51.24
ISL,2019,51.53
ISL,2020,49.23
ISL,2021,51.8
ISL,2022,49.5
ISL,2023,50.7
ISL,2024,48.5
ISR,2011,54.03
ISR,2012,56.0
ISR,2013,55.98
ISR,2014,55.46
ISR,2015,53.54
ISR,2016,52.28
ISR,2017,53.88
ISR,2018,56.79
ISR,2019,57.43
ISR,2020,53.55
ISR,2021,53.4
ISR,2022,50.2
ISR,2023,54.3
ISR,2024,52.7
ITA,2011,40.69
ITA,2012,44.5
ITA,2013,47.85
ITA,2014,45.65
ITA,2015,46.4
ITA,2016,47.17
ITA,2017,46.96
ITA,2018,46.32
ITA,2019,46.3
ITA,2020,45.74
ITA,2021,45.7
ITA,2022,46.1
ITA,2023,46.6
ITA,2024,45.3
JAM,2011,28.88
JAM,2012,30.2
JAM,2013,32.89
JAM,2014,32.41
JAM,2015,29.95
JAM,2016,28.97
JAM,2017,30.36
JAM,2018,30.39
JAM,2019,30.8
JAM,2020,29.1
JAM,2021,29.6
JAM,2022,27.7
JAM,2023,27.1
JAM,2024,25.7
JOR,2011,38.43
JOR,2012,37.1
JOR,2013,37.3
JOR,2014,36.21
JOR,2015,33.78
JOR,2016,30.04
JOR,2017,30.52
JOR,2018,30.77
JOR,2019,29.61
JOR,2020,27.79
JOR,2021,28.3
JOR,2022,27.4
JOR,2023,28.2
JOR,2024,27.5
JPN,2011,50.32
JPN,2012,51.7
JPN,2013,52.23
JPN,2014,52.41
JPN,2015,53.97
JPN,2016,54.52
JPN,2017,54.72
JPN,2018,54.95
JPN,2019,54.68
JPN,2020,52.7
JPN,2021,54.5
JPN,2022,53.6
JPN,2023,54.6
JPN,2024,54.1
KAZ,2011,30.32
KAZ,2012,31.9
KAZ,2013,32.73
KAZ,2014,32.75
KAZ,2015,31.25
KAZ,2016,31.51
KAZ,2017,31.5
KAZ,2018,31.42
KAZ,2019,31.03
KAZ,2020,28.56
KAZ,2021,28.6
KAZ,2022,24.7
KAZ,2023,26.7
KAZ,2024,25.7
KEN,2011,29.15
KEN,2012,28.9
KEN,2013,30.28
KEN,2014,31.85
KEN,2015,30.19
KEN,2016,30.36
KEN,2017,30.95
KEN,2018,31.07
KEN,2019,31.13
KEN,2020,26.13
KEN,2021,27.5
KEN,2022,22.7
KEN,2023,21.2
KEN,2024,21.0
KGZ,2011,29.79
KGZ,2012,26.4
KGZ,2013,26.98
KGZ,2014,27.75
KGZ,2015,27.96
KGZ,2016,26.62
KGZ,2017,28.01
KGZ,2018,27.56
KGZ,2019,28.38
KGZ,2020,24.51
KGZ,2021,24.5
KGZ,2022,21.1
KGZ,2023,20.2
KGZ,2024,20.4
KHM,2011,25.46
KHM,2012,23.4
KHM,2013,28.07
KHM,2014,28.66
KHM,2015,30.35
KHM,2016,27.94
KHM,2017,27.05
KHM,2018,26.69
KHM,2019,26.59
KHM,2020,21.46
KHM,2021,22.8
KHM,2022,20.5
KHM,2023,20.8
KHM,2024,19.9
KOR,2011,53.68
KOR,2012,53.9
KOR,2013,53.31
KOR,2014,55.27
KOR,2015,56.26
KOR,2016,57.15
KOR,2017,57.7
KOR,2018,56.63
KOR,2019,56.55
KOR,2020,56.11
KOR,2021,59.3
KOR,2022,57.8
KOR,2023,58.6
KOR,2024,60.9
KWT,2011,36.64
KWT,2012,37.2
KWT,2013,40.02
KWT,2014,35.19
KWT,2015,33.2
KWT,2016,33.61
KWT,2017,36.1
KWT,2018,34.43
KWT,2019,34.55
KWT,2020,28.4
KWT,2021,29.9
KWT,2022,29.2
KWT,2023,29.9
KWT,2024,28.1
LAO,2011,
LAO,2012,20.2
LAO,2013,
LAO,2014,
LAO,2015,
LAO,2016,
LAO,2017,
LAO,2018,
LAO,2019,
LAO,2020,20.65
LAO,2021,20.2
LAO,2022,17.4
LAO,2023,18.3
LAO,2024,17.8
LBN,2011,37.11
LBN,2012,36.2
LBN,2013,35.47
LBN,2014,33.6
LBN,2015,33.82
LBN,2016,32.7
LBN,2017,30.64
LBN,2018,28.22
LBN,2019,28.54
LBN,2020,26.02
LBN,2021,25.1
LBN,2022,
LBN,2023,23.2
LBN,2024,21.5
LKA,2011,30.36
LKA,2012,29.1
LKA,2013,30.45
LKA,2014,28.98
LKA,2015,30.79
LKA,2016,28.92
LKA,2017,29.85
LKA,2018,28.66
LKA,2019,28.45
LKA,2020,23.78
LKA,2021,25.1
LKA,2022,24.2
LKA,2023,23.3
LKA,2024,22.6
LSO,2011,
LSO,2012,25.7
LSO,2013,26.29
LSO,2014,27.01
LSO,2015,26.97
LSO,2016,
LSO,2017,
LSO,2018,
LSO,2019,
LSO,2020,
LSO,2021,
LSO,2022,
LSO,2023,
LSO,2024,
LTU,2011,38.49
LTU,2012,44.0
LTU,2013,41.39
LTU,2014,41.0
LTU,2015,42.26
LTU,2016,41.76
LTU,2017,41.17
LTU,2018,41.19
LTU,2019,41.46
LTU,2020,39.18
LTU,2021,39.9
LTU,2022,37.3
LTU,2023,42.0
LTU,2024,40.1
LUX,2011,52.65
LUX,2012,57.7
LUX,2013,56.57
LUX,2014,56.86
LUX,2015,59.02
LUX,2016,57.11
LUX,2017,56.4
LUX,2018,54.53
LUX,2019,53.47
LUX,2020,50.84
LUX,2021,49.0
LUX,2022,49.8
LUX,2023,50.6
LUX,2024,49.1
LVA,2011,39.8
LVA,2012,47.0
LVA,2013,45.24
LVA,2014,44.81
LVA,2015,45.51
LVA,2016,44.33
LVA,2017,44.61
LVA,2018,43.18
LVA,2019,43.23
LVA,2020,41.11
LVA,2021,40.0
LVA,2022,36.5
LVA,2023,39.7
LVA,2024,36.4
MAR,2011,28.73
MAR,2012,30.7
MAR,2013,30.89
MAR,2014,32.24
MAR,2015,33.19
MAR,2016,32.26
MAR,2017,32.72
MAR,2018,31.09
MAR,2019,31.63
MAR,2020,28.97
MAR,2021,29.3
MAR,2022,28.8
MAR,2023,28.4
MAR,2024,28.8
MDA,2011,38.66
MDA,2012,39.2
MDA,2013,40.94
MDA,2014,40.74
MDA,2015,40.53
MDA,2016,38.39
MDA,2017,36.84
MDA,2018,37.63
MDA,2019,35.52
MDA,2020,32.98
MDA,2021,32.3
MDA,2022,31.1
MDA,2023,30.3
MDA,2024,28.7
MDG,2011,25.41
MDG,2012,24.2
MDG,2013,22.95
MDG,2014,25.5
MDG,2015,24.42
MDG,2016,24.79
MDG,2017,24.15
MDG,2018,24.75
MDG,2019,22.38
MDG,2020,20.4
MDG,2021,22.5
MDG,2022,18.6
MDG,2023,19.1
MDG,2024,17.9
MEX,2011,30.45
MEX,2012,32.9
MEX,2013,36.82
MEX,2014,36.02
MEX,2015,38.03
MEX,2016,34.56
MEX,2017,35.79
MEX,2018,35.34
MEX,2019,36.06
MEX,2020,33.6
MEX,2021,34.5
MEX,2022,31.0
MEX,2023,31.0
MEX,2024,30.4
MKD,2011,33.47
MKD,2012,36.2
MKD,2013,38.18
MKD,2014,36.93
MKD,2015,38.03
MKD,2016,35.4
MKD,2017,35.43
MKD,2018,29.91
MKD,2019,35.29
MKD,2020,33.43
MKD,2021,34.1
MKD,2022,28.8
MKD,2023,33.0
MKD,2024,29.9
MLI,2011,26.35
MLI,2012,25.4
MLI,2013,28.84
MLI,2014,26.18
MLI,2015,28.37
MLI,2016,24.77
MLI,2017,22.48
MLI,2018,23.32
MLI,2019,24.03
MLI,2020,19.15
MLI,2021,19.5
MLI,2022,14.2
MLI,2023,12.9
MLI,2024,11.8
MLT,2011,
MLT,2012,56.1
MLT,2013,51.79
MLT,2014,50.44
MLT,2015,50.48
MLT,2016,50.44
MLT,2017,50.6
MLT,2018,50.29
MLT,2019,49.01
MLT,2020,46.39
MLT,2021,47.1
MLT,2022,49.2
MLT,2023,49.1
MLT,2024,44.8
MMR,2011,
MMR,2012,
MMR,2013,
MMR,2014,19.64
MMR,2015,20.27
MMR,2016,
MMR,2017,
MMR,2018,
MMR,2019,
MMR,2020,17.74
MMR,2021,18.4
MMR,2022,16.4
MMR,2023,
MMR,2024,13.8
MNE,2011,
MNE,2012,40.1
MNE,2013,40.95
MNE,2014,37.01
MNE,2015,41.23
MNE,2016,37.36
MNE,2017,38.07
MNE,2018,36.49
MNE,2019,37.7
MNE,2020,35.39
MNE,2021,35.4
MNE,2022,30.3
MNE,2023,27.8
MNE,2024,28.9
MNG,2011,33.4
MNG,2012,35.0
MNG,2013,35.77
MNG,2014,37.52
MNG,2015,36.41
MNG,2016,35.74
MNG,2017,37.13
MNG,2018,35.9
MNG,2019,36.29
MNG,2020,33.41
MNG,2021,34.2
MNG,2022,28.0
MNG,2023,28.8
MNG,2024,28.7
MOZ,2011,
MOZ,2012,26.3
MOZ,2013,26.5
MOZ,2014,28.52
MOZ,2015,30.07
MOZ,2016,29.84
MOZ,2017,24.55
MOZ,2018,23.06
MOZ,2019,22.87
MOZ,2020,18.7
MOZ,2021,19.7
MOZ,2022,15.0
MOZ,2023,13.6
MOZ,2024,13.1
MRT,2011,
MRT,2012,
MRT,2013,
MRT,2014,
MRT,2015,
MRT,2016,
MRT,2017,
MRT,2018,
MRT,2019,
MRT,2020,
MRT,2021,
MRT,2022,12.4
MRT,2023,13.5
MRT,2024,13.2
MUS,2011,36.47
MUS,2012,39.2
MUS,2013,38.0
MUS,2014,40.94
MUS,2015,39.23
MUS,2016,35.86
MUS,2017,34.82
MUS,2018,31.31
MUS,2019,30.61
MUS,2020,34.35
MUS,2021,35.2
MUS,2022,34.4
MUS,2023,32.1
MUS,2024,30.6
MWI,2011,25.96
MWI,2012,25.4
MWI,2013,26.73
MWI,2014,27.61
MWI,2015,29.71
MWI,2016,27.26
MWI,2017,23.45
MWI,2018,23.09
MWI,2019,23.0
MWI,2020,21.44
MWI,2021,22.9
MWI,2022,
MWI,2023,
MWI,2024,
MYS,2011,44.05
MYS,2012,45.9
MYS,2013,46.92
MYS,2014,45.6
MYS,2015,45.98
MYS,2016,43.36
MYS,2017,42.72
MYS,2018,43.16
MYS,2019,42.68
MYS,2020,42.42
MYS,2021,41.9
MYS,2022,38.7
MYS,2023,40.9
MYS,2024,40.5
NAM,2011,30.74
NAM,2012,34.1
NAM,2013,28.36
NAM,2014,28.47
NAM,2015,28.15
NAM,2016,28.24
NAM,2017,27.94
NAM,2018,28.03
NAM,2019,25.85
NAM,2020,22.51
NAM,2021,24.3
NAM,2022,20.6
NAM,2023,21.8
NAM,2024,20.0
NER,2011,21.41
NER,2012,18.6
NER,2013,24.03
NER,2014,24.27
NER,2015,21.22
NER,2016,20.44
NER,2017,21.18
NER,2018,20.57
NER,2019,18.13
NER,2020,17.82
NER,2021,17.8
NER,2022,14.6
NER,2023,12.4
NER,2024,11.2
NGA,2011,28.15
NGA,2012,24.6
NGA,2013,26.57
NGA,2014,27.79
NGA,2015,23.72
NGA,2016,23.15
NGA,2017,21.92
NGA,2018,22.37
NGA,2019,23.93
NGA,2020,20.13
NGA,2021,20.1
NGA,2022,16.9
NGA,2023,18.4
NGA,2024,17.1
NIC,2011,25.78
NIC,2012,26.7
NIC,2013,27.1
NIC,2014,25.47
NIC,2015,23.47
NIC,2016,23.06
NIC,2017,
NIC,2018,
NIC,2019,22.55
NIC,2020,
NIC,2021,
NIC,2022,18.1
NIC,2023,16.9
NIC,2024,14.0
NLD,2011,56.31
NLD,2012,60.5
NLD,2013,61.14
NLD,2014,60.59
NLD,2015,61.58
NLD,2016,58.29
NLD,2017,63.36
NLD,2018,63.32
NLD,2019,61.44
NLD,2020,58.76
NLD,2021,58.6
NLD,2022,58.0
NLD,2023,60.4
NLD,2024,58.8
NOR,2011,52.6
NOR,2012,56.4
NOR,2013,55.64
NOR,2014,55.59
NOR,2015,53.8
NOR,2016,52.01
NOR,2017,53.14
NOR,2018,52.63
NOR,2019,51.87
NOR,2020,49.29
NOR,2021,50.4
NOR,2022,48.8
NOR,2023,50.7
NOR,2024,49.1
NPL,2011,
NPL,2012,26.0
NPL,2013,24.97
NPL,2014,23.79
NPL,2015,21.08
NPL,2016,23.13
NPL,2017,24.2
NPL,2018,24.17
NPL,2019,24.85
NPL,2020,24.35
NPL,2021,22.5
NPL,2022,17.6
NPL,2023,18.8
NPL,2024,18.1
NZL,2011,53.79
NZL,2012,56.6
NZL,2013,54.46
NZL,2014,54.52
NZL,2015,55.92
NZL,2016,54.23
NZL,2017,52.87
NZL,2018,51.29
NZL,2019,49.55
NZL,2020,47.01
NZL,2021,47.5
NZL,2022,47.2
NZL,2023,46.6
NZL,2024,45.9
OMN,2011,35.51
OMN,2012,39.5
OMN,2013,33.25
OMN,2014,33.87
OMN,2015,35.0
OMN,2016,32.21
OMN,2017,31.83
OMN,2018,32.8
OMN,2019,30.98
OMN,2020,26.5
OMN,2021,29.4
OMN,2022,26.8
OMN,2023,28.4
OMN,2024,27.1
PAK,2011,26.75
PAK,2012,23.1
PAK,2013,23.33
PAK,2014,24.0
PAK,2015,23.07
PAK,2016,22.63
PAK,2017,23.8
PAK,2018,24.12
PAK,2019,25.36
PAK,2020,22.31
PAK,2021,24.4
PAK,2022,23.0
PAK,2023,23.3
PAK,2024,22.0
PAN,2011,30.77
PAN,2012,30.9
PAN,2013,31.82
PAN,2014,38.3
PAN,2015,36.8
PAN,2016,33.49
PAN,2017,34.98
PAN,2018,32.37
PAN,2019,31.51
PAN,2020,29.04
PAN,2021,28.0
PAN,2022,25.7
PAN,2023,25.3
PAN,2024,24.7
PER,2011,30.34
PER,2012,34.1
PER,2013,35.96
PER,2014,34.73
PER,2015,34.87
PER,2016,32.51
PER,2017,32.9
PER,2018,31.8
PER,2019,32.93
PER,2020,28.79
PER,2021,31.2
PER,2022,29.1
PER,2023,27.7
PER,2024,26.7
PHL,2011,28.98
PHL,2012,29.0
PHL,2013,31.18
PHL,2014,29.87
PHL,2015,31.05
PHL,2016,31.83
PHL,2017,32.48
PHL,2018,31.56
PHL,2019,36.18
PHL,2020,35.19
PHL,2021,35.3
PHL,2022,30.7
PHL,2023,32.2
PHL,2024,31.1
POL,2011,38.02
POL,2012,40.4
POL,2013,40.12
POL,2014,40.64
POL,2015,40.16
POL,2016,40.22
POL,2017,41.99
POL,2018,41.67
POL,2019,41.31
POL,2020,39.95
POL,2021,39.9
POL,2022,37.5
POL,2023,37.7
POL,2024,37.0
PRT,2011,42.4
PRT,2012,45.3
PRT,2013,45.1
PRT,2014,45.63
PRT,2015,46.61
PRT,2016,46.45
PRT,2017,46.05
PRT,2018,45.71
PRT,2019,44.65
PRT,2020,43.51
PRT,2021,44.2
PRT,2022,42.1
PRT,2023,44.9
PRT,2024,43.7
PRY,2011,31.17
PRY,2012,31.6
PRY,2013,30.28
PRY,2014,31.59
PRY,2015,30.69
PRY,2016,28.2
PRY,2017,30.3
PRY,2018,28.66
PRY,2019,27.09
PRY,2020,24.14
PRY,2021,26.4
PRY,2022,22.7
PRY,2023,21.4
PRY,2024,21.9
QAT,2011,47.74
QAT,2012,45.5
QAT,2013,41.0
QAT,2014,40.31
QAT,2015,39.01
QAT,2016,37.47
QAT,2017,37.9
QAT,2018,36.56
QAT,2019,33.86
QAT,2020,30.81
QAT,2021,31.5
QAT,2022,32.9
QAT,2023,33.4
QAT,2024,32.9
ROU,2011,36.83
ROU,2012,37.8
ROU,2013,40.33
ROU,2014,38.08
ROU,2015,38.2
ROU,2016,37.9
ROU,2017,39.16
ROU,2018,37.59
ROU,2019,36.76
ROU,2020,35.95
ROU,2021,35.6
ROU,2022,34.1
ROU,2023,34.7
ROU,2024,33.4
RUS,2011,35.85
RUS,2012,37.9
RUS,2013,37.2
RUS,2014,39.14
RUS,2015,39.32
RUS,2016,38.5
RUS,2017,38.76
RUS,2018,37.9
RUS,2019,37.62
RUS,2020,35.63
RUS,2021,36.6
RUS,2022,34.3
RUS,2023,33.3
RUS,2024,29.7
RWA,2011,25.86
RWA,2012,27.9
RWA,2013,27.64
RWA,2014,29.31
RWA,2015,30.09
RWA,2016,29.96
RWA,2017,27.36
RWA,2018,26.54
RWA,2019,27.38
RWA,2020,25.06
RWA,2021,23.9
RWA,2022,18.7
RWA,2023,20.6
RWA,2024,19.7
SAU,2011,36.44
SAU,2012,39.3
SAU,2013,41.21
SAU,2014,41.61
SAU,2015,40.65
SAU,2016,37.75
SAU,2017,36.17
SAU,2018,34.27
SAU,2019,32.93
SAU,2020,30.94
SAU,2021,31.8
SAU,2022,33.4
SAU,2023,34.5
SAU,2024,33.9
SDN,2011,20.36
SDN,2012,16.8
SDN,2013,19.81
SDN,2014,12.66
SDN,2015,14.95
SDN,2016,
SDN,2017,
SDN,2018,
SDN,2019,
SDN,2020,
SDN,2021,
SDN,2022,
SDN,2023,
SDN,2024,
SEN,2011,27.56
SEN,2012,28.8
SEN,2013,30.48
SEN,2014,30.06
SEN,2015,30.95
SEN,2016,26.14
SEN,2017,27.11
SEN,2018,26.53
SEN,2019,26.83
SEN,2020,23.75
SEN,2021,23.3
SEN,2022,19.9
SEN,2023,22.5
SEN,2024,22.0
SGP,2011,59.64
SGP,2012,63.5
SGP,2013,59.41
SGP,2014,59.24
SGP,2015,59.36
SGP,2016,59.16
SGP,2017,58.69
SGP,2018,59.83
SGP,2019,58.37
SGP,2020,56.61
SGP,2021,57.8
SGP,2022,57.3
SGP,2023,61.5
SGP,2024,61.2
SLV,2011,29.14
SLV,2012,29.5
SLV,2013,31.32
SLV,2014,29.08
SLV,2015,29.31
SLV,2016,26.56
SLV,2017,26.68
SLV,2018,25.11
SLV,2019,24.89
SLV,2020,24.85
SLV,2021,25.0
SLV,2022,19.9
SLV,2023,21.8
SLV,2024,20.6
SRB,2011,36.31
SRB,2012,40.0
SRB,2013,37.87
SRB,2014,35.89
SRB,2015,36.47
SRB,2016,33.75
SRB,2017,35.34
SRB,2018,35.46
SRB,2019,35.71
SRB,2020,34.33
SRB,2021,35.0
SRB,2022,32.3
SRB,2023,33.1
SRB,2024,32.3
SVK,2011,39.05
SVK,2012,41.4
SVK,2013,42.25
SVK,2014,41.89
SVK,2015,42.99
SVK,2016,41.7
SVK,2017,43.43
SVK,2018,42.88
SVK,2019,42.05
SVK,2020,39.7
SVK,2021,40.2
SVK,2022,34.3
SVK,2023,36.2
SVK,2024,34.3
SVN,2011,45.07
SVN,2012,49.9
SVN,2013,47.32
SVN,2014,47.23
SVN,2015,48.49
SVN,2016,45.97
SVN,2017,45.8
SVN,2018,46.87
SVN,2019,45.25
SVN,2020,42.91
SVN,2021,44.1
SVN,2022,40.6
SVN,2023,42.2
SVN,2024,40.2
SWE,2011,62.12
SWE,2012,64.8
SWE,2013,61.36
SWE,2014,62.29
SWE,2015,62.4
SWE,2016,63.57
SWE,2017,63.82
SWE,2018,63.08
SWE,2019,63.65
SWE,2020,62.47
SWE,2021,63.1
SWE,2022,61.6
SWE,2023,64.2
SWE,2024,64.5
SWZ,2011,27.52
SWZ,2012,32.0
SWZ,2013,29.6
SWZ,2014,25.33
SWZ,2015,25.37
SWZ,2016,
SWZ,2017,
SWZ,2018,
SWZ,2019,
SWZ,2020,
SWZ,2021,
SWZ,2022,
SWZ,2023,
SWZ,2024,
SYC,2011,
SYC,2012,
SYC,2013,
SYC,2014,38.56
SYC,2015,36.44
SYC,2016,
SYC,2017,
SYC,2018,
SYC,2019,
SYC,2020,
SYC,2021,
SYC,2022,
SYC,2023,
SYC,2024,
SYR,2011,24.82
SYR,2012,23.1
SYR,2013,23.73
SYR,2014,
SYR,2015,
SYR,2016,
SYR,2017,
SYR,2018,
SYR,2019,
SYR,2020,
SYR,2021,
SYR,2022,
SYR,2023,
SYR,2024,
TGO,2011,
TGO,2012,20.5
TGO,2013,23.04
TGO,2014,17.65
TGO,2015,18.43
TGO,2016,18.42
TGO,2017,18.41
TGO,2018,18.91
TGO,2019,18.54
TGO,2020,18.54
TGO,2021,19.3
TGO,2022,15.1
TGO,2023,16.9
TGO,2024,15.6
THA,2011,37.63
THA,2012,36.9
THA,2013,37.63
THA,2014,39.28
THA,2015,38.1
THA,2016,36.51
THA,2017,37.57
THA,2018,38.0
THA,2019,38.63
THA,2020,36.68
THA,2021,37.2
THA,2022,34.9
THA,2023,37.1
THA,2024,36.9
TJK,2011,24.5
TJK,2012,26.4
TJK,2013,30.0
TJK,2014,23.73
TJK,2015,27.46
TJK,2016,29.62
TJK,2017,28.16
TJK,2018,26.51
TJK,2019,26.43
TJK,2020,22.23
TJK,2021,23.9
TJK,2022,18.8
TJK,2023,18.3
TJK,2024,18.6
TTO,2011,32.17
TTO,2012,32.5
TTO,2013,33.17
TTO,2014,31.56
TTO,2015,32.18
TTO,2016,
TTO,2017,29.75
TTO,2018,26.95
TTO,2019,28.08
TTO,2020,24.14
TTO,2021,24.8
TTO,2022,19.8
TTO,2023,20.7
TTO,2024,18.4
TUN,2011,33.89
TUN,2012,36.5
TUN,2013,35.82
TUN,2014,32.94
TUN,2015,33.48
TUN,2016,30.55
TUN,2017,32.3
TUN,2018,32.86
TUN,2019,32.83
TUN,2020,31.21
TUN,2021,30.7
TUN,2022,27.9
TUN,2023,26.9
TUN,2024,25.4
TUR,2011,34.11
TUR,2012,34.1
TUR,2013,36.03
TUR,2014,38.2
TUR,2015,37.81
TUR,2016,39.03
TUR,2017,38.9
TUR,2018,37.42
TUR,2019,36.95
TUR,2020,34.9
TUR,2021,38.3
TUR,2022,38.1
TUR,2023,38.6
TUR,2024,39.0
TZA,2011,26.88
TZA,2012,23.9
TZA,2013,26.35
TZA,2014,25.6
TZA,2015,27.0
TZA,2016,26.35
TZA,2017,27.97
TZA,2018,28.07
TZA,2019,26.63
TZA,2020,25.57
TZA,2021,25.6
TZA,2022,19.4
TZA,2023,17.4
TZA,2024,15.3
UGA,2011,26.37
UGA,2012,25.6
UGA,2013,31.21
UGA,2014,31.14
UGA,2015,27.65
UGA,2016,27.14
UGA,2017,26.97
UGA,2018,25.32
UGA,2019,25.6
UGA,2020,20.54
UGA,2021,20.0
UGA,2022,15.7
UGA,2023,16.0
UGA,2024,14.9
UKR,2011,35.01
UKR,2012,36.1
UKR,2013,35.78
UKR,2014,36.26
UKR,2015,36.45
UKR,2016,35.72
UKR,2017,37.62
UKR,2018,38.52
UKR,2019,37.4
UKR,2020,36.32
UKR,2021,35.6
UKR,2022,31.0
UKR,2023,32.8
UKR,2024,29.5
URY,2011,34.18
URY,2012,35.1
URY,2013,38.08
URY,2014,34.76
URY,2015,35.76
URY,2016,34.28
URY,2017,34.53
URY,2018,34.2
URY,2019,34.32
URY,2020,30.84
URY,2021,32.2
URY,2022,29.2
URY,2023,30.0
URY,2024,29.1
USA,2011,56.57
USA,2012,57.7
USA,2013,60.31
USA,2014,60.09
USA,2015,60.1
USA,2016,61.4
USA,2017,61.4
USA,2018,59.81
USA,2019,61.73
USA,2020,60.56
USA,2021,61.3
USA,2022,61.8
USA,2023,63.5
USA,2024,62.4
UZB,2011,
UZB,2012,23.9
UZB,2013,23.87
UZB,2014,25.2
UZB,2015,25.89
UZB,2016,
UZB,2017,
UZB,2018,
UZB,2019,
UZB,2020,24.54
UZB,2021,27.4
UZB,2022,25.3
UZB,2023,26.2
UZB,2024,24.7
VEN,2011,27.41
VEN,2012,25.4
VEN,2013,27.25
VEN,2014,25.66
VEN,2015,22.77
VEN,2016,22.32
VEN,2017,
VEN,2018,
VEN,2019,
VEN,2020,
VEN,2021,
VEN,2022,
VEN,2023,
VEN,2024,
VNM,2011,36.71
VNM,2012,33.9
VNM,2013,34.82
VNM,2014,34.89
VNM,2015,38.35
VNM,2016,35.37
VNM,2017,38.34
VNM,2018,37.94
VNM,2019,38.84
VNM,2020,37.12
VNM,2021,37.0
VNM,2022,34.2
VNM,2023,36.0
VNM,2024,36.2
YEM,2011,20.72
YEM,2012,19.2
YEM,2013,19.32
YEM,2014,19.53
YEM,2015,20.8
YEM,2016,14.55
YEM,2017,15.64
YEM,2018,15.04
YEM,2019,14.49
YEM,2020,13.56
YEM,2021,15.4
YEM,2022,13.8
YEM,2023,
YEM,2024,
ZAF,2011,35.22
ZAF,2012,37.4
ZAF,2013,37.6
ZAF,2014,38.25
ZAF,2015,37.45
ZAF,2016,35.85
ZAF,2017,35.8
ZAF,2018,35.13
ZAF,2019,34.04
ZAF,2020,32.67
ZAF,2021,32.7
ZAF,2022,29.8
ZAF,2023,30.4
ZAF,2024,28.3
ZMB,2011,25.27
ZMB,2012,26.4
ZMB,2013,26.79
ZMB,2014,25.76
ZMB,2015,24.64
ZMB,2016,19.92
ZMB,2017,20.83
ZMB,2018,20.66
ZMB,2019,20.36
ZMB,2020,19.39
ZMB,2021,19.8
ZMB,2022,15.8
ZMB,2023,16.4
ZMB,2024,15.7
ZWE,2011,23.54
ZWE,2012,25.7
ZWE,2013,23.98
ZWE,2014,24.31
ZWE,2015,22.52
ZWE,2016,
ZWE,2017,21.8
ZWE,2018,23.15
ZWE,2019,22.3
ZWE,2020,19.97
ZWE,2021,21.9
ZWE,2022,18.1
ZWE,2023,16.5
ZWE,2024,15.6
