country,year,manufacturing_pct_gdp
ABW,2011,4.20609398852294
ABW,2012,1.99163765537339
ABW,2013,3.26264307471188
ABW,2014,3.43935218464331
ABW,2015,3.58527899141791
ABW,2016,3.68902469279816
ABW,2017,3.73375379915049
ABW,2018,3.22501820314885
ABW,2019,2.56243337150077
ABW,2020,
ABW,2021,
AFG,2011,13.7791892429929
AFG,2012,12.4860851363953
AFG,2013,11.4998672561905
AFG,2014,11.477587555803
AFG,2015,11.4200060049012
AFG,2016,4.1141966128347
AFG,2017,3.53042246146676
AFG,2018,6.16017721650239
AFG,2019,7.04318108092508
AFG,2020,7.52811462924912
AFG,2021,8.49315681616916
AGO,2011,4.16780473313727
AGO,2012,4.40328953329052
AGO,2013,4.82734265180973
AGO,2014,4.76307157240238
AGO,2015,5.68514480307257
AGO,2016,6.75268074236392
AGO,2017,6.58054965735374
AGO,2018,6.05946923337998
AGO,2019,6.13744698434697
AGO,2020,7.06304272536463
AGO,2021,6.54051297580083
ALB,2011,5.66189767373199
ALB,2012,4.61445771380938
ALB,2013,5.05980135594677
ALB,2014,5.32578898520395
ALB,2015,5.67151941669391
ALB,2016,5.68442741798015
ALB,2017,6.15816688393972
ALB,2018,6.70811438467001
ALB,2019,6.96748875847972
ALB,2020,7.06941246497269
ALB,2021,6.91828890492335
AND,2011,3.66060401500449
AND,2012,3.72383504240788
AND,2013,3.83815615460753
AND,2014,3.67687366253974
AND,2015,3.70608985448457
AND,2016,3.74112485956452
AND,2017,3.74883272584872
AND,2018,3.61028448557391
AND,2019,3.67368951398301
AND,2020,3.73356933178986
AND,2021,4.06372177575712
ARE,2011,8.14829315970101
ARE,2012,8.08503637670565
ARE,2013,7.92574426833549
ARE,2014,8.11529453740231
ARE,2015,9.1758933520037
ARE,2016,9.32746091059342
ARE,2017,9.38138082343735
ARE,2018,8.92578979482029
ARE,2019,8.86735310804829
ARE,2020,10.2917800360059
ARE,2021,10.0017515004787
ARG,2011,15.8506983942663
ARG,2012,15.2168009115954
ARG,2013,15.0110542553443
ARG,2014,14.7727785491821
ARG,2015,14.1815854549835
ARG,2016,13.4880259708051
ARG,2017,12.8351683415363
ARG,2018,14.0601434041581
ARG,2019,13.5408390702829
ARG,2020,14.5905295089183
ARG,2021,15.558416982668
ARM,2011,
ARM,2012,9.42475853227752
ARM,2013,9.68257531952384
ARM,2014,9.66640553649803
ARM,2015,9.20617105938632
ARM,2016,10.2846499812967
ARM,2017,10.631126108104
ARM,2018,11.2719184358436
ARM,2019,11.7114918602964
ARM,2020,12.344909801717
ARM,2021,11.0315905634186
ASM,2011,
ASM,2012,
ASM,2013,
ASM,2014,
ASM,2015,
ASM,2016,
ASM,2017,
ASM,2018,
ASM,2019,
ASM,2020,
ASM,2021,
ATG,2011,2.91131081249043
ATG,2012,2.59628989810755
ATG,2013,2.73371243345954
ATG,2014,2.76939111001279
ATG,2015,2.80117673122202
ATG,2016,2.87556219652576
ATG,2017,2.9667812419118
ATG,2018,3.00838361795133
ATG,2019,3.01366334295742
ATG,2020,2.91298583673523
ATG,2021,2.7763322532374
AUS,2011,7.36479765734101
AUS,2012,7.0463332040636
AUS,2013,6.60397548643017
AUS,2014,6.36290253499428
AUS,2015,6.29227941742372
AUS,2016,6.07824048774544
AUS,2017,5.79305950257587
AUS,2018,5.76468001596052
AUS,2019,5.58629582518324
AUS,2020,5.60852173149521
AUS,2021,5.51269475535305
AUT,2011,17.1446473129533
AUT,2012,17.2564830895639
AUT,2013,17.1063898788247
AUT,2014,17.1867790689422
AUT,2015,17.242928730216
AUT,2016,17.6682251530651
AUT,2017,17.4427051605451
AUT,2018,17.3211161045372
AUT,2019,17.1022858668807
AUT,2020,16.5973264696294
AUT,2021,16.9780965394204
AZE,2011,3.98832610114819
AZE,2012,4.24121862424352
AZE,2013,4.21573682582242
AZE,2014,4.70701069744349
AZE,2015,4.99062155204119
AZE,2016,4.89266067799527
AZE,2017,4.69946458376577
AZE,2018,4.61981221595166
AZE,2019,5.00365096304835
AZE,2020,6.10156507265966
AZE,2021,6.41909290668132
BDI,2011,9.31899301444849
BDI,2012,8.83056773934016
BDI,2013,9.54581996033544
BDI,2014,10.1242098337419
BDI,2015,8.67655378836353
BDI,2016,9.36171645020186
BDI,2017,
BDI,2018,
BDI,2019,
BDI,2020,
BDI,2021,
BEL,2011,12.9499394580106
BEL,2012,12.6215764552248
BEL,2013,12.6643780300003
BEL,2014,12.5837894914118
BEL,2015,12.5677314710087
BEL,2016,12.2484083375363
BEL,2017,12.4458285747277
BEL,2018,12.343919956787
BEL,2019,12.413251241175
BEL,2020,12.0120090332978
BEL,2021,10.7453176059912
BEN,2011,11.7335701368448
BEN,2012,10.7121556949179
BEN,2013,10.9217698965752
BEN,2014,10.3866281769808
BEN,2015,10.0356700779199
BEN,2016,9.93126564010032
BEN,2017,9.62006825024772
BEN,2018,9.16246199522064
BEN,2019,9.86572844000364
BEN,2020,9.68791310326743
BEN,2021,9.47976782659619
BFA,2011,11.6121572602355
BFA,2012,10.3423290173696
BFA,2013,10.1697715451051
BFA,2014,10.9960425440905
BFA,2015,11.6602964471487
BFA,2016,11.120438157279
BFA,2017,10.2588368462682
BFA,2018,10.5252036549404
BFA,2019,10.4105983913211
BFA,2020,10.0313185254464
BFA,2021,9.8115542260696
BGD,2011,15.9967342498947
BGD,2012,15.9142206710142
BGD,2013,16.4420194729911
BGD,2014,16.6127076619157
BGD,2015,16.7886735625088
BGD,2016,20.3479480962979
BGD,2017,20.0750615064997
BGD,2018,20.8022959266315
BGD,2019,21.2079438820896
BGD,2020,20.5983315908994
BGD,2021,21.2356729879977
BGR,2011,
BGR,2012,
BGR,2013,
BGR,2014,
BGR,2015,
BGR,2016,
BGR,2017,
BGR,2018,
BGR,2019,
BGR,2020,
BGR,2021,
BHR,2011,15.0474932254141
BHR,2012,14.7645578720345
BHR,2013,14.6994276422304
BHR,2014,14.8385364760484
BHR,2015,17.1732865801602
BHR,2016,17.8416468874405
BHR,2017,18.1844891096654
BHR,2018,17.1706919683066
BHR,2019,17.0407022619674
BHR,2020,18.0468944226138
BHR,2021,20.528955608
BHS,2011,2.19156045658337
BHS,2012,2.94578560501474
BHS,2013,2.62509859751053
BHS,2014,2.68997002032057
BHS,2015,2.51801334829805
BHS,2016,3.11278746030259
BHS,2017,2.64940711139441
BHS,2018,2.20834192044896
BHS,2019,2.13042208939629
BHS,2020,2.05659657367797
BHS,2021,1.76798107116783
BIH,2011,10.9160127332036
BIH,2012,10.545110406553
BIH,2013,10.9371167904227
BIH,2014,10.940195399639
BIH,2015,11.1177914654178
BIH,2016,11.8138265173704
BIH,2017,12.563982327679
BIH,2018,12.7319523996539
BIH,2019,12.4800142540652
BIH,2020,12.6618393297438
BIH,2021,13.9863011532484
BLR,2011,26.422236326059
BLR,2012,24.7830279828939
BLR,2013,21.99575510837
BLR,2014,21.0873800866231
BLR,2015,20.643977310644
BLR,2016,20.151871004434
BLR,2017,21.6287778492265
BLR,2018,21.2581752779595
BLR,2019,21.639996437372
BLR,2020,21.486631801818
BLR,2021,22.7584959209403
BLZ,2011,6.98667250485756
BLZ,2012,7.47878914842359
BLZ,2013,7.37670643217317
BLZ,2014,7.05717292178183
BLZ,2015,6.96290554250929
BLZ,2016,6.81412373895188
BLZ,2017,6.64519260468605
BLZ,2018,6.19426578000654
BLZ,2019,6.18222166394507
BLZ,2020,6.71365983797146
BLZ,2021,6.52331081778935
BMU,2011,0.703756923948915
BMU,2012,0.597959796732238
BMU,2013,0.51712437029792
BMU,2014,0.480075734472843
BMU,2015,0.5141752075763
BMU,2016,0.431063531109314
BMU,2017,0.463659126815448
BMU,2018,0.487269749128734
BMU,2019,0.516039342813632
BMU,2020,0.33638021665575
BMU,2021,0.347157463000269
BOL,2011,10.3384637671598
BOL,2012,10.2142087811062
BOL,2013,9.92781122691066
BOL,2014,9.73832797515295
BOL,2015,10.1911908657997
BOL,2016,10.9842215186148
BOL,2017,10.4935084393229
BOL,2018,10.3431514961724
BOL,2019,10.4895035463436
BOL,2020,10.9578336602514
BOL,2021,10.7268498817295
BRA,2011,11.7837976689421
BRA,2012,10.675942306574
BRA,2013,10.4796122903756
BRA,2014,10.3370973963623
BRA,2015,10.5209374565841
BRA,2016,10.7864511156539
BRA,2017,10.7214980094842
BRA,2018,10.5284573768575
BRA,2019,10.3325005322006
BRA,2020,10.6929315691751
BRA,2021,11.9043730103232
BRB,2011,6.12464232323867
BRB,2012,5.65956225815187
BRB,2013,5.8483405922901
BRB,2014,5.57962076130521
BRB,2015,6.07918758073321
BRB,2016,6.01699869709046
BRB,2017,5.95004790759287
BRB,2018,5.70282023025494
BRB,2019,5.64389591533801
BRB,2020,5.38561144081641
BRB,2021,5.47452604568164
BRN,2011,1.22071585484908
BRN,2012,1.45830396709514
BRN,2013,1.14519241910596
BRN,2014,1.58675856271092
BRN,2015,1.6178324732843
BRN,2016,1.80933250875751
BRN,2017,1.76286616709727
BRN,2018,2.13432149853163
BRN,2019,2.32782256470564
BRN,2020,6.83209894472881
BRN,2021,9.67845068289214
BTN,2011,7.42869936332201
BTN,2012,7.95902921132288
BTN,2013,7.50187951394696
BTN,2014,7.40898615683305
BTN,2015,7.31166066657089
BTN,2016,6.81082961745625
BTN,2017,6.90939676067842
BTN,2018,8.74705663689415
BTN,2019,6.13116671407201
BTN,2020,4.92917104172725
BTN,2021,7.22418276349328
BWA,2011,7.73125571429564
BWA,2012,8.07371084190363
BWA,2013,7.99324227477702
BWA,2014,7.84878664502911
BWA,2015,7.24202388476034
BWA,2016,6.50323631121373
BWA,2017,6.17360420564063
BWA,2018,6.14746152595732
BWA,2019,6.09236991211812
BWA,2020,5.65903594237397
BWA,2021,5.22744172071473
CAF,2011,19.9685611230259
CAF,2012,23.6514687946965
CAF,2013,21.0613882528401
CAF,2014,17.4432276090289
CAF,2015,19.744921164342
CAF,2016,19.4541735859664
CAF,2017,18.4404200364989
CAF,2018,18.1315380967628
CAF,2019,17.7823211129395
CAF,2020,17.7270265677463
CAF,2021,18.7145668307096
CAN,2011,9.95539617251473
CAN,2012,10.0201674141654
CAN,2013,9.58849235825594
CAN,2014,9.42615082382699
CAN,2015,9.9754225443394
CAN,2016,9.92800413520787
CAN,2017,9.68457578828024
CAN,2018,9.86607158831886
CAN,2019,9.29963869581248
CAN,2020,9.01547651322254
CAN,2021,
CHE,2011,18.1944880804685
CHE,2012,17.7313707963592
CHE,2013,17.8005407661011
CHE,2014,17.5495253080258
CHE,2015,17.1186581567719
CHE,2016,17.3322132145222
CHE,2017,17.4910199452693
CHE,2018,17.6667499302868
CHE,2019,17.9235393262337
CHE,2020,17.7873157952398
CHE,2021,19.1226596298624
CHI,2011,
CHI,2012,
CHI,2013,
CHI,2014,
CHI,2015,
CHI,2016,0.864740857866344
CHI,2017,0.797519378082892
CHI,2018,0.796882229757576
CHI,2019,0.761514271755747
CHI,2020,0.810238406945744
CHI,2021,0.905889700131793
CHL,2011,9.90905378571426
CHL,2012,9.82773286975095
CHL,2013,9.98503250387017
CHL,2014,9.92046516190012
CHL,2015,10.3988647878915
CHL,2016,9.70592487556683
CHL,2017,9.16084501948169
CHL,2018,9.60421381910793
CHL,2019,8.96909548434668
CHL,2020,8.99628171941755
CHL,2021,8.52542771996868
CHN,2011,32.0647911864237
CHN,2012,31.528577865974
CHN,2013,30.6710080721744
CHN,2014,30.3964442055154
CHN,2015,28.9516705787219
CHN,2016,28.0694422377123
CHN,2017,28.10893687151
CHN,2018,27.8410111544177
CHN,2019,26.7747241232901
CHN,2020,26.2851657561442
CHN,2021,27.5471027442599
CIV,2011,9.2213557501251
CIV,2012,10.3182515272799
CIV,2013,11.8501855603565
CIV,2014,12.2006998127999
CIV,2015,11.4305990168412
CIV,2016,12.5430342990523
CIV,2017,11.2836181003932
CIV,2018,11.2909843422326
CIV,2019,12.3199684287316
CIV,2020,12.0519433981248
CIV,2021,13.3970815019321
CMR,2011,15.1890862079643
CMR,2012,15.532770064592
CMR,2013,15.2287357474586
CMR,2014,14.5140212331135
CMR,2015,14.3500581853268
CMR,2016,13.8415343692757
CMR,2017,13.7129455296811
CMR,2018,13.6850154316949
CMR,2019,12.8257802062343
CMR,2020,13.1809876103324
CMR,2021,13.2966086416538
COD,2011,15.3588924969631
COD,2012,15.3613486806409
COD,2013,15.3852331886029
COD,2014,15.5544134735981
COD,2015,17.1286572960911
COD,2016,18.2643923623571
COD,2017,19.4870380833861
COD,2018,18.2135146576834
COD,2019,19.4779194527889
COD,2020,18.9912296625843
COD,2021,17.7208905234839
COG,2011,5.24200489645789
COG,2012,4.25728211443351
COG,2013,5.92085614812511
COG,2014,6.05990720251214
COG,2015,8.36764019343637
COG,2016,11.4670700612109
COG,2017,12.3763983593463
COG,2018,9.20702262871982
COG,2019,9.56929234054286
COG,2020,12.8531970155196
COG,2021,
COL,2011,13.217602576964
COL,2012,13.0892848837297
COL,2013,12.6623563037307
COL,2014,12.2693186420816
COL,2015,12.4008937581087
COL,2016,12.297778837716
COL,2017,11.4095935667718
COL,2018,11.1518529729467
COL,2019,10.926657535177
COL,2020,10.7275023510948
COL,2021,11.200418569318
COM,2011,
COM,2012,
COM,2013,
COM,2014,
COM,2015,
COM,2016,
COM,2017,
COM,2018,
COM,2019,
COM,2020,
COM,2021,
CPV,2011,4.42882055667018
CPV,2012,4.6413002429543
CPV,2013,4.83628033255732
CPV,2014,5.18841665051269
CPV,2015,4.94193017807392
CPV,2016,5.10374951041088
CPV,2017,4.70095840974587
CPV,2018,4.57817868676343
CPV,2019,4.81797005885477
CPV,2020,5.1850224169666
CPV,2021,5.38569912694724
CRI,2011,14.2961414838857
CRI,2012,13.8778882419301
CRI,2013,12.8426334917159
CRI,2014,12.2879019689087
CRI,2015,11.6070817090569
CRI,2016,11.6051648163289
CRI,2017,11.7340016097056
CRI,2018,11.9243306402559
CRI,2019,12.0464449459211
CRI,2020,12.790846486792
CRI,2021,13.733396136347
CUB,2011,15.3399043339614
CUB,2012,16.1031432438714
CUB,2013,15.7333955514077
CUB,2014,15.0875135296648
CUB,2015,14.9087370083367
CUB,2016,13.8502063150225
CUB,2017,13.500477324227
CUB,2018,12.8129080210264
CUB,2019,12.4792608549362
CUB,2020,11.1969245042934
CUB,2021,10.5350539664967
CUW,2011,7.5041124363974
CUW,2012,7.52814646424504
CUW,2013,8.07271907118183
CUW,2014,8.10526513919541
CUW,2015,8.59755689142002
CUW,2016,9.26839047855877
CUW,2017,8.78261387590483
CUW,2018,6.20085796939431
CUW,2019,5.08574384014729
CUW,2020,2.76459871987219
CUW,2021,2.62852421441551
CYM,2011,0.754645357904355
CYM,2012,0.782351407346024
CYM,2013,0.793861988156281
CYM,2014,0.826451910375307
CYM,2015,0.831096148116317
CYM,2016,0.859683817412274
CYM,2017,0.849127890690393
CYM,2018,0.891116944050507
CYM,2019,0.903359621543163
CYM,2020,0.916881428464879
CYM,2021,0.994888734596318
CYP,2011,4.60055670048582
CYP,2012,4.18997390765357
CYP,2013,3.88480353979907
CYP,2014,4.07749354093701
CYP,2015,4.26012306069838
CYP,2016,4.57051335723455
CYP,2017,4.89209027649162
CYP,2018,5.29758788521149
CYP,2019,5.40632833314545
CYP,2020,5.63141765322206
CYP,2021,4.98799400297888
CZE,2011,21.8643072456478
CZE,2012,21.7136033387837
CZE,2013,21.7617319791193
CZE,2014,23.4691665652122
CZE,2015,23.7339506123741
CZE,2016,23.7610958428917
CZE,2017,23.1824532218752
CZE,2018,22.3060378872535
CZE,2019,22.1266766165116
CZE,2020,20.7968233716829
CZE,2021,19.640981617073
DEU,2011,20.1342159756315
DEU,2012,20.0571351030932
DEU,2013,19.7677938673586
DEU,2014,20.1171122582633
DEU,2015,20.1508920324729
DEU,2016,20.4345907994406
DEU,2017,20.2013743166692
DEU,2018,19.8657585110445
DEU,2019,19.3688328882451
DEU,2020,18.6373281694795
DEU,2021,18.6967626466764
DJI,2011,
DJI,2012,
DJI,2013,1.95812434978751
DJI,2014,2.78230173875108
DJI,2015,2.73555807602599
DJI,2016,2.83557314687334
DJI,2017,3.10152709601158
DJI,2018,3.31583227150604
DJI,2019,3.70295740040916
DJI,2020,4.42515714989775
DJI,2021,5.22820108698994
DMA,2011,2.6567709218862
DMA,2012,3.07806034187122
DMA,2013,3.09424706407016
DMA,2014,3.03666486378775
DMA,2015,3.98838348207864
DMA,2016,2.6172693499248
DMA,2017,1.9166447709471
DMA,2018,2.47483109461372
DMA,2019,2.25358083759804
DMA,2020,2.886776653102
DMA,2021,2.49796560878323
DNK,2011,10.9708435050042
DNK,2012,11.208563455152
DNK,2013,11.7998537089519
DNK,2014,11.8293905304366
DNK,2015,12.484534308925
DNK,2016,12.9401692109791
DNK,2017,13.0145483841175
DNK,2018,13.0043275494945
DNK,2019,13.4024278659202
DNK,2020,12.8371087335606
DNK,2021,12.7397805270337
DOM,2011,15.0723772029499
DOM,2012,14.9930449195303
DOM,2013,14.5916649127864
DOM,2014,14.5465271819258
DOM,2015,14.7024478987904
DOM,2016,14.4187978831375
DOM,2017,14.0958654446311
DOM,2018,14.1355343158034
DOM,2019,13.7588029065707
DOM,2020,14.4450594216924
DOM,2021,15.1598899852978
DZA,2011,9.73343874629741
DZA,2012,8.5589556099004
DZA,2013,8.02018645677549
DZA,2014,9.87797970942307
DZA,2015,7.11001759889613
DZA,2016,6.89853876611083
DZA,2017,7.33456829401543
DZA,2018,7.07738040001596
DZA,2019,6.40396994400067
DZA,2020,6.28239503315548
DZA,2021,8.18955643268695
ECU,2011,12.8501503190767
ECU,2012,12.5996773832049
ECU,2013,12.2611805401854
ECU,2014,13.1351000392395
ECU,2015,14.2997317197965
ECU,2016,14.5926588381272
ECU,2017,13.9316523803397
ECU,2018,13.3663079105658
ECU,2019,12.6784849624608
ECU,2020,12.9418128771118
ECU,2021,13.1505558876889
EGY,2011,15.7671942236161
EGY,2012,16.1654665564441
EGY,2013,16.6083799182971
EGY,2014,16.7744463669334
EGY,2015,16.6974449068966
EGY,2016,16.8413269293155
EGY,2017,16.5935206577446
EGY,2018,16.3508895794126
EGY,2019,15.9882989921372
EGY,2020,16.3804559942138
EGY,2021,15.485283900665
ERI,2011,
ERI,2012,
ERI,2013,
ERI,2014,
ERI,2015,
ERI,2016,
ERI,2017,
ERI,2018,
ERI,2019,
ERI,2020,
ERI,2021,
ESP,2011,11.2014709597732
ESP,2012,10.8118621882614
ESP,2013,10.8662587310316
ESP,2014,10.9975561841823
ESP,2015,11.0137685905408
ESP,2016,10.9527706513192
ESP,2017,11.1145583338461
ESP,2018,10.7886322916564
ESP,2019,10.6967320991298
ESP,2020,10.853212942808
ESP,2021,11.2560847091885
EST,2011,14.5525672570253
EST,2012,13.8770730242275
EST,2013,13.5540034976357
EST,2014,13.9610951419012
EST,2015,13.6547460994623
EST,2016,13.6104762733574
EST,2017,13.3408912828564
EST,2018,13.2138423128235
EST,2019,12.8803241268467
EST,2020,12.5917858133422
EST,2021,13.0463335732433
ETH,2011,3.68255139559386
ETH,2012,3.42006071889612
ETH,2013,3.702189003056
ETH,2014,3.99132524576571
ETH,2015,4.4046191387627
ETH,2016,5.69139881015014
ETH,2017,6.18658850515008
ETH,2018,5.8276168447099
ETH,2019,5.59436889552396
ETH,2020,5.30328086816582
ETH,2021,4.60568870386342
FIN,2011,16.355265487845
FIN,2012,14.5954146662807
FIN,2013,14.6434591173334
FIN,2014,14.6025114765247
FIN,2015,14.8411928141889
FIN,2016,14.7475627790114
FIN,2017,15.3743113223501
FIN,2018,14.7901080183696
FIN,2019,14.7120972002113
FIN,2020,14.5232182818852
FIN,2021,14.9402646685212
FJI,2011,11.9246700921386
FJI,2012,11.5622714283651
FJI,2013,11.5664406958165
FJI,2014,10.6541138317051
FJI,2015,10.4961595864402
FJI,2016,10.9318098449337
FJI,2017,10.4461315762246
FJI,2018,10.3875798129426
FJI,2019,10.3765231557191
FJI,2020,11.06471015783
FJI,2021,11.4027360175894
FRA,2011,10.3132840454103
FRA,2012,10.2470795796382
FRA,2013,10.2533499274342
FRA,2014,10.1814983481472
FRA,2015,10.3199116417468
FRA,2016,10.1652320223789
FRA,2017,10.0100515756887
FRA,2018,9.88620521645328
FRA,2019,9.91095000638926
FRA,2020,9.24566710385932
FRA,2021,9.09582515832787
FRO,2011,5.26738325676821
FRO,2012,5.43547067818912
FRO,2013,4.91908528311877
FRO,2014,6.07100056252599
FRO,2015,6.38390021366287
FRO,2016,5.31835126886399
FRO,2017,6.17167251105351
FRO,2018,5.61664382064883
FRO,2019,6.66825795375781
FRO,2020,6.8377505874878
FRO,2021,7.12100102863244
FSM,2011,0.429230045717722
FSM,2012,0.396273537526658
FSM,2013,0.363350465804831
FSM,2014,0.366616218437491
FSM,2015,0.418844329629476
FSM,2016,0.557138461538461
FSM,2017,0.528105849582173
FSM,2018,0.492372448979592
FSM,2019,0.488147208121827
FSM,2020,0.495134408602151
FSM,2021,0.50925641025641
GAB,2011,19.1528007507603
GAB,2012,16.5014056434654
GAB,2013,17.1624139596913
GAB,2014,17.393405866881
GAB,2015,16.6870330418249
GAB,2016,17.456006771994
GAB,2017,17.6224186689537
GAB,2018,18.9415576135283
GAB,2019,18.8025688304726
GAB,2020,18.5764709410674
GAB,2021,21.6495470771382
GBR,2011,9.32941976073476
GBR,2012,9.34630320677592
GBR,2013,9.59367584672618
GBR,2014,9.41066751713007
GBR,2015,9.29473281602295
GBR,2016,9.1098062154651
GBR,2017,9.05419590661528
GBR,2018,8.95235988968101
GBR,2019,8.79681958314551
GBR,2020,8.99725503283597
GBR,2021,8.64632011901637
GEO,2011,9.45154105521284
GEO,2012,9.54490769616805
GEO,2013,9.22261068021141
GEO,2014,9.21055324380556
GEO,2015,9.23868791246961
GEO,2016,7.78368506004979
GEO,2017,8.77075350749879
GEO,2018,9.05712081808966
GEO,2019,8.82563487913767
GEO,2020,9.42818092349716
GEO,2021,9.91604571503854
GHA,2011,6.42376585885943
GHA,2012,5.66058649920669
GHA,2013,11.5885474629749
GHA,2014,11.0199488260173
GHA,2015,11.0982995618487
GHA,2016,10.8204245904679
GHA,2017,10.1522230921101
GHA,2018,10.1201333350505
GHA,2019,10.1612187308728
GHA,2020,10.9530558483938
GHA,2021,10.8854255442819
GIB,2011,
GIB,2012,
GIB,2013,
GIB,2014,
GIB,2015,
GIB,2016,
GIB,2017,
GIB,2018,
GIB,2019,
GIB,2020,
GIB,2021,
GIN,2011,10.4712769261704
GIN,2012,10.5298592048946
GIN,2013,10.8007785486665
GIN,2014,11.0824935422383
GIN,2015,12.1187356683819
GIN,2016,10.9266759656277
GIN,2017,10.021586832517
GIN,2018,12.0732499471316
GIN,2019,10.4003589799348
GIN,2020,9.56625663157385
GIN,2021,11.4227929712381
GMB,2011,5.48871420220461
GMB,2012,5.74815979853717
GMB,2013,5.61120256265393
GMB,2014,6.51178104456846
GMB,2015,6.34925434673243
GMB,2016,5.58625701329089
GMB,2017,4.46929213423085
GMB,2018,4.25546144640921
GMB,2019,3.78717703681072
GMB,2020,2.61338378758132
GMB,2021,1.90207190148837
GNB,2011,9.20015795024493
GNB,2012,8.89294919275182
GNB,2013,8.72465651267683
GNB,2014,9.34358994488158
GNB,2015,8.85890712355589
GNB,2016,8.65569406834563
GNB,2017,8.13997490489753
GNB,2018,11.2138251559825
GNB,2019,9.75353485868623
GNB,2020,9.71228677405569
GNB,2021,9.84224508675693
GNQ,2011,22.4684911736905
GNQ,2012,17.0897521554373
GNQ,2013,19.2857889394799
GNQ,2014,20.1256330691071
GNQ,2015,17.8446575040216
GNQ,2016,18.5043115557231
GNQ,2017,25.7505953453878
GNQ,2018,25.5701377749619
GNQ,2019,20.8538394751509
GNQ,2020,19.5270653898342
GNQ,2021,20.9306894233739
GRC,2011,8.14872583676611
GRC,2012,8.13642389483796
GRC,2013,7.78048722385766
GRC,2014,7.79323131183445
GRC,2015,8.2939794133625
GRC,2016,8.1077472947053
GRC,2017,8.01771265830777
GRC,2018,8.18182062799694
GRC,2019,7.83958999296986
GRC,2020,8.42728042228222
GRC,2021,8.66558957724326
GRD,2011,3.37761668973587
GRD,2012,3.24677730034079
GRD,2013,3.38055532357246
GRD,2014,3.42091148457563
GRD,2015,3.41912092484175
GRD,2016,3.35330009803135
GRD,2017,3.08059288992712
GRD,2018,3.11659612838496
GRD,2019,3.37198335983592
GRD,2020,3.1289822199978
GRD,2021,3.31380543350618
GRL,2011,5.30942749495216
GRL,2012,5.18837032381834
GRL,2013,5.0691335919626
GRL,2014,4.36398971851295
GRL,2015,4.05976043488087
GRL,2016,4.57426318475392
GRL,2017,2.53599519886982
GRL,2018,5.12746098952638
GRL,2019,3.32159436529534
GRL,2020,3.37651906171444
GRL,2021,2.90652234822232
GTM,2011,18.9568997751997
GTM,2012,19.4267259519628
GTM,2013,14.4164226540723
GTM,2014,14.0766487906713
GTM,2015,14.326328695069
GTM,2016,14.190600806824
GTM,2017,14.1404419045845
GTM,2018,13.9542763714142
GTM,2019,13.8112907260869
GTM,2020,14.1081589463862
GTM,2021,13.9283829228936
GUM,2011,
GUM,2012,
GUM,2013,
GUM,2014,
GUM,2015,
GUM,2016,
GUM,2017,
GUM,2018,
GUM,2019,
GUM,2020,
GUM,2021,
GUY,2011,6.01840110369443
GUY,2012,6.01570949241623
GUY,2013,6.3459503155219
GUY,2014,6.04622180080549
GUY,2015,5.9391007109179
GUY,2016,4.96674325925782
GUY,2017,4.78930094706975
GUY,2018,4.66840695363972
GUY,2019,5.04918288096454
GUY,2020,4.24402392446419
GUY,2021,3.13504926250739
HKG,2011,1.58072403757179
HKG,2012,1.5021656221052
HKG,2013,1.41027589609527
HKG,2014,1.2338468277725
HKG,2015,1.11396500825592
HKG,2016,1.07781344078812
HKG,2017,1.02642830098086
HKG,2018,0.972374903409678
HKG,2019,1.03218885477863
HKG,2020,0.953922818394398
HKG,2021,0.912665495804877
HND,2011,17.1943940174517
HND,2012,17.6861395577953
HND,2013,17.2942592461772
HND,2014,17.2545874850923
HND,2015,17.5431120239302
HND,2016,17.1467725059127
HND,2017,17.1266629002784
HND,2018,16.8927082911441
HND,2019,16.5344925692041
HND,2020,16.2334694093705
HND,2021,16.2151646162406
HRV,2011,13.6597627676113
HRV,2012,13.514937862597
HRV,2013,12.6084454384279
HRV,2014,12.7311178157245
HRV,2015,12.7361539594217
HRV,2016,12.874923346888
HRV,2017,12.7593550106164
HRV,2018,12.2987948004737
HRV,2019,11.9940431374938
HRV,2020,12.1555164335867
HRV,2021,11.6570943256848
HTI,2011,14.654058030893
HTI,2012,16.126593068017
HTI,2013,15.7667416258762
HTI,2014,16.6212186395581
HTI,2015,16.9685346386874
HTI,2016,16.3668351199332
HTI,2017,16.3846226379273
HTI,2018,16.6906371233964
HTI,2019,16.7496682778704
HTI,2020,17.6377718833833
HTI,2021,19.3650365527546
HUN,2011,18.4377347949251
HUN,2012,18.4725080648162
HUN,2013,18.7141313676444
HUN,2014,19.438228788326
HUN,2015,20.215286547804
HUN,2016,19.605726746561
HUN,2017,19.1264888029734
HUN,2018,18.5033366208224
HUN,2019,17.4329538120912
HUN,2020,17.3085871465959
HUN,2021,16.7329079767572
IDN,2011,21.7608545038476
IDN,2012,21.4509550553875
IDN,2013,21.0286886817218
IDN,2014,21.0751760505565
IDN,2015,20.9857874310206
IDN,2016,20.5229746805052
IDN,2017,20.1600223614347
IDN,2018,19.8631933835963
IDN,2019,19.7035390875513
IDN,2020,19.8664218856304
IDN,2021,19.2434077817738
IMN,2011,
IMN,2012,3.59071492946426
IMN,2013,3.19856805330679
IMN,2014,2.65466493932643
IMN,2015,2.67986624173742
IMN,2016,2.41021878808676
IMN,2017,2.08077062437133
IMN,2018,2.15980428944063
IMN,2019,2.14283159203438
IMN,2020,2.44206796867328
IMN,2021,2.05292887722226
IND,2011,16.1393374446289
IND,2012,15.8169230071066
IND,2013,15.253022692586
IND,2014,15.0655701107589
IND,2015,15.5838545863713
IND,2016,15.1622371332529
IND,2017,15.0182387501718
IND,2018,14.8815306673017
IND,2019,13.4558075633394
IND,2020,14.1204853576923
IND,2021,14.3770288531286
IRL,2011,20.5666933538867
IRL,2012,19.5753517920768
IRL,2013,19.0465456269223
IRL,2014,19.5645553716209
IRL,2015,34.8578555737466
IRL,2016,32.5945579382312
IRL,2017,32.14300810415
IRL,2018,32.8064047541631
IRL,2019,31.9371283375674
IRL,2020,33.8161599902465
IRL,2021,34.576136917272
IRN,2011,13.7921914678481
IRN,2012,16.3771989024111
IRN,2013,15.7296956213052
IRN,2014,15.5847556165887
IRN,2015,13.4507444091979
IRN,2016,12.9449949759878
IRN,2017,13.75240253733
IRN,2018,15.6371173490641
IRN,2019,18.0455961757143
IRN,2020,21.1394869566356
IRN,2021,21.215094973435
IRQ,2011,2.82190329286093
IRQ,2012,2.72177631792452
IRQ,2013,2.29763484409581
IRQ,2014,1.87706381634762
IRQ,2015,2.1752084247609
IRQ,2016,2.25286887717333
IRQ,2017,2.17439874253532
IRQ,2018,2.03197771830623
IRQ,2019,2.13753149649538
IRQ,2020,2.5884272681538
IRQ,2021,2.47340478053043
ISL,2011,13.2112211664093
ISL,2012,11.6563146361717
ISL,2013,11.6086029118481
ISL,2014,11.3993450164608
ISL,2015,10.7328454256169
ISL,2016,9.27725793391613
ISL,2017,8.86785680948039
ISL,2018,8.51658805690473
ISL,2019,8.48556916104706
ISL,2020,8.90023186550916
ISL,2021,9.79680948092188
ISR,2011,13.5938533743356
ISR,2012,13.7684053065009
ISR,2013,12.9905506168938
ISR,2014,12.5081607110865
ISR,2015,12.9187992083921
ISR,2016,12.0688595259059
ISR,2017,11.4749553334116
ISR,2018,11.6684022378871
ISR,2019,11.6066045664421
ISR,2020,12.160055406449
ISR,2021,10.8810440353036
ITA,2011,14.1319079197052
ITA,2012,13.7582342074538
ITA,2013,13.7593478951288
ITA,2014,13.8362218969996
ITA,2015,14.2623447666015
ITA,2016,14.6638600182643
ITA,2017,14.8167748451842
ITA,2018,14.9480712750382
ITA,2019,14.8032822287955
ITA,2020,14.477256120151
ITA,2021,15.365300568128
JAM,2011,7.88642236411322
JAM,2012,8.0855260454477
JAM,2013,8.16879594664045
JAM,2014,8.1287214565378
JAM,2015,7.95709044591207
JAM,2016,7.67466886241997
JAM,2017,7.70702233479769
JAM,2018,7.67324815723361
JAM,2019,7.73845935881404
JAM,2020,7.95270594551504
JAM,2021,8.19733248153237
JOR,2011,19.3084740432038
JOR,2012,18.7888725091493
JOR,2013,19.2766712440525
JOR,2014,18.8479383295667
JOR,2015,18.3616206146717
JOR,2016,18.0055030429575
JOR,2017,17.998121961285
JOR,2018,17.6895403755395
JOR,2019,17.5673271891158
JOR,2020,17.1472019841126
JOR,2021,16.9034351571687
JPN,2011,19.5355543051759
JPN,2012,19.6667084270194
JPN,2013,19.3290316543759
JPN,2014,19.5936092334203
JPN,2015,20.4624703758492
JPN,2016,20.2880385682684
JPN,2017,20.4359460686022
JPN,2018,20.621683951335
JPN,2019,20.2241827905106
JPN,2020,20.0524927187101
JPN,2021,20.8554948736037
KAZ,2011,11.0865742214899
KAZ,2012,11.0807990431371
KAZ,2013,10.6349738343331
KAZ,2014,10.3182436278483
KAZ,2015,10.2754093827734
KAZ,2016,11.3301396708405
KAZ,2017,11.2801569362864
KAZ,2018,11.4286227484553
KAZ,2019,11.466364067234
KAZ,2020,13.0725321801007
KAZ,2021,13.6087547428034
KEN,2011,12.0477672867887
KEN,2012,11.0833402731294
KEN,2013,10.9090166252394
KEN,2014,10.0650334327975
KEN,2015,9.97517981812866
KEN,2016,9.32149110147083
KEN,2017,8.7391417305051
KEN,2018,8.40838529183248
KEN,2019,7.90461593672111
KEN,2020,7.59983835849882
KEN,2021,7.36330136314107
KGZ,2011,18.2682486850023
KGZ,2012,12.0717438294619
KGZ,2013,15.7680889222133
KGZ,2014,13.6761967985545
KGZ,2015,14.0507756985422
KGZ,2016,15.4342608672285
KGZ,2017,14.9908280435843
KGZ,2018,14.2644633092231
KGZ,2019,13.7214242115474
KGZ,2020,13.1575269592111
KGZ,2021,11.8062709753271
KHM,2011,20.5921067908236
KHM,2012,20.9212544909796
KHM,2013,21.6035358243074
KHM,2014,21.7999725120974
KHM,2015,22.4571002060738
KHM,2016,22.7340356176555
KHM,2017,23.1551231795313
KHM,2018,23.5663927875165
KHM,2019,24.6156471977013
KHM,2020,23.9980719281973
KHM,2021,26.653916852434
KIR,2011,5.98384315804456
KIR,2012,5.28849285767921
KIR,2013,5.01078268743398
KIR,2014,5.1585620022298
KIR,2015,4.55983213651231
KIR,2016,4.90990970840771
KIR,2017,5.17779971406693
KIR,2018,5.47197147845484
KIR,2019,4.97977819257887
KIR,2020,5.40398933998552
KIR,2021,5.45717497464774
KNA,2011,7.74014928348358
KNA,2012,7.47087199849082
KNA,2013,7.14273614310882
KNA,2014,6.86700120589723
KNA,2015,6.54942928999807
KNA,2016,5.72871641878892
KNA,2017,5.39133238023155
KNA,2018,5.41270452887831
KNA,2019,5.47671343703719
KNA,2020,5.07837542267419
KNA,2021,4.80011042669565
KOR,2011,28.2367986111971
KOR,2012,27.8318955047505
KOR,2013,27.7858537381354
KOR,2014,27.0424521550532
KOR,2015,26.6060357279078
KOR,2016,26.357765221973
KOR,2017,26.9458726930167
KOR,2018,26.6385086529154
KOR,2019,25.222222874629
KOR,2020,24.7802807011107
KOR,2021,25.4864908324855
KWT,2011,5.6131394539244
KWT,2012,5.96446663818635
KWT,2013,5.87984154846124
KWT,2014,5.54227900124173
KWT,2015,6.97751003695985
KWT,2016,7.2020572828301
KWT,2017,7.50147665832257
KWT,2018,7.42772872081424
KWT,2019,6.37931510845646
KWT,2020,9.09212374768687
KWT,2021,11.0344735523976
LAO,2011,10.6713661460928
LAO,2012,8.98377274194291
LAO,2013,8.43540228331074
LAO,2014,8.42769528413766
LAO,2015,8.19005219527172
LAO,2016,7.77156382707168
LAO,2017,7.48353451889534
LAO,2018,7.45272743973651
LAO,2019,7.64369194070959
LAO,2020,7.68478649420094
LAO,2021,8.69509978976757
LBN,2011,7.57931418515021
LBN,2012,7.3880328196001
LBN,2013,7.52441395625991
LBN,2014,7.53256666556356
LBN,2015,8.04853930548165
LBN,2016,8.35641017095378
LBN,2017,8.28789155701475
LBN,2018,7.44505027672016
LBN,2019,7.05147171311738
LBN,2020,2.94371948788659
LBN,2021,1.42682987688995
LBR,2011,2.27703502919099
LBR,2012,
LBR,2013,
LBR,2014,
LBR,2015,
LBR,2016,
LBR,2017,
LBR,2018,
LBR,2019,
LBR,2020,
LBR,2021,
LBY,2011,3.70922472929545
LBY,2012,2.31116044510223
LBY,2013,2.96399418096206
LBY,2014,4.56529868891668
LBY,2015,4.14078951865904
LBY,2016,3.65524337067447
LBY,2017,2.80678251468398
LBY,2018,
LBY,2019,
LBY,2020,
LBY,2021,
LCA,2011,2.92046474283285
LCA,2012,2.93731866257566
LCA,2013,2.7180654084683
LCA,2014,2.53874820022021
LCA,2015,2.90538048600582
LCA,2016,3.14166220689382
LCA,2017,3.00222386953299
LCA,2018,2.90946339359523
LCA,2019,2.1092355280601
LCA,2020,2.98189273980386
LCA,2021,3.01503550601024
LIE,2011,
LIE,2012,
LIE,2013,
LIE,2014,
LIE,2015,
LIE,2016,36.8666818522014
LIE,2017,38.7329024971766
LIE,2018,36.5385203068178
LIE,2019,38.8093302482647
LIE,2020,34.3376398796162
LIE,2021,35.2436099402506
LKA,2011,18.6156868794475
LKA,2012,19.7379423600008
LKA,2013,18.0646306474511
LKA,2014,17.1564291869155
LKA,2015,16.176959877339
LKA,2016,16.018659247714
LKA,2017,14.891296048073
LKA,2018,15.0327786139076
LKA,2019,16.1608017172884
LKA,2020,16.2859638813162
LKA,2021,17.9651186198397
LSO,2011,12.7826465299986
LSO,2012,11.4515114166879
LSO,2013,10.9395682131417
LSO,2014,12.250538441436
LSO,2015,15.1330287921212
LSO,2016,16.6630766961045
LSO,2017,15.2367098583169
LSO,2018,16.6313078018797
LSO,2019,17.2191325178187
LSO,2020,16.3470534214573
LSO,2021,16.5400955216303
LTU,2011,18.2958187319647
LTU,2012,18.6694480586007
LTU,2013,17.663818979093
LTU,2014,17.4023635016509
LTU,2015,17.2400398133433
LTU,2016,16.8071638901065
LTU,2017,16.7118510614104
LTU,2018,16.5154267145228
LTU,2019,16.0026233552419
LTU,2020,15.4605506017385
LTU,2021,15.9178789739431
LUX,2011,4.86953795535755
LUX,2012,4.55660954148066
LUX,2013,4.5543889865113
LUX,2014,4.72811642073937
LUX,2015,5.47963197133244
LUX,2016,5.79495633971977
LUX,2017,4.77590867294046
LUX,2018,4.96159222732281
LUX,2019,5.04253067388434
LUX,2020,4.94239167412781
LUX,2021,4.69048737121145
LVA,2011,12.1686319064552
LVA,2012,11.8129666874934
LVA,2013,11.5075095213455
LVA,2014,10.8995654111219
LVA,2015,10.8460810091263
LVA,2016,10.5392671306849
LVA,2017,10.8745823136205
LVA,2018,10.9412550358406
LVA,2019,11.022531503956
LVA,2020,11.4825724036882
LVA,2021,12.847506450304
MAC,2011,0.456610185555006
MAC,2012,0.46163208531355
MAC,2013,0.396853346416055
MAC,2014,0.415492251137929
MAC,2015,0.570740711910772
MAC,2016,0.595264525009435
MAC,2017,0.572479913744711
MAC,2018,0.539585704121187
MAC,2019,0.536509650425159
MAC,2020,0.830736253586933
MAC,2021,0.827262973629228
MAF,2011,
MAF,2012,
MAF,2013,
MAF,2014,
MAF,2015,
MAF,2016,
MAF,2017,
MAF,2018,
MAF,2019,
MAF,2020,
MAF,2021,
MAR,2011,14.6656401970504
MAR,2012,14.3615270012424
MAR,2013,14.5581548742157
MAR,2014,15.3452879513188
MAR,2015,14.984152955286
MAR,2016,14.7595291382492
MAR,2017,14.5941970328011
MAR,2018,14.8703562557049
MAR,2019,14.7633235363387
MAR,2020,15.177396164956
MAR,2021,15.2356757950841
MCO,2011,
MCO,2012,
MCO,2013,
MCO,2014,
MCO,2015,
MCO,2016,
MCO,2017,
MCO,2018,
MCO,2019,
MCO,2020,
MCO,2021,
MDA,2011,10.5647418754911
MDA,2012,10.6544375298534
MDA,2013,11.193852554233
MDA,2014,10.0691324765555
MDA,2015,10.01582216678
MDA,2016,10.0336311861214
MDA,2017,9.97007323439153
MDA,2018,10.0691978482836
MDA,2019,9.89433050808773
MDA,2020,10.1066643472715
MDA,2021,9.63995995697745
MDG,2011,8.72437045917635
MDG,2012,8.66520369091448
MDG,2013,8.62986885227877
MDG,2014,9.03893525393852
MDG,2015,8.50771119517862
MDG,2016,10.1953106769595
MDG,2017,9.18815731963744
MDG,2018,9.3695954221963
MDG,2019,10.0900513520788
MDG,2020,9.72498440599679
MDG,2021,9.49672393900893
MDV,2011,2.58052904651449
MDV,2012,2.62452727488947
MDV,2013,2.11838215713654
MDV,2014,1.98497323914953
MDV,2015,1.92794348282613
MDV,2016,2.07833683806784
MDV,2017,2.18421103604745
MDV,2018,2.19273569064963
MDV,2019,2.13121457164251
MDV,2020,2.68596817634496
MDV,2021,2.13594481677699
MEX,2011,17.7203860225437
MEX,2012,18.8000354543894
MEX,2013,18.1028096187355
MEX,2014,18.2289217215091
MEX,2015,19.8234213781094
MEX,2016,19.8687757882998
MEX,2017,20.1618224199443
MEX,2018,20.1893657004533
MEX,2019,19.8877542610576
MEX,2020,20.1842735720463
MEX,2021,20.835835860176
MHL,2011,4.29930354033662
MHL,2012,3.74825677919203
MHL,2013,5.23336909871245
MHL,2014,6.13822580645161
MHL,2015,3.17131192161132
MHL,2016,4.54306243805748
MHL,2017,4.13743565746373
MHL,2018,3.7115
MHL,2019,4.92181193645341
MHL,2020,3.2258064516129
MHL,2021,2.29385863267671
MKD,2011,11.4100813036154
MKD,2012,10.2386314208394
MKD,2013,9.91410485543674
MKD,2014,10.9514035376996
MKD,2015,11.7603595286911
MKD,2016,12.2889398868518
MKD,2017,12.6025309574733
MKD,2018,13.3473954345583
MKD,2019,13.3941499935757
MKD,2020,13.2972746832417
MKD,2021,13.4832646738274
MLI,2011,
MLI,2012,15.859822176325
MLI,2013,12.6731503112883
MLI,2014,13.8039838467019
MLI,2015,12.9599274106217
MLI,2016,13.1706953211143
MLI,2017,13.9767916114907
MLI,2018,15.6029159853206
MLI,2019,16.2588342653505
MLI,2020,16.5262948287671
MLI,2021,15.8592665862472
MLT,2011,11.0339893098324
MLT,2012,10.8189570991513
MLT,2013,9.42752915663499
MLT,2014,8.35674965810255
MLT,2015,7.16143634059413
MLT,2016,6.9972006339371
MLT,2017,6.62745777556509
MLT,2018,6.53649513653348
MLT,2019,6.4306549585266
MLT,2020,6.71686851171732
MLT,2021,6.33400013776018
MMR,2011,19.721311969926
MMR,2012,20.0923540449082
MMR,2013,19.9159137514953
MMR,2014,19.9307583033683
MMR,2015,20.8081418827965
MMR,2016,22.7953506749618
MMR,2017,24.0940353438783
MMR,2018,24.9118739981676
MMR,2019,25.3200721248355
MMR,2020,25.4520380861397
MMR,2021,25.6374529176866
MNE,2011,4.9716657870773
MNE,2012,4.07631424020981
MNE,2013,4.04305630277167
MNE,2014,3.88001811492567
MNE,2015,4.08869912042976
MNE,2016,3.73553662159151
MNE,2017,3.84720863084778
MNE,2018,3.98361186584976
MNE,2019,3.71806750416152
MNE,2020,4.11035292110744
MNE,2021,3.85290677352458
MNG,2011,7.06994259514331
MNG,2012,7.48223219076914
MNG,2013,8.72166390590704
MNG,2014,8.77729309296388
MNG,2015,7.01550583710279
MNG,2016,6.66750559995597
MNG,2017,6.89823821479702
MNG,2018,7.05321710338318
MNG,2019,7.06955554689873
MNG,2020,7.75616468509037
MNG,2021,7.10918210222536
MNP,2011,
MNP,2012,
MNP,2013,
MNP,2014,
MNP,2015,
MNP,2016,
MNP,2017,
MNP,2018,
MNP,2019,
MNP,2020,
MNP,2021,
MOZ,2011,9.54977522476
MOZ,2012,8.62619404009544
MOZ,2013,8.32603551504896
MOZ,2014,8.22056509258821
MOZ,2015,8.30864034953938
MOZ,2016,8.1178325868925
MOZ,2017,7.81988703506551
MOZ,2018,8.61313111852956
MOZ,2019,8.72772955303203
MOZ,2020,8.33878131161498
MOZ,2021,8.06496004743725
MRT,2011,5.7428286811951
MRT,2012,6.52113211769316
MRT,2013,6.40698414824321
MRT,2014,7.41409391870427
MRT,2015,7.43834550490809
MRT,2016,6.11114757762785
MRT,2017,6.41366370468545
MRT,2018,6.33751578922103
MRT,2019,7.09653030823484
MRT,2020,6.68554622970244
MRT,2021,6.08850874065005
MUS,2011,13.8661472809371
MUS,2012,13.6477452915207
MUS,2013,13.7216456330102
MUS,2014,13.5241325736666
MUS,2015,13.008628390064
MUS,2016,12.3830481211742
MUS,2017,11.8394200409846
MUS,2018,11.3249354560671
MUS,2019,10.5200465526803
MUS,2020,10.8163983656884
MUS,2021,11.6982416714877
MWI,2011,
MWI,2012,
MWI,2013,
MWI,2014,
MWI,2015,
MWI,2016,
MWI,2017,11.2970614757279
MWI,2018,11.4196722780594
MWI,2019,11.5294189563407
MWI,2020,12.0584896143033
MWI,2021,11.8858408111006
MYS,2011,23.3202044896916
MYS,2012,23.1381762920437
MYS,2013,22.8407424205833
MYS,2014,22.8739302431305
MYS,2015,22.2932974814824
MYS,2016,21.7969514793711
MYS,2017,21.8461598838126
MYS,2018,21.5281592651946
MYS,2019,21.4089982975331
MYS,2020,22.2320775941863
MYS,2021,23.363165635524
NAM,2011,13.457262374441
NAM,2012,12.1900058944767
NAM,2013,10.3182587782274
NAM,2014,9.90856529052312
NAM,2015,11.4171848223968
NAM,2016,11.6787885338894
NAM,2017,12.2200432439665
NAM,2018,12.2988345926351
NAM,2019,12.4623985360334
NAM,2020,11.0196431958005
NAM,2021,10.7769295016123
NCL,2011,5.4531932275967
NCL,2012,5.49386610429072
NCL,2013,5.94504574039803
NCL,2014,5.62837268459151
NCL,2015,5.86483397920032
NCL,2016,5.909088976023
NCL,2017,5.60354479440873
NCL,2018,
NCL,2019,
NCL,2020,
NCL,2021,
NER,2011,6.68117680609331
NER,2012,7.51657609334777
NER,2013,8.014047553372
NER,2014,8.48320463944569
NER,2015,7.62575595401117
NER,2016,7.47340656858405
NER,2017,7.56778659061747
NER,2018,7.38236840772547
NER,2019,7.34627879325586
NER,2020,7.38998839041674
NER,2021,7.63945330549349
NGA,2011,7.17108429622259
NGA,2012,7.72454667174331
NGA,2013,8.92892932163337
NGA,2014,9.63581160269249
NGA,2015,9.42843732193195
NGA,2016,8.67969778226601
NGA,2017,8.74199349233524
NGA,2018,9.64894748123428
NGA,2019,11.5223586979699
NGA,2020,12.6672651648545
NGA,2021,14.6107029721795
NIC,2011,14.0517925742077
NIC,2012,14.2068526127754
NIC,2013,14.4945843722033
NIC,2014,14.7329954637277
NIC,2015,14.198161095405
NIC,2016,14.1447584685256
NIC,2017,13.6424640339867
NIC,2018,13.8456597272913
NIC,2019,14.039475623731
NIC,2020,13.4533606421867
NIC,2021,13.9327505070749
NLD,2011,10.1013242115629
NLD,2012,10.0607384630343
NLD,2013,9.64816464758619
NLD,2014,9.66230344504418
NLD,2015,10.1488182500805
NLD,2016,10.2669490054501
NLD,2017,10.5500219081827
NLD,2018,10.6594535821754
NLD,2019,10.420756670246
NLD,2020,10.4840023369093
NLD,2021,10.7549772867478
NOR,2011,6.83124021994862
NOR,2012,6.7069560944017
NOR,2013,6.70936969616563
NOR,2014,6.88711028232234
NOR,2015,6.96157381213814
NOR,2016,6.66969401819941
NOR,2017,6.47768064968194
NOR,2018,6.10398590161945
NOR,2019,6.27606210506328
NOR,2020,6.58792601633649
NOR,2021,5.61528387016352
NPL,2011,5.39692034108866
NPL,2012,5.78522283353524
NPL,2013,5.75041430553108
NPL,2014,5.61219115976027
NPL,2015,5.3560555553661
NPL,2016,4.88818962559367
NPL,2017,4.85567399386538
NPL,2018,4.90647453944016
NPL,2019,4.98144138801895
NPL,2020,4.47485439163579
NPL,2021,4.76603766559486
NRU,2011,
NRU,2012,
NRU,2013,
NRU,2014,
NRU,2015,
NRU,2016,
NRU,2017,
NRU,2018,
NRU,2019,
NRU,2020,
NRU,2021,
NZL,2011,10.9444679153171
NZL,2012,10.6076489466376
NZL,2013,10.2355270901257
NZL,2014,11.0696789026737
NZL,2015,11.279693966648
NZL,2016,10.0903975206094
NZL,2017,10.1945487816623
NZL,2018,9.94699075359356
NZL,2019,9.67484330263871
NZL,2020,9.39291202224445
NZL,2021,8.81116112012761
OMN,2011,10.4645309385257
OMN,2012,9.93224968534933
OMN,2013,9.40793050398492
OMN,2014,8.63119620231856
OMN,2015,8.91611568746014
OMN,2016,7.91428670336137
OMN,2017,8.4951784209409
OMN,2018,9.09106412005457
OMN,2019,8.02938031979303
OMN,2020,8.35606019076856
OMN,2021,9.40969740290684
PAK,2011,13.3811359313224
PAK,2012,13.7390762104055
PAK,2013,13.3207628541452
PAK,2014,13.4140262892618
PAK,2015,12.3014420948153
PAK,2016,11.2109167506518
PAK,2017,11.2993459112201
PAK,2018,11.6027431620618
PAK,2019,12.5872745902299
PAK,2020,11.4160734292379
PAK,2021,11.9347162169362
PAN,2011,6.19079354770991
PAN,2012,6.09446496607175
PAN,2013,6.48855584638698
PAN,2014,6.46788654828594
PAN,2015,6.26013276143563
PAN,2016,6.05024388647213
PAN,2017,5.93031938682056
PAN,2018,5.74622039902769
PAN,2019,5.67557287930525
PAN,2020,5.66800858814087
PAN,2021,5.28330073453115
PER,2011,15.0914598699078
PER,2012,15.164396582771
PER,2013,14.831406515612
PER,2014,13.9596976357841
PER,2015,13.7880201715375
PER,2016,13.3440281131691
PER,2017,12.9708469176106
PER,2018,13.1690240955292
PER,2019,12.8493511674786
PER,2020,12.2526157277512
PER,2021,12.0657346478745
PHL,2011,21.7043269521461
PHL,2012,21.3285712085069
PHL,2013,20.4344987662807
PHL,2014,20.5750839902722
PHL,2015,19.9280223739769
PHL,2016,19.5903031996457
PHL,2017,19.5002020560488
PHL,2018,19.0982471670238
PHL,2019,18.5164544000114
PHL,2020,17.6581790478661
PHL,2021,17.6400846961045
PLW,2011,0.849734429706462
PLW,2012,0.970002187591536
PLW,2013,1.02842883444671
PLW,2014,0.997724154525665
PLW,2015,0.949156285084481
PLW,2016,0.941079896463711
PLW,2017,0.980392156862745
PLW,2018,1.01204158724439
PLW,2019,1.03684751834732
PLW,2020,1.02841196970394
PLW,2021,1.03989340404073
PNG,2011,2.50886288226044
PNG,2012,2.46626540852598
PNG,2013,2.44051659136033
PNG,2014,2.12822917470014
PNG,2015,1.77710948034908
PNG,2016,1.93140262947308
PNG,2017,1.94533670409889
PNG,2018,1.72426469114493
PNG,2019,1.69105295674208
PNG,2020,1.68522515764577
PNG,2021,1.70169799160739
POL,2011,16.1389060287032
POL,2012,16.5564693800308
POL,2013,15.5581865074907
POL,2014,16.9081122802504
POL,2015,17.6693391336256
POL,2016,18.2752041844413
POL,2017,16.8858634359557
POL,2018,16.4851063076839
POL,2019,16.6614878848919
POL,2020,16.2083685829628
POL,2021,17.3006156636927
PRI,2011,46.5961214408924
PRI,2012,46.2477157440373
PRI,2013,46.4430453879941
PRI,2014,46.7331994088581
PRI,2015,47.9026461782531
PRI,2016,48.4428777218371
PRI,2017,47.3351314082456
PRI,2018,47.4373031980594
PRI,2019,47.6416960915622
PRI,2020,47.7694851882413
PRI,2021,47.5181016775881
PRK,2011,
PRK,2012,
PRK,2013,
PRK,2014,
PRK,2015,
PRK,2016,
PRK,2017,
PRK,2018,
PRK,2019,
PRK,2020,
PRK,2021,
PRT,2011,11.328789395701
PRT,2012,11.3753199190097
PRT,2013,11.5651993214334
PRT,2014,11.8414875390346
PRT,2015,12.2513540948869
PRT,2016,12.2435166305722
PRT,2017,12.4309295704729
PRT,2018,12.322133201471
PRT,2019,11.9377600515866
PRT,2020,12.0900462439681
PRT,2021,12.4429299331489
PRY,2011,18.3938123118673
PRY,2012,18.5216187131733
PRY,2013,18.3165913482112
PRY,2014,18.7675100760167
PRY,2015,19.4164870545878
PRY,2016,19.0612407979676
PRY,2017,19.4527698175799
PRY,2018,18.9927483082579
PRY,2019,18.7951682400806
PRY,2020,18.7044275348216
PRY,2021,19.189811303604
PSE,2011,11.469591725445
PSE,2012,13.1106451295829
PSE,2013,11.898930857164
PSE,2014,10.7507666354532
PSE,2015,9.32123328848301
PSE,2016,10.0263543952121
PSE,2017,11.655505952381
PSE,2018,11.5472518830714
PSE,2019,11.2347156156069
PSE,2020,11.0470843500711
PSE,2021,11.1933292837815
PYF,2011,4.62620872746827
PYF,2012,4.91853504931395
PYF,2013,4.85034901035314
PYF,2014,4.68060926639389
PYF,2015,5.09730941390893
PYF,2016,5.16926586772592
PYF,2017,4.76115515380683
PYF,2018,4.91407149793365
PYF,2019,4.81237186637337
PYF,2020,
PYF,2021,
QAT,2011,9.46271769221704
QAT,2012,10.5240057860378
QAT,2013,10.2049904181882
QAT,2014,10.1421524949587
QAT,2015,8.91552530998815
QAT,2016,8.47608042005157
QAT,2017,8.04717029814568
QAT,2018,8.23742387263655
QAT,2019,8.33357268439132
QAT,2020,7.9112604108311
QAT,2021,8.76190774258305
ROU,2011,25.9119432595128
ROU,2012,21.2783438640457
ROU,2013,20.2152670692205
ROU,2014,21.5132642153968
ROU,2015,20.2080251087435
ROU,2016,20.1242845144537
ROU,2017,19.8307791051555
ROU,2018,18.9031368704113
ROU,2019,17.1227125435243
ROU,2020,15.8025948052662
ROU,2021,15.6083009697012
RUS,2011,11.4709337154407
RUS,2012,11.4152854387593
RUS,2013,11.0573063367208
RUS,2014,11.3355804143996
RUS,2015,12.3830188656764
RUS,2016,11.700279102879
RUS,2017,12.3127721301087
RUS,2018,12.8198832505149
RUS,2019,12.9692072844848
RUS,2020,13.4028136833178
RUS,2021,12.61307730356
RWA,2011,8.3702907162069
RWA,2012,8.2846613345994
RWA,2013,6.82604607357561
RWA,2014,6.81723322004657
RWA,2015,6.83354613396964
RWA,2016,6.70526496539237
RWA,2017,7.67787089010896
RWA,2018,7.6219933142698
RWA,2019,8.35941162223427
RWA,2020,8.73625657811809
RWA,2021,9.23966672098635
SAU,2011,9.93355350794914
SAU,2012,9.7269276766512
SAU,2013,9.89981577592013
SAU,2014,10.8317807464383
SAU,2015,12.8336399043084
SAU,2016,13.1982782782783
SAU,2017,13.2936376215394
SAU,2018,12.569546182319
SAU,2019,12.4891163250989
SAU,2020,12.6378736721073
SAU,2021,13.2071926139804
SDN,2011,
SDN,2012,
SDN,2013,
SDN,2014,
SDN,2015,
SDN,2016,
SDN,2017,
SDN,2018,
SDN,2019,
SDN,2020,
SDN,2021,
SEN,2011,17.2457486401925
SEN,2012,16.9951058363143
SEN,2013,17.3800241394178
SEN,2014,16.9974155601834
SEN,2015,17.0529991959005
SEN,2016,16.4126562605797
SEN,2017,15.8053087502448
SEN,2018,15.5256232627653
SEN,2019,14.8921153803941
SEN,2020,14.6422445114601
SEN,2021,15.0896077803993
SGP,2011,19.5825515079778
SGP,2012,19.1168219800662
SGP,2013,17.6384096148755
SGP,2014,17.9997688921285
SGP,2015,18.0893298548734
SGP,2016,17.4744213597612
SGP,2017,18.5683328115467
SGP,2018,20.7284988237868
SGP,2019,19.3638513330846
SGP,2020,19.6271161695532
SGP,2021,20.2841459034003
SLB,2011,9.28839412017959
SLB,2012,9.26871236019501
SLB,2013,8.64332953492582
SLB,2014,9.87482614742698
SLB,2015,7.87889911801926
SLB,2016,7.85633504797344
SLB,2017,10.3357256228004
SLB,2018,10.1719454195889
SLB,2019,10.3513676892852
SLB,2020,9.68138226202742
SLB,2021,9.67108814052763
SLE,2011,1.44605730902785
SLE,2012,1.29405900419243
SLE,2013,1.04914886422095
SLE,2014,0.979949235764885
SLE,2015,1.10944734651124
SLE,2016,1.22992474744164
SLE,2017,1.26205795966583
SLE,2018,7.0274983448093
SLE,2019,6.99748360957935
SLE,2020,7.03093508976163
SLE,2021,7.35709060974522
SLV,2011,16.246774516387
SLV,2012,16.1734112965634
SLV,2013,15.9772924874585
SLV,2014,16.0762379572505
SLV,2015,16.3874932588795
SLV,2016,16.2856846412139
SLV,2017,16.0846288450506
SLV,2018,15.6878426338878
SLV,2019,15.5586779429741
SLV,2020,14.7404277243583
SLV,2021,15.0693072443269
SMR,2011,
SMR,2012,
SMR,2013,
SMR,2014,
SMR,2015,28.484537920721
SMR,2016,28.5925225928109
SMR,2017,28.6522282481226
SMR,2018,32.1886512700805
SMR,2019,30.5902759600067
SMR,2020,31.4760393579969
SMR,2021,32.7738677295372
SOM,2011,
SOM,2012,
SOM,2013,
SOM,2014,
SOM,2015,
SOM,2016,
SOM,2017,
SOM,2018,
SOM,2019,
SOM,2020,
SOM,2021,
SRB,2011,16.9507867048185
SRB,2012,17.3944698729184
SRB,2013,19.1832086363947
SRB,2014,18.2206993895186
SRB,2015,17.808446227027
SRB,2016,17.7523192064361
SRB,2017,17.6965113987748
SRB,2018,16.9084672527415
SRB,2019,15.6952458067007
SRB,2020,14.8459192821502
SRB,2021,14.4741898752194
SSD,2011,2.06310989233561
SSD,2012,2.71597155176802
SSD,2013,4.01725107910169
SSD,2014,2.67583561781046
SSD,2015,3.53427701123526
SSD,2016,
SSD,2017,
SSD,2018,
SSD,2019,
SSD,2020,
SSD,2021,
STP,2011,
STP,2012,
STP,2013,
STP,2014,
STP,2015,
STP,2016,
STP,2017,
STP,2018,
STP,2019,
STP,2020,
STP,2021,
SUR,2011,20.8137282037088
SUR,2012,21.291225508093
SUR,2013,18.7857016665685
SUR,2014,16.3524921938244
SUR,2015,11.4946632952408
SUR,2016,13.3991911723143
SUR,2017,23.6101426534913
SUR,2018,21.3232639021855
SUR,2019,17.4259713504294
SUR,2020,23.1087156696286
SUR,2021,21.7146766214212
SVK,2011,17.408841685454
SVK,2012,17.2745943049528
SVK,2013,16.6679619490037
SVK,2014,18.5341754362134
SVK,2015,18.8287638047366
SVK,2016,17.7674522396181
SVK,2017,17.1198654148987
SVK,2018,18.107047254531
SVK,2019,18.7020217269875
SVK,2020,17.5406369148503
SVK,2021,18.1313827228659
SVN,2011,18.196846937948
SVN,2012,18.7169143022718
SVN,2013,19.1692650538617
SVN,2014,19.6425391528278
SVN,2015,19.9837917138592
SVN,2016,20.2309490466323
SVN,2017,20.6408219046834
SVN,2018,20.4061968964047
SVN,2019,20.5744094031508
SVN,2020,20.5177897656073
SVN,2021,19.9552883180913
SWE,2011,14.7659207495071
SWE,2012,14.0759917003892
SWE,2013,13.3622549733324
SWE,2014,13.0440047804025
SWE,2015,13.7629512175237
SWE,2016,13.4787218481616
SWE,2017,13.3346803677229
SWE,2018,13.3725935846173
SWE,2019,13.1358594902138
SWE,2020,12.6405652444603
SWE,2021,13.4735170569286
SWZ,2011,31.6891802476489
SWZ,2012,31.0190126503485
SWZ,2013,28.8990583014034
SWZ,2014,29.3688253741092
SWZ,2015,30.5674052347362
SWZ,2016,29.8606410084646
SWZ,2017,27.6937325562268
SWZ,2018,27.6003291647314
SWZ,2019,28.2878593898729
SWZ,2020,25.3719106607646
SWZ,2021,26.9660858582799
SXM,2011,1.52781093339699
SXM,2012,1.15600385334618
SXM,2013,0.939377389404697
SXM,2014,2.2684006260803
SXM,2015,2.28717983713924
SXM,2016,2.31840388405585
SXM,2017,2.21094051533993
SXM,2018,1.35758755844358
SXM,2019,1.25649476648998
SXM,2020,1.24175500494464
SXM,2021,1.17053397088981
SYC,2011,7.35524983230244
SYC,2012,8.19556132878971
SYC,2013,7.23589892008202
SYC,2014,7.26865319905086
SYC,2015,5.85840609143849
SYC,2016,6.16692105113208
SYC,2017,5.68102116851509
SYC,2018,5.76475360984903
SYC,2019,5.02282787419409
SYC,2020,6.67522557671927
SYC,2021,6.56579304941984
SYR,2011,
SYR,2012,
SYR,2013,
SYR,2014,
SYR,2015,
SYR,2016,
SYR,2017,
SYR,2018,
SYR,2019,
SYR,2020,
SYR,2021,
TCA,2011,0.998985166637943
TCA,2012,0.701770309463791
TCA,2013,0.727091448587846
TCA,2014,0.741912088173398
TCA,2015,0.691456048913563
TCA,2016,0.630247217304049
TCA,2017,
TCA,2018,
TCA,2019,
TCA,2020,
TCA,2021,
TCD,2011,1.7263965379261
TCD,2012,2.05883992187659
TCD,2013,2.72024287928905
TCD,2014,2.68799114850372
TCD,2015,2.77829008341057
TCD,2016,2.95510632352941
TCD,2017,2.92570955431278
TCD,2018,2.87390376942491
TCD,2019,2.85401019404934
TCD,2020,3.19150040080212
TCD,2021,
TGO,2011,14.2323456631616
TGO,2012,11.9565612510716
TGO,2013,14.5480609279658
TGO,2014,16.1808840672593
TGO,2015,14.8853305305729
TGO,2016,13.4096019522988
TGO,2017,13.0099490414948
TGO,2018,13.2525356008606
TGO,2019,12.6335456786508
TGO,2020,12.9535861016551
TGO,2021,12.6000047556977
THA,2011,28.9958809244545
THA,2012,27.9727873518431
THA,2013,27.5886907461759
THA,2014,27.5735009565918
THA,2015,27.3740711959416
THA,2016,27.1442393688371
THA,2017,27.0148154805347
THA,2018,26.7128343918527
THA,2019,25.6215964143658
THA,2020,25.5553325712421
THA,2021,27.1675994932487
TJK,2011,9.66276591145652
TJK,2012,9.47098008743719
TJK,2013,9.22604111283919
TJK,2014,7.61766542724491
TJK,2015,10.7329072655156
TJK,2016,11.3777438707216
TJK,2017,12.8052915915902
TJK,2018,13.2289696478429
TJK,2019,13.4323434011968
TJK,2020,15.6258523576585
TJK,2021,14.9988671924081
TKM,2011,
TKM,2012,
TKM,2013,
TKM,2014,
TKM,2015,
TKM,2016,
TKM,2017,
TKM,2018,
TKM,2019,
TKM,2020,
TKM,2021,
TLS,2011,0.910252762833963
TLS,2012,0.793999422690006
TLS,2013,0.723328925118186
TLS,2014,0.776623601277537
TLS,2015,0.973751580222481
TLS,2016,1.10067599142341
TLS,2017,1.56222079876917
TLS,2018,1.69204324504691
TLS,2019,1.82893373763327
TLS,2020,1.5272730400248
TLS,2021,0.752185645814271
TON,2011,5.83529971126221
TON,2012,5.85593978231085
TON,2013,6.18137888603051
TON,2014,6.23581793756493
TON,2015,6.03420877527353
TON,2016,6.04796767809852
TON,2017,5.97996898795045
TON,2018,5.80509238245107
TON,2019,5.36957522603747
TON,2020,5.48131517816153
TON,2021,5.69972032486163
TTO,2011,
TTO,2012,17.3242179619507
TTO,2013,13.8850133381541
TTO,2014,14.34536174056
TTO,2015,14.0532508755386
TTO,2016,17.1435598606361
TTO,2017,16.2225206818422
TTO,2018,17.0659149326916
TTO,2019,15.5212354571373
TTO,2020,14.299531342366
TTO,2021,18.817175771577
TUN,2011,15.9695160833215
TUN,2012,15.4349464715618
TUN,2013,15.008243022509
TUN,2014,14.5464536962829
TUN,2015,14.0103780308278
TUN,2016,13.8089506532377
TUN,2017,14.2010459605045
TUN,2018,14.5169070367437
TUN,2019,14.3189397678933
TUN,2020,13.6939016134445
TUN,2021,14.4492926673771
TUR,2011,16.4486710311014
TUR,2012,15.8337489004359
TUR,2013,16.2798557387916
TUR,2014,16.7716970232894
TUR,2015,16.6961854458277
TUR,2016,16.5954578952398
TUR,2017,17.5918310459266
TUR,2018,19.0837580442819
TUR,2019,18.3774684565259
TUR,2020,19.1391928132206
TUR,2021,22.2380503750009
TUV,2011,1.02631578947368
TUV,2012,
TUV,2013,
TUV,2014,
TUV,2015,
TUV,2016,
TUV,2017,
TUV,2018,
TUV,2019,
TUV,2020,
TUV,2021,
TZA,2011,9.54869845954528
TZA,2012,9.43823326401605
TZA,2013,9.11089516632175
TZA,2014,9.12010900018828
TZA,2015,7.85556496098664
TZA,2016,7.81371783783383
TZA,2017,7.6655871547421
TZA,2018,8.07382315106412
TZA,2019,8.50181055578149
TZA,2020,8.03212809036323
TZA,2021,8.02487463288165
UGA,2011,19.0863072206078
UGA,2012,18.6700067419467
UGA,2013,16.5485616173407
UGA,2014,15.6338628298848
UGA,2015,17.6085476770624
UGA,2016,16.2297475967432
UGA,2017,15.5229960881974
UGA,2018,15.7793556188555
UGA,2019,15.4663074825279
UGA,2020,15.7952567223933
UGA,2021,16.4337491871358
UKR,2011,11.7655342734613
UKR,2012,12.2296271115814
UKR,2013,11.1405917419353
UKR,2014,12.2281281606135
UKR,2015,11.9027791187924
UKR,2016,12.2191260296634
UKR,2017,11.980302070255
UKR,2018,11.5340215521043
UKR,2019,10.7886004166753
UKR,2020,10.1013826063601
UKR,2021,10.2832971524252
URY,2011,12.7334043123017
URY,2012,12.1731568219705
URY,2013,11.2662277882598
URY,2014,12.143302174234
URY,2015,13.2426613311807
URY,2016,10.9867748741004
URY,2017,10.2732539423836
URY,2018,11.0797000508605
URY,2019,10.5787097811515
URY,2020,9.67628636306538
URY,2021,10.2306420245784
USA,2011,11.9472438629074
USA,2012,11.8575622570978
USA,2013,11.7719128367022
USA,2014,11.6174420373125
USA,2015,11.6055807430427
USA,2016,11.1581029329942
USA,2017,11.1814907295506
USA,2018,11.2802494089516
USA,2019,10.9764075104612
USA,2020,10.4829088833271
USA,2021,10.5447977298082
UZB,2011,10.2450890019411
UZB,2012,10.5353690643513
UZB,2013,11.6145232608903
UZB,2014,12.6883574975987
UZB,2015,12.8094689336525
UZB,2016,13.6540206285506
UZB,2017,14.0025699748323
UZB,2018,16.1531607468822
UZB,2019,17.547885761433
UZB,2020,19.1278574156415
UZB,2021,19.470717302152
VCT,2011,4.37557614470607
VCT,2012,4.1822942456146
VCT,2013,4.29264838447634
VCT,2014,4.68524043566202
VCT,2015,4.79493337100344
VCT,2016,4.99131273253222
VCT,2017,4.95324519178028
VCT,2018,4.8783552303691
VCT,2019,4.04909172980029
VCT,2020,3.70323020540356
VCT,2021,3.45136538698349
VEN,2011,11.6452400572826
VEN,2012,11.7676048954959
VEN,2013,11.5143021026778
VEN,2014,12.0733564315826
VEN,2015,
VEN,2016,
VEN,2017,
VEN,2018,
VEN,2019,
VEN,2020,
VEN,2021,
VGB,2011,
VGB,2012,
VGB,2013,
VGB,2014,
VGB,2015,
VGB,2016,
VGB,2017,
VGB,2018,
VGB,2019,
VGB,2020,
VGB,2021,
VIR,2011,
VIR,2012,
VIR,2013,
VIR,2014,
VIR,2015,
VIR,2016,
VIR,2017,
VIR,2018,
VIR,2019,
VIR,2020,
VIR,2021,
VNM,2011,18.694145538196
VNM,2012,20.2740924828827
VNM,2013,20.6874536915425
VNM,2014,20.371229229791
VNM,2015,20.9600916821922
VNM,2016,21.4882532002034
VNM,2017,22.6271239749306
VNM,2018,23.3671679233065
VNM,2019,23.7867165015145
VNM,2020,23.9472430412931
VNM,2021,24.4593726835113
VUT,2011,4.33350264857412
VUT,2012,3.75876901758134
VUT,2013,3.41460692964347
VUT,2014,3.49606509270375
VUT,2015,2.8346535772123
VUT,2016,2.50864745534608
VUT,2017,2.90339238478643
VUT,2018,2.77656491882666
VUT,2019,
VUT,2020,
VUT,2021,
WSM,2011,7.57857171042962
WSM,2012,8.13921455071746
WSM,2013,7.68041260302814
WSM,2014,6.89993046951613
WSM,2015,6.4439291450999
WSM,2016,6.25592619459729
WSM,2017,6.19206874965597
WSM,2018,4.72820497443284
WSM,2019,4.54011164773459
WSM,2020,3.95028348464388
WSM,2021,4.87429229869607
XKX,2011,13.1195916331863
XKX,2012,13.2527973178101
XKX,2013,13.5121699782227
XKX,2014,13.471064835463
XKX,2015,13.2641680043945
XKX,2016,13.0552529445837
XKX,2017,12.784844259128
XKX,2018,13.1274862209082
XKX,2019,12.8626966576212
XKX,2020,13.3520694216819
XKX,2021,12.8915319730456
YEM,2011,
YEM,2012,
YEM,2013,
YEM,2014,
YEM,2015,
YEM,2016,
YEM,2017,
YEM,2018,
YEM,2019,
YEM,2020,
YEM,2021,
ZAF,2011,12.861770015896
ZAF,2012,12.4825918463265
ZAF,2013,12.3667757766351
ZAF,2014,12.4807113856549
ZAF,2015,12.5179444713924
ZAF,2016,12.4836443520042
ZAF,2017,12.5127045016941
ZAF,2018,12.4570332833175
ZAF,2019,12.4008912661528
ZAF,2020,11.725046778088
ZAF,2021,12.0600788895343
ZMB,2011,7.51615952950012
ZMB,2012,7.07581325081866
ZMB,2013,6.02373452894648
ZMB,2014,6.81998335857482
ZMB,2015,7.52231130815079
ZMB,2016,7.68612523021962
ZMB,2017,8.12723823562854
ZMB,2018,6.84776647956377
ZMB,2019,6.78893009670748
ZMB,2020,7.70383075007966
ZMB,2021,8.66831474510408
