country,year,population_density
ABW,2011,569.95
ABW,2012,578.388888888889
ABW,2013,587.083333333333
ABW,2014,593.372222222222
ABW,2015,599.477777777778
ABW,2016,604.038888888889
ABW,2017,604.083333333333
ABW,2018,605.044444444444
ABW,2019,606.683333333333
ABW,2020,603.261111111111
ABW,2021,598.333333333333
AFG,2011,44.9959492816951
AFG,2012,46.8546892967205
AFG,2013,48.4839765113534
AFG,2014,50.2775447311531
AFG,2015,51.8709105683578
AFG,2016,53.2030296061205
AFG,2017,54.7183278904681
AFG,2018,56.3344817012404
AFG,2019,58.0410606687825
AFG,2020,59.9006163469942
AFG,2021,61.3286907992579
AGO,2011,19.4259661506377
AGO,2012,20.1952306088073
AGO,2013,20.9879040667362
AGO,2014,21.7861305847437
AGO,2015,22.5858650838213
AGO,2016,23.4082537900056
AGO,2017,24.2518962059838
AGO,2018,25.1039985561883
AGO,2019,25.969063928772
AGO,2020,26.8317413972888
AGO,2021,27.6990687414775
ALB,2011,106.02901459854
ALB,2012,105.854051094891
ALB,2013,105.660291970803
ALB,2014,105.441751824818
ALB,2015,105.135145985401
ALB,2016,104.967189781022
ALB,2017,104.870693430657
ALB,2018,104.612262773723
ALB,2019,104.167554744526
ALB,2020,103.571131386861
ALB,2021,102.615547445255
AND,2011,165.495744680851
AND,2012,163.476595744681
AND,2013,159.987234042553
AND,2014,156.887234042553
AND,2015,153.56170212766
AND,2016,153.576595744681
AND,2017,156.942553191489
AND,2018,159.91914893617
AND,2019,162.710638297872
AND,2020,164.63829787234
AND,2021,166.731914893617
ARE,2011,100.035736412278
ARE,2012,104.075584342439
ARE,2013,108.322036046184
ARE,2014,113.481272880879
ARE,2015,119.75833568009
ARE,2016,125.8109687412
ARE,2017,129.867994931005
ARE,2018,131.606603773585
ARE,2019,133.001760067587
ARE,2020,132.371698113208
ARE,2021,134.823317375387
ARG,2011,15.2485886234831
ARG,2012,15.4061004351973
ARG,2013,15.5598387102668
ARG,2014,15.7212073709481
ARG,2015,15.8867142423877
ARG,2016,16.0413905118958
ARG,2017,16.1833799224611
ARG,2018,16.3171137395905
ARG,2019,16.4335255363231
ARG,2020,16.5133665121004
ARG,2021,16.5573305708721
ARM,2011,106.354056902002
ARM,2012,106.220583069898
ARM,2013,106.146821215314
ARM,2014,105.858798735511
ARM,2015,105.535651563049
ARM,2016,105.103617843344
ARM,2017,104.650509308044
ARM,2018,104.285212504391
ARM,2019,104.056902002107
ARM,2020,104.021777309449
ARM,2021,104.049877063576
ASM,2011,274.475
ASM,2012,272.445
ASM,2013,270.03
ASM,2014,267.33
ASM,2015,264.39
ASM,2016,261.225
ASM,2017,257.93
ASM,2018,254.54
ASM,2019,251.045
ASM,2020,248.805
ASM,2021,246.125
ATG,2011,196.209090909091
ATG,2012,198.318181818182
ATG,2013,200.145454545455
ATG,2014,201.738636363636
ATG,2015,203.202272727273
ATG,2016,204.475
ATG,2017,205.609090909091
ATG,2018,206.65
ATG,2019,207.645454545455
ATG,2020,208.740909090909
ATG,2021,209.884090909091
AUS,2011,2.90798641031983
AUS,2012,2.95920036968095
AUS,2013,3.01057352615753
AUS,2014,3.05581479504836
AUS,2015,3.10011259648803
AUS,2016,3.14493553058884
AUS,2017,3.19715601363491
AUS,2018,3.24534491589985
AUS,2019,3.29365056253104
AUS,2020,3.33452695130798
AUS,2021,3.33922844714392
AUT,2011,101.692232186137
AUT,2012,102.156943771207
AUT,2013,102.760821619001
AUT,2014,103.567086766844
AUT,2015,104.734597673291
AUT,2016,105.873339796413
AUT,2017,106.61131846825
AUT,2018,107.131858943286
AUT,2019,107.609306834707
AUT,2020,108.057004362579
AUT,2021,108.528805138148
AZE,2011,110.976336228798
AZE,2012,112.460790244138
AZE,2013,113.923480806688
AZE,2014,115.348813858679
AZE,2015,116.731076781631
AZE,2016,118.033288980283
AZE,2017,119.208741622511
AZE,2018,120.25759188908
AZE,2019,121.280071139933
AZE,2020,122.124736829369
AZE,2021,122.658802177858
BDI,2011,378.425934579439
BDI,2012,392.173987538941
BDI,2013,406.516394080997
BDI,2014,420.552375389408
BDI,2015,430.201713395639
BDI,2016,437.673325545171
BDI,2017,448.082632398754
BDI,2018,461.816433021807
BDI,2019,477.232710280374
BDI,2020,491.317601246106
BDI,2021,504.886331775701
BEL,2011,363.902812118814
BEL,2012,366.166617215574
BEL,2013,367.896581281113
BEL,2014,369.533412455082
BEL,2015,371.680875614018
BEL,2016,373.567467774371
BEL,2017,375.009329772855
BEL,2018,374.74351490506
BEL,2019,376.761985964452
BEL,2020,378.38932248967
BEL,2021,379.949990161999
BEN,2011,89.5142160340546
BEN,2012,92.2105090457609
BEN,2013,94.9701489890032
BEN,2014,97.8184107839659
BEN,2015,100.750984391628
BEN,2016,103.741060659808
BEN,2017,106.773501241575
BEN,2018,109.820388435615
BEN,2019,112.865865555161
BEN,2020,115.911395885066
BEN,2021,118.955454061724
BFA,2011,60.8987865497076
BFA,2012,62.764206871345
BFA,2013,64.6762024853801
BFA,2014,66.6281469298246
BFA,2015,68.6311659356725
BFA,2016,70.6683333333333
BFA,2017,72.713475877193
BFA,2018,74.7013450292398
BFA,2019,76.6153216374269
BFA,2020,78.5039839181287
BFA,2021,80.3919700292398
BGD,2011,1179.92683413997
BGD,2012,1191.28909118845
BGD,2013,1202.52086502266
BGD,2014,1213.52791733886
BGD,2015,1224.42328493508
BGD,2016,1235.3993393255
BGD,2017,1245.95641852962
BGD,2018,1256.22726434662
BGD,2019,1266.90523930245
BGD,2020,1277.54493354844
BGD,2021,1287.99918568026
BGR,2011,67.6890935887988
BGR,2012,67.2981577008106
BGR,2013,66.922577376566
BGR,2014,66.5432756079587
BGR,2015,66.1200350036846
BGR,2016,65.6579034635225
BGR,2017,65.1800571112749
BGR,2018,64.7110998526161
BGR,2019,64.2571941783346
BGR,2020,63.8726510685335
BGR,2021,63.3543017686072
BHR,2011,1558.0443285528
BHR,2012,1570.08311688312
BHR,2013,1627.52077922078
BHR,2014,1705.00907911803
BHR,2015,1761.33933161954
BHR,2016,1827.63286264442
BHR,2017,1924.50769230769
BHR,2018,1931.99357326478
BHR,2019,1902.25128205128
BHR,2020,1875.41910828025
BHR,2021,1904.25949367089
BHS,2011,37.1357642357642
BHS,2012,37.5093906093906
BHS,2013,37.8574425574426
BHS,2014,38.1916083916084
BHS,2015,38.4961038961039
BHS,2016,38.7667332667333
BHS,2017,39.0094905094905
BHS,2018,39.2324675324675
BHS,2019,39.4280719280719
BHS,2020,39.5467532467532
BHS,2021,39.5977022977023
BIH,2011,73.0819921875
BIH,2012,71.68189453125
BIH,2013,70.52458984375
BIH,2014,69.62556640625
BIH,2015,68.72150390625
BIH,2016,67.83208984375
BIH,2017,66.9664453125
BIH,2018,66.15234375
BIH,2019,65.34244140625
BIH,2020,64.44041015625
BIH,2021,63.37708984375
BLR,2011,46.6297521068454
BLR,2012,46.5593029044007
BLR,2013,46.5393725235082
BLR,2014,46.5506003261518
BLR,2015,46.611337189252
BLR,2016,46.6499448243246
BLR,2017,46.5987595325832
BLR,2018,46.5010592176569
BLR,2019,46.4107506220284
BLR,2020,46.211212927382
BLR,2021,45.8368317319537
BLZ,2011,14.3488820692679
BLZ,2012,14.6608505041648
BLZ,2013,14.977071459886
BLZ,2014,15.2969311705392
BLZ,2015,15.6217886891714
BLZ,2016,15.9888206926786
BLZ,2017,16.3613327487944
BLZ,2018,16.6692678649715
BLZ,2019,16.9149057430951
BLZ,2020,17.1333625602806
BLZ,2021,17.3321350284963
BMU,2011,1180.24074074074
BMU,2012,1178.62962962963
BMU,2013,1177.2962962963
BMU,2014,1176.46296296296
BMU,2015,1175.25925925926
BMU,2016,1174.98148148148
BMU,2017,1177.37037037037
BMU,2018,1182.05555555556
BMU,2019,1187.16666666667
BMU,2020,1192.25925925926
BMU,2021,1197.18518518519
BOL,2011,9.55315148158405
BOL,2012,9.7071974522293
BOL,2013,9.86117234376442
BOL,2014,10.0146662974245
BOL,2015,10.1677328533186
BOL,2016,10.3203360103388
BOL,2017,10.4722486845749
BOL,2018,10.6234357980246
BOL,2019,10.7739185821102
BOL,2020,10.9076885442629
BOL,2021,11.0194405981723
BRA,2011,23.3646162902273
BRA,2012,23.555014752086
BRA,2013,23.7467066835444
BRA,2014,23.93895376244
BRA,2015,24.1292359304821
BRA,2016,24.3137963709629
BRA,2017,24.4915070817191
BRA,2018,24.659465024515
BRA,2019,24.8207686159839
BRA,2020,24.9649852718428
BRA,2021,25.0714027283582
BRB,2011,642.183720930233
BRB,2012,644.041860465116
BRB,2013,645.732558139535
BRB,2014,647.320930232558
BRB,2015,648.813953488372
BRB,2016,650.227906976744
BRB,2017,651.560465116279
BRB,2018,652.816279069767
BRB,2019,653.96976744186
BRB,2020,655.111627906977
BRB,2021,656.155813953488
BRN,2011,75.7853889943074
BRN,2012,76.9557874762808
BRN,2013,78.026944971537
BRN,2014,79.0796963946869
BRN,2015,80.1161290322581
BRN,2016,81.1316888045541
BRN,2017,82.1199240986717
BRN,2018,83.0759013282732
BRN,2019,84.0
BRN,2020,84.896394686907
BRN,2021,85.715559772296
BTN,2011,18.6105149933101
BTN,2012,18.8178240680012
BTN,2013,19.0275467639111
BTN,2014,19.2339113781252
BTN,2015,19.4301230422121
BTN,2016,19.6063863255034
BTN,2017,19.7759804949664
BTN,2018,19.920267435763
BTN,2019,20.0530676455165
BTN,2020,20.1889355007866
BTN,2021,20.3314630309386
BWA,2011,3.65877049035696
BWA,2012,3.72067298360771
BWA,2013,3.77725195419335
BWA,2014,3.83259047518219
BWA,2015,3.88769431651757
BWA,2016,3.94328163322923
BWA,2017,3.99969473999965
BWA,2018,4.05685423393856
BWA,2019,4.11498067863004
BWA,2020,4.17464048135797
BWA,2021,4.23736347114146
CAF,2011,7.32771678063501
CAF,2012,7.40127772962214
CAF,2013,7.45195511894443
CAF,2014,7.42107611801342
CAF,2015,7.430928761758
CAF,2016,7.56631513050178
CAF,2017,7.6944861793316
CAF,2018,7.83116151401329
CAF,2019,7.93717775851552
CAF,2020,8.06868278275386
CAF,2021,8.20588140871296
CAN,2011,3.83011279793076
CAN,2012,3.8718472515473
CAN,2013,3.91284812265562
CAN,2014,3.9522291338328
CAN,2015,3.98239245827659
CAN,2016,4.02771072511681
CAN,2017,4.07614836279598
CAN,2018,4.13498944297029
CAN,2019,4.19587500655283
CAN,2020,4.24162135453439
CAN,2021,4.351026204103
CHE,2011,200.249864435738
CHE,2012,202.390548012367
CHE,2013,204.734336607627
CHE,2014,207.250751433234
CHE,2015,209.626620751132
CHE,2016,211.931572125581
CHE,2017,213.918480127503
CHE,2018,215.500094533915
CHE,2019,217.042781721823
CHE,2020,218.63446962171
CHE,2021,220.31454103721
CHI,2011,806.59595959596
CHI,2012,811.954545454545
CHI,2013,817.055555555556
CHI,2014,821.848484848485
CHI,2015,825.525252525253
CHI,2016,827.691919191919
CHI,2017,829.893939393939
CHI,2018,833.075757575758
CHI,2019,836.560606060606
CHI,2020,839.570707070707
CHI,2021,842.126262626263
CHL,2011,23.3370130673596
CHL,2012,23.5620242302954
CHL,2013,23.7878208335351
CHL,2014,24.0261279944912
CHL,2015,24.2728288762286
CHL,2016,24.5681705696594
CHL,2017,24.9604159605774
CHL,2018,25.4100576706853
CHL,2019,25.8196607543455
CHL,2020,26.0521726031966
CHL,2021,26.1674467272424
CHN,2011,143.268509836432
CHN,2012,144.243669001474
CHN,2013,145.207643927049
CHN,2014,146.125816729087
CHN,2015,146.977949259981
CHN,2016,147.822641376791
CHN,2017,148.720043543977
CHN,2018,149.417194545073
CHN,2019,149.948179684945
CHN,2020,150.305542803154
CHN,2021,150.439753691066
CIV,2011,72.2704402515723
CIV,2012,73.7958427672956
CIV,2013,75.2823113207547
CIV,2014,77.1301729559748
CIV,2015,79.3910125786164
CIV,2016,81.7276886792453
CIV,2017,84.0672075471698
CIV,2018,86.3653238993711
CIV,2019,88.6572610062893
CIV,2020,90.9290849056604
CIV,2021,93.2067169811321
CMR,2011,42.8006684859639
CMR,2012,44.0217659876034
CMR,2013,45.2759112352182
CMR,2014,46.6668634046244
CMR,2015,48.1551352837892
CMR,2016,49.6163842525015
CMR,2017,51.0431363838294
CMR,2018,52.4769583888642
CMR,2019,53.9571724736096
CMR,2020,55.4474371178947
CMR,2021,56.9392608576083
COD,2011,31.2517637458371
COD,2012,32.3127491674202
COD,2013,33.430844048433
COD,2014,34.5838168545025
COD,2015,35.7449244613043
COD,2016,37.0333318629938
COD,2017,38.4126499194989
COD,2018,39.7201843805827
COD,2019,40.9992907081891
COD,2020,42.3413678569066
COD,2021,43.7347795593392
COG,2011,13.4984597364568
COG,2012,13.8812591508053
COG,2013,14.2228374816984
COG,2014,14.5706588579795
COG,2015,14.9270307467057
COG,2016,15.2929311859444
COG,2017,15.6691390922401
COG,2018,16.0559824304539
COG,2019,16.4470307467057
COG,2020,16.845654465593
COG,2021,17.2538301610542
COL,2011,40.7928021631365
COL,2012,41.2039747634069
COL,2013,41.5967408742677
COL,2014,41.969742226228
COL,2015,42.3343307796305
COL,2016,42.7557566471383
COL,2017,43.3808724650744
COL,2018,44.1860883280757
COL,2019,44.9824109959441
COL,2020,45.6331653898152
COL,2021,46.1362532672375
COM,2011,358.976894142934
COM,2012,366.270822138635
COM,2013,374.095647501343
COM,2014,382.322944653412
COM,2015,390.479312197743
COM,2016,398.571198280494
COM,2017,406.592692101021
COM,2018,414.610424502955
COM,2019,422.664159054272
COM,2020,431.038688876948
COM,2021,439.642127888232
CPV,2011,126.909925558313
CPV,2012,127.035980148883
CPV,2013,127.102977667494
CPV,2014,127.128039702233
CPV,2015,127.144913151365
CPV,2016,127.184615384615
CPV,2017,127.268734491315
CPV,2018,127.398263027295
CPV,2019,127.569230769231
CPV,2020,127.711910669975
CPV,2021,128.200744416873
CRI,2011,90.2826674500588
CRI,2012,91.3422248335292
CRI,2013,92.3648061104583
CRI,2014,93.3630826478653
CRI,2015,94.360321190756
CRI,2016,95.3191931061496
CRI,2017,96.2235996866432
CRI,2018,97.0978848413631
CRI,2019,97.9152565609087
CRI,2020,98.5961613787701
CRI,2021,99.0988640814728
CUB,2011,105.757568101214
CUB,2012,105.984819360707
CUB,2013,108.40689886778
CUB,2014,108.496202653336
CUB,2015,108.309942363112
CUB,2016,108.2815455594
CUB,2017,108.360587668593
CUB,2018,108.16105973025
CUB,2019,107.927225433526
CUB,2020,107.672003853565
CUB,2021,107.149980732177
CUW,2011,339.709459459459
CUW,2012,342.540540540541
CUW,2013,346.445945945946
CUW,2014,351.146396396396
CUW,2015,355.810810810811
CUW,2016,359.603603603604
CUW,2017,360.754504504504
CUW,2018,358.864864864865
CUW,2019,354.596846846847
CUW,2020,348.97972972973
CUW,2021,343.173423423423
CYM,2011,231.691666666667
CYM,2012,238.066666666667
CYM,2013,244.395833333333
CYM,2014,250.666666666667
CYM,2015,256.841666666667
CYM,2016,262.916666666667
CYM,2017,268.895833333333
CYM,2018,274.754166666667
CYM,2019,280.529166666667
CYM,2020,286.183333333333
CYM,2021,292.116666666667
CYP,2011,124.079329004329
CYP,2012,126.125216450216
CYP,2013,128.127164502165
CYP,2014,130.065043290043
CYP,2015,131.980735930736
CYP,2016,133.88658008658
CYP,2017,135.744047619048
CYP,2018,137.525649350649
CYP,2019,139.250108225108
CYP,2020,140.935822510823
CYP,2021,142.565909090909
CZE,2011,135.90687556649
CZE,2012,136.097177262722
CZE,2013,136.159958559959
CZE,2014,136.30337995338
CZE,2015,136.589288952208
CZE,2016,136.851858567543
CZE,2017,137.21587877218
CZE,2018,137.675534257221
CZE,2019,138.226810266108
CZE,2020,138.575928842168
CZE,2021,136.108349053848
DEU,2011,230.304633348634
DEU,2012,230.750625466231
DEU,2013,231.155712565925
DEU,2014,232.108053883634
DEU,2015,234.152986871524
DEU,2016,235.712929356538
DEU,2017,236.588722557747
DEU,2018,237.294012250272
DEU,2019,237.822954291766
DEU,2020,238.017318755545
DEU,2021,238.118085806692
DJI,2011,40.9213977566868
DJI,2012,41.7060828300259
DJI,2013,42.4859361518551
DJI,2014,43.2578515962036
DJI,2015,44.0169542709232
DJI,2016,44.7650129421915
DJI,2017,45.5065142364107
DJI,2018,46.2416738567731
DJI,2019,46.9676013805004
DJI,2020,47.6785159620362
DJI,2021,48.3713546160483
DMA,2011,92.0706666666667
DMA,2012,92.1573333333333
DMA,2013,92.9533333333333
DMA,2014,93.8306666666667
DMA,2015,93.88
DMA,2016,92.808
DMA,2017,91.328
DMA,2018,90.8986666666667
DMA,2019,90.5066666666667
DMA,2020,90.0973333333333
DMA,2021,89.6026666666667
DNK,2011,139.2643
DNK,2012,139.7893
DNK,2013,140.3733
DNK,2014,141.086875
DNK,2015,142.087075
DNK,2016,143.20025
DNK,2017,144.1245
DNK,2018,144.8409
DNK,2019,145.36055
DNK,2020,145.7851
DNK,2021,146.418325
DOM,2011,205.870854895467
DOM,2012,208.453963982612
DOM,2013,211.008755951149
DOM,2014,213.527799627406
DOM,2015,215.997288346098
DOM,2016,218.410888014904
DOM,2017,220.799896501759
DOM,2018,223.18470296005
DOM,2019,226.026774543851
DOM,2020,228.397349102723
DOM,2021,230.786990834893
DZA,2011,15.4942924080714
DZA,2012,15.8061610419273
DZA,2013,16.1286164736705
DZA,2014,16.4606678310815
DZA,2015,16.8026368106356
DZA,2016,17.1516218598076
DZA,2017,17.5037080018356
DZA,2018,17.846203680417
DZA,2019,18.177688506013
DZA,2020,18.4915534476671
DZA,2021,18.7934368178572
ECU,2011,61.7097237880496
ECU,2012,62.700088581092
ECU,2013,63.6460299565147
ECU,2014,64.5640360766629
ECU,2015,65.4945442100177
ECU,2016,66.4565107102593
ECU,2017,67.4807497181511
ECU,2018,68.6485223063295
ECU,2019,69.8180906748269
ECU,2020,70.6477089708488
ECU,2021,71.1968674504751
EGY,2011,91.5094268923602
EGY,2012,93.5868210357125
EGY,2013,95.7693033301522
EGY,2014,97.9744376914963
EGY,2015,100.052581244663
EGY,2016,102.109185795369
EGY,2017,104.170030639409
EGY,2018,106.165145411623
EGY,2019,108.044761665578
EGY,2020,109.814781254709
EGY,2021,111.464169973379
ERI,2011,24.7626561652109
ERI,2012,25.0820517513238
ERI,2013,25.3975905581196
ERI,2014,25.572294764578
ERI,2015,25.6468528978016
ERI,2016,25.8074296058691
ERI,2017,26.0206072238481
ERI,2018,26.3695100817645
ERI,2019,26.7606490641362
ERI,2020,27.1914115855899
ERI,2021,27.678123387605
ESP,2011,93.5078358806114
ESP,2012,93.5068371284061
ESP,2013,93.2009456028468
ESP,2014,92.9227364506907
ESP,2015,92.9526859210545
ESP,2016,93.0492629572988
ESP,2017,93.2709101549633
ESP,2018,93.6697920792501
ESP,2019,94.3508089023978
ESP,2020,94.815383748924
ESP,2021,94.8822087969797
EST,2011,31.3149091766926
EST,2012,31.2030195800896
EST,2013,30.3196917414309
EST,2014,30.2402806533241
EST,2015,30.26011042098
EST,2016,30.2689210950081
EST,2017,30.816
EST,2018,30.9234385964912
EST,2019,31.0385497076023
EST,2020,31.0999298245614
EST,2021,31.1329122807018
ETH,2011,82.537679592612
ETH,2012,84.8841807786957
ETH,2013,87.224157853982
ETH,2014,89.598740246565
ETH,2015,92.0367822337439
ETH,2016,94.5614799764478
ETH,2017,97.1744352590326
ETH,2018,99.8298825389562
ETH,2019,102.552159549746
ETH,2020,105.370090895445
ETH,2021,108.224068056306
FIN,2011,17.7309947678436
FIN,2012,17.8155615518773
FIN,2013,17.8978314521702
FIN,2014,17.9720030274112
FIN,2015,18.0301108880919
FIN,2016,18.0820078312658
FIN,2017,18.1238944459068
FIN,2018,18.1479501184522
FIN,2019,18.1673609054717
FIN,2020,18.1928768835954
FIN,2021,18.2301659134121
FJI,2011,49.972030651341
FJI,2012,50.0776135741653
FJI,2013,50.1561029009305
FJI,2014,50.2235905856596
FJI,2015,50.2779419813903
FJI,2016,50.3101258894362
FJI,2017,50.2878489326765
FJI,2018,50.2014230979748
FJI,2019,50.0765736179529
FJI,2020,50.0800766283525
FJI,2021,50.1757525998905
FRA,2011,119.331558175679
FRA,2012,119.910181040513
FRA,2013,120.531619539153
FRA,2014,121.105322368265
FRA,2015,121.536702115031
FRA,2016,121.857823021165
FRA,2017,122.211970625889
FRA,2018,122.650880182337
FRA,2019,123.05944586591
FRA,2020,123.45949371481
FRA,2021,123.90091077276
FRO,2011,34.7729226361032
FRO,2012,34.5924068767908
FRO,2013,34.5601719197708
FRO,2014,34.6905444126075
FRO,2015,35.0293696275072
FRO,2016,35.432664756447
FRO,2017,35.9469914040115
FRO,2018,36.5315186246418
FRO,2019,37.102435530086
FRO,2020,38.4853587115666
FRO,2021,38.9160583941606
FSM,2011,153.854285714286
FSM,2012,154.128571428571
FSM,2013,154.458571428571
FSM,2014,154.851428571429
FSM,2015,155.308571428571
FSM,2016,155.821428571429
FSM,2017,156.401428571429
FSM,2018,157.012857142857
FSM,2019,157.545714285714
FSM,2020,158.451428571429
FSM,2021,159.462857142857
GAB,2011,6.91576434974968
GAB,2012,7.16765242364264
GAB,2013,7.42445375868359
GAB,2014,7.67803391935421
GAB,2015,7.92094151434005
GAB,2016,8.15114681569449
GAB,2017,8.37078433655451
GAB,2018,8.58585788023441
GAB,2019,8.80081499592502
GAB,2020,9.01361819381379
GAB,2021,9.22389878526798
GBR,2011,261.475674781962
GBR,2012,263.300190137643
GBR,2013,265.069536642831
GBR,2014,267.028884388046
GBR,2015,269.153139337825
GBR,2016,271.200731616583
GBR,2017,273.049472988054
GBR,2018,274.708981936924
GBR,2019,276.263080229819
GBR,2020,277.27538544207
GBR,2021,277.048286694498
GEO,2011,65.7203016200707
GEO,2012,65.238006928164
GEO,2013,65.0419538822212
GEO,2014,65.0725007872914
GEO,2015,65.1750586094685
GEO,2016,65.2140557752196
GEO,2017,65.2227859617201
GEO,2018,65.197330207495
GEO,2019,65.0855698239966
GEO,2020,65.1302704783232
GEO,2021,64.8834808775675
GHA,2011,114.683519381208
GHA,2012,117.492607893118
GHA,2013,120.357708534763
GHA,2014,123.238076821658
GHA,2015,126.114388678914
GHA,2016,129.017939702909
GHA,2017,131.88166476224
GHA,2018,134.647029093786
GHA,2019,137.382028101418
GHA,2020,140.147712389575
GHA,2021,142.918455784436
GIB,2011,3166.0
GIB,2012,3202.9
GIB,2013,3240.7
GIB,2014,3281.3
GIB,2015,3319.3
GIB,2016,3365.8
GIB,2017,3424.5
GIB,2018,3485.4
GIB,2019,3549.4
GIB,2020,3617.3
GIB,2021,3685.8
GIN,2011,43.3697297737262
GIN,2012,44.4472611102067
GIN,2013,45.5472611102067
GIN,2014,46.6910467198437
GIN,2015,47.8881246947745
GIN,2016,49.1332817841446
GIN,2017,50.4055795214065
GIN,2018,51.7042731564382
GIN,2019,53.0455233599219
GIN,2020,54.4163397362852
GIN,2021,55.7973018069347
GMB,2011,196.026086956522
GMB,2012,201.886758893281
GMB,2013,207.887351778656
GMB,2014,213.886166007905
GMB,2015,219.815118577075
GMB,2016,225.668873517787
GMB,2017,231.441600790514
GMB,2018,237.117786561265
GMB,2019,242.771146245059
GMB,2020,248.590217391304
GMB,2021,254.546442687747
GNB,2011,57.1862019914651
GNB,2012,58.7274893314367
GNB,2013,60.3119843527738
GNB,2014,61.9175675675676
GNB,2015,63.5297652916074
GNB,2016,65.1455547652916
GNB,2017,66.7522048364154
GNB,2018,68.3559032716927
GNB,2019,69.9749644381223
GNB,2020,71.5951280227596
GNB,2021,73.2162517780939
GNQ,2011,44.272192513369
GNQ,2012,46.1134759358289
GNQ,2013,47.9935115864528
GNQ,2014,49.9047415329768
GNQ,2015,51.8332620320856
GNQ,2016,53.7677718360071
GNQ,2017,55.7003921568627
GNQ,2018,57.6264527629233
GNQ,2019,59.5428520499109
GNQ,2020,61.1931550802139
GNQ,2021,62.7018181818182
GRC,2011,86.1512723041117
GRC,2012,85.6866640806827
GRC,2013,85.067579519007
GRC,2014,84.5028161365399
GRC,2015,83.947889837083
GRC,2016,83.5994647013189
GRC,2017,83.4342823894492
GRC,2018,83.2651823118697
GRC,2019,83.1775174553918
GRC,2020,82.999216446858
GRC,2021,81.9953995345229
GRD,2011,329.644117647059
GRD,2012,331.691176470588
GRD,2013,333.785294117647
GRD,2014,335.682352941176
GRD,2015,337.282352941176
GRD,2016,338.617647058824
GRD,2017,339.523529411765
GRD,2018,340.267647058824
GRD,2019,341.120588235294
GRD,2020,342.179411764706
GRD,2021,343.2
GRL,2011,0.138603971251066
GRL,2012,0.138409063223292
GRL,2013,0.137612376659764
GRL,2014,0.137154342794494
GRL,2015,0.136713363381654
GRL,2016,0.136888780606651
GRL,2017,0.136854671701791
GRL,2018,0.136491655500061
GRL,2019,0.136983798270191
GRL,2020,0.137329760019491
GRL,2021,0.138026556218784
GTM,2011,138.037756625607
GTM,2012,140.814175065323
GTM,2013,143.59217058604
GTM,2014,146.339352370287
GTM,2015,149.045754012691
GTM,2016,151.817469204927
GTM,2017,154.603928704741
GTM,2018,157.201241134752
GTM,2019,159.609957073535
GTM,2020,161.97578387458
GTM,2021,164.227790220231
GUM,2011,308.412962962963
GUM,2012,308.02037037037
GUM,2013,307.344444444444
GUM,2014,306.455555555556
GUM,2015,305.37962962963
GUM,2016,304.135185185185
GUM,2017,302.759259259259
GUM,2018,301.257407407407
GUM,2019,299.644444444444
GUM,2020,300.292592592593
GUM,2021,303.203703703704
GUY,2011,3.79046482092964
GUY,2012,3.79115062230124
GUY,2013,3.8101143002286
GUY,2014,3.83149098298197
GUY,2015,3.85461518923038
GUY,2016,3.8788315976632
GUY,2017,3.90388112776226
GUY,2018,4.02111252222504
GUY,2019,4.10294640589281
GUY,2020,4.10201168402337
GUY,2021,4.14265684531369
HKG,2011,6734.85714285714
HKG,2012,6809.61904761905
HKG,2013,6837.04761904762
HKG,2014,6885.2380952381
HKG,2015,6944.09523809524
HKG,2016,6987.2380952381
HKG,2017,7041.14285714286
HKG,2018,7097.71428571429
HKG,2019,7150.38095238095
HKG,2020,7124.7619047619
HKG,2021,7060.09523809524
HND,2011,76.3301724908392
HND,2012,77.8896773616945
HND,2013,79.4465814639378
HND,2014,81.0002859951738
HND,2015,82.5570202877826
HND,2016,84.121726695862
HND,2017,85.6925283760837
HND,2018,87.2750916078291
HND,2019,88.8697202609706
HND,2020,90.4427562784878
HND,2021,91.9642237912235
HRV,2011,76.4888499749839
HRV,2012,76.1269387463369
HRV,2013,75.6543849617611
HRV,2014,75.0767993710242
HRV,2015,74.1856371953399
HRV,2016,73.3840861982703
HRV,2017,72.2144056893717
HRV,2018,71.2739439639768
HRV,2019,70.5701879779859
HRV,2020,69.946497498213
HRV,2021,69.3170300214439
HTI,2011,359.757039187228
HTI,2012,365.376306240929
HTI,2013,370.912989840348
HTI,2014,376.387336719884
HTI,2015,381.830261248186
HTI,2016,387.208164005806
HTI,2017,392.516473149492
HTI,2018,397.763497822932
HTI,2019,402.944956458636
HTI,2020,407.977068214804
HTI,2021,412.720827285922
HUN,2011,110.148315475533
HUN,2012,109.580934496852
HUN,2013,109.27959792334
HUN,2014,108.113828621521
HUN,2015,107.85698005698
HUN,2016,107.539151873767
HUN,2017,107.253626999781
HUN,2018,107.117729563883
HUN,2019,107.069263642341
HUN,2020,106.839239535393
HUN,2021,106.398104317335
IDN,2011,132.872174396105
IDN,2012,134.591727167608
IDN,2013,136.271572751061
IDN,2014,137.882705314833
IDN,2015,139.438934572699
IDN,2016,140.945267664402
IDN,2017,142.393583234045
IDN,2018,143.781152680745
IDN,2019,145.132688936836
IDN,2020,146.371283592869
IDN,2021,146.235107708626
IMN,2011,148.038596491228
IMN,2012,147.956140350877
IMN,2013,147.615789473684
IMN,2014,147.178947368421
IMN,2015,146.654385964912
IMN,2016,146.431578947368
IMN,2017,146.682456140351
IMN,2018,147.026315789474
IMN,2019,147.29298245614
IMN,2020,147.480701754386
IMN,2021,147.554385964912
IND,2011,424.199245255096
IND,2012,430.068210238834
IND,2013,435.838110245225
IND,2014,441.370107863944
IND,2015,446.666542669658
IND,2016,452.020992940243
IND,2017,457.30592394028
IND,2018,462.351569862673
IND,2019,467.185182245332
IND,2020,471.755150192218
IND,2021,475.652042419085
IRL,2011,66.4840179997097
IRL,2012,66.7663376397155
IRL,2013,67.1188271156917
IRL,2014,67.6112643344462
IRL,2015,68.2531136594571
IRL,2016,69.027943097692
IRL,2017,69.7835389751778
IRL,2018,70.6534475250399
IRL,2019,71.6263608651473
IRL,2020,72.3672811728843
IRL,2021,73.0608796632312
IRN,2011,48.1247071391734
IRN,2012,48.7306785530097
IRN,2013,49.3717220462192
IRN,2014,50.0393213241976
IRN,2015,50.7253137356025
IRN,2016,51.4576905130283
IRN,2017,52.4047790446841
IRN,2018,53.0773485362096
IRN,2019,53.6527876733436
IRN,2020,54.0668369799692
IRN,2021,54.518020338983
IRQ,2011,74.0500644685946
IRQ,2012,77.4885844538589
IRQ,2013,81.2709362215752
IRQ,2014,84.1918950171378
IRQ,2015,86.5194942505436
IRQ,2016,88.6135586739395
IRQ,2017,90.6123378358457
IRQ,2018,92.7505804739616
IRQ,2019,94.8848519330704
IRQ,2020,97.0142561640806
IRQ,2021,99.2131606346515
ISL,2011,3.18218453865337
ISL,2012,3.19916209476309
ISL,2013,3.22956608478803
ISL,2014,3.2656957605985
ISL,2015,3.29990024937656
ISL,2016,3.34602493765586
ISL,2017,3.42543640897756
ISL,2018,3.49817514628583
ISL,2019,3.5759496181692
ISL,2020,3.63446394922146
ISL,2021,3.69453535654071
ISR,2011,358.863216266174
ISR,2012,365.549907578558
ISR,2013,372.435304990758
ISR,2014,379.653419593346
ISR,2015,387.250462107209
ISR,2016,394.916820702403
ISR,2017,402.647874306839
ISR,2018,410.480591497227
ISR,2019,418.391866913124
ISR,2020,425.836414048059
ISR,2021,433.059149722736
ITA,2011,200.797546987333
ITA,2012,201.339509262203
ITA,2013,203.687120838096
ITA,2014,205.564558126323
ITA,2015,205.366538391305
ITA,2016,205.017949533001
ITA,2017,204.710937447163
ITA,2018,204.322225904409
ITA,2019,201.980545589195
ITA,2020,200.999100491348
ITA,2021,199.965416259464
JAM,2011,254.893259464451
JAM,2012,255.995383194829
JAM,2013,257.034810710988
JAM,2014,257.963896583564
JAM,2015,258.775069252078
JAM,2016,259.456602031394
JAM,2017,259.996675900277
JAM,2018,260.39676823638
JAM,2019,260.689843028624
JAM,2020,261.379409048938
JAM,2021,262.020498614958
JOR,2011,84.2579860328903
JOR,2012,85.4598670871818
JOR,2013,90.0181234512278
JOR,2014,99.0280468574003
JOR,2015,107.509900878576
JOR,2016,112.70969813021
JOR,2017,115.276255913494
JOR,2018,117.84530299617
JOR,2019,120.187073450909
JOR,2020,122.364439038674
JOR,2021,124.629547041467
JPN,2011,350.707818930041
JPN,2012,350.148148148148
JPN,2013,349.643347050754
JPN,2014,349.179698216735
JPN,2015,348.809327846365
JPN,2016,348.631001371742
JPN,2017,348.345679012346
JPN,2018,347.903978052126
JPN,2019,347.415637860082
JPN,2020,346.395061728395
JPN,2021,344.80546776406
KAZ,2011,6.32144386413305
KAZ,2012,6.4103811534615
KAZ,2013,6.50313071822795
KAZ,2014,6.5993573360003
KAZ,2015,6.69858465755454
KAZ,2016,6.80208912101345
KAZ,2017,6.90889024706449
KAZ,2018,7.01290032225803
KAZ,2019,7.11544060451161
KAZ,2020,7.21640071119013
KAZ,2021,7.31325813979331
KEN,2011,75.1281951716625
KEN,2012,77.1133692940226
KEN,2013,79.043453280388
KEN,2014,80.9140808939804
KEN,2015,82.7362792985909
KEN,2016,84.5832079980321
KEN,2017,86.4422918789753
KEN,2018,88.215741293882
KEN,2019,89.9652581087255
KEN,2020,91.7477843764276
KEN,2021,93.508040201005
KGZ,2011,28.9185948905109
KGZ,2012,29.4685922836288
KGZ,2013,30.1206986444213
KGZ,2014,30.791697080292
KGZ,2015,31.4913216892596
KGZ,2016,32.1967544316997
KGZ,2017,32.8816240875912
KGZ,2018,33.5979066736184
KGZ,2019,34.3598070907195
KGZ,2020,35.0708837330553
KGZ,2021,35.7206673618352
KHM,2011,83.4046227056424
KHM,2012,84.6651087695445
KHM,2013,85.9404486743712
KHM,2014,87.2239519601178
KHM,2015,88.5069737140267
KHM,2016,89.8074042601405
KHM,2017,91.0569453886245
KHM,2018,92.1964763199638
KHM,2019,93.3679129843644
KHM,2020,94.7511556764106
KHM,2021,96.160803308407
KIR,2011,136.601234567901
KIR,2012,138.622222222222
KIR,2013,140.540740740741
KIR,2014,142.377777777778
KIR,2015,144.216049382716
KIR,2016,146.269135802469
KIR,2017,148.487654320988
KIR,2018,150.720987654321
KIR,2019,152.988888888889
KIR,2020,155.677777777778
KIR,2021,158.49012345679
KNA,2011,180.330769230769
KNA,2012,180.896153846154
KNA,2013,181.034615384615
KNA,2014,181.111538461538
KNA,2015,181.103846153846
KNA,2016,181.057692307692
KNA,2017,180.961538461538
KNA,2018,180.8
KNA,2019,180.584615384615
KNA,2020,180.269230769231
KNA,2021,179.857692307692
KOR,2011,513.804280275749
KOR,2012,515.875583187751
KOR,2013,517.612269825303
KOR,2014,520.852499230217
KOR,2015,523.525547744882
KOR,2016,525.370072521002
KOR,2017,526.734806686494
KOR,2018,528.969011484824
KOR,2019,530.377274590164
KOR,2020,531.109006147541
KOR,2021,530.425604508197
KWT,2011,175.803254769921
KWT,2012,187.267620650954
KWT,2013,196.848709315376
KWT,2014,205.716947250281
KWT,2015,215.183726150393
KWT,2016,224.696745230079
KWT,2017,233.1544332211
KWT,2018,242.621492704826
KWT,2019,249.288215488215
KWT,2020,246.928563411897
KWT,2021,244.717452300786
LAO,2011,27.8448440207972
LAO,2012,28.2451386481802
LAO,2013,28.6455155979203
LAO,2014,29.0432062391681
LAO,2015,29.4698656845754
LAO,2016,29.934150779896
LAO,2017,30.4079159445407
LAO,2018,30.8840771230503
LAO,2019,31.3589081455806
LAO,2020,31.8307322357019
LAO,2021,32.2928682842288
LBN,2011,498.144672531769
LBN,2012,511.802737047898
LBN,2013,561.430694037146
LBN,2014,620.429130009775
LBN,2015,632.694916911046
LBN,2016,618.089931573803
LBN,2017,602.163049853372
LBN,2018,584.957869012708
LBN,2019,566.431476050831
LBN,2020,557.419159335288
LBN,2021,558.956207233627
LBR,2011,43.8245224252492
LBR,2012,45.4011939368771
LBR,2013,46.4102886212625
LBR,2014,47.3867628737542
LBR,2015,48.3744912790698
LBR,2016,49.3730066445183
LBR,2017,50.3418293189369
LBR,2018,51.3364410299003
LBR,2019,52.3642130398671
LBR,2020,53.462032807309
LBR,2021,54.60260589701
LBY,2011,3.60503483865101
LBY,2012,3.51189970105823
LBY,2013,3.58311149504984
LBY,2014,3.65280243700058
LBY,2015,3.71223103765757
LBY,2016,3.76923855098492
LBY,2017,3.8298475737977
LBY,2018,3.89252588744786
LBY,2019,3.95048308080521
LBY,2020,4.00411414346932
LBY,2021,4.05513656978528
LCA,2011,281.640983606557
LCA,2012,282.929508196721
LCA,2013,284.211475409836
LCA,2014,285.472131147541
LCA,2015,286.729508196721
LCA,2016,287.944262295082
LCA,2017,289.085245901639
LCA,2018,290.191803278688
LCA,2019,291.247540983607
LCA,2020,292.213114754098
LCA,2021,292.659016393443
LIE,2011,226.95
LIE,2012,229.10625
LIE,2013,231.15
LIE,2014,232.8
LIE,2015,234.3375
LIE,2016,235.725
LIE,2017,237.2625
LIE,2018,239.0375
LIE,2019,241.01875
LIE,2020,243.13125
LIE,2021,244.8875
LKA,2011,335.019103811194
LKA,2012,337.577069047999
LKA,2013,328.257056290863
LKA,2014,331.334715356403
LKA,2015,338.810527846445
LKA,2016,342.672030762768
LKA,2017,346.46890601522
LKA,2018,350.284495021337
LKA,2019,352.431694638296
LKA,2020,354.332363401229
LKA,2021,358.163595215002
LSO,2011,66.337582345191
LSO,2012,67.0077075098814
LSO,2013,67.7372859025033
LSO,2014,68.5141304347826
LSO,2015,69.321837944664
LSO,2016,70.1720026350461
LSO,2017,71.0510540184453
LSO,2018,71.9236824769433
LSO,2019,72.7735507246377
LSO,2020,73.6405467720685
LSO,2021,74.4908432147563
LTU,2011,48.3153301209433
LTU,2012,47.6716501260491
LTU,2013,47.1908895093738
LTU,2014,46.805538707103
LTU,2015,46.3672785315243
LTU,2016,45.7876664218895
LTU,2017,45.1525837710126
LTU,2018,44.731646175954
LTU,2019,44.6205206004471
LTU,2020,44.6324656659214
LTU,2021,44.7346909439387
LUX,2011,201.342029008025
LUX,2012,206.235870823396
LUX,2013,211.05785290896
LUX,2014,216.091529874226
LUX,2015,221.251835336342
LUX,2016,226.072263698018
LUX,2017,231.635372078028
LUX,2018,236.146609386046
LUX,2019,240.827591028798
LUX,2020,244.874264894386
LUX,2021,248.62068161867
LVA,2011,33.0999244700853
LVA,2012,32.691902228936
LVA,2013,32.3436289713468
LVA,2014,32.0404647500281
LVA,2015,31.7792437366417
LVA,2016,31.4901409356067
LVA,2017,31.2123033409935
LVA,2018,30.9700612274415
LVA,2019,30.755491989008
LVA,2020,30.5391129680219
LVA,2021,30.2826610959344
MAC,2011,18381.27090301
MAC,2012,18993.3110367893
MAC,2013,19534.6534653465
MAC,2014,20518.1518151815
MAC,2015,21148.0263157895
MAC,2016,21393.4426229508
MAC,2017,21051.9480519481
MAC,2018,20027.3556231003
MAC,2019,20425.5319148936
MAC,2020,20832.8267477204
MAC,2021,20681.8181818182
MAF,2011,741.38
MAF,2012,745.52
MAF,2013,748.38
MAF,2014,749.0
MAF,2015,747.38
MAF,2016,743.5
MAF,2017,736.74
MAF,2018,720.24
MAF,2019,685.34
MAF,2020,635.72
MAF,2021,599.22
MAR,2011,73.745435805512
MAR,2012,74.7372641720816
MAR,2013,75.7059623571589
MAR,2014,76.6407797445664
MAR,2015,77.5433295989245
MAR,2016,78.4751445216222
MAR,2017,79.4227918440511
MAR,2018,80.3041900067219
MAR,2019,81.1357786242438
MAR,2020,81.9722339233699
MAR,2021,82.8017969975353
MCO,2011,16746.916625555
MCO,2012,17124.3216576221
MCO,2013,17487.4198322644
MCO,2014,17823.3843117908
MCO,2015,18133.6951159349
MCO,2016,18389.7385298471
MCO,2017,18588.061174149
MCO,2018,18822.8909718796
MCO,2019,18800.6906758757
MCO,2020,18771.583621115
MCO,2021,18487.0441458733
MDA,2011,99.7210931780946
MDA,2012,99.6732759521901
MDA,2013,99.5771842462653
MDA,2014,99.5164884911377
MDA,2015,98.7560678343838
MDA,2016,97.614165825121
MDA,2017,95.9093883802694
MDA,2018,94.2543946689506
MDA,2019,92.756093569939
MDA,2020,91.7473260542588
MDA,2021,90.110355122019
MDG,2011,39.2273910913638
MDG,2012,40.327672118186
MDG,2013,41.4391371605363
MDG,2014,42.5650532829151
MDG,2015,43.7035097971812
MDG,2016,44.8606943966999
MDG,2017,46.0439584049502
MDG,2018,47.2583808869027
MDG,2019,48.5038741835682
MDG,2020,49.7654795462358
MDG,2021,51.0331436919904
MDV,2011,1245.58
MDV,2012,1289.39333333333
MDV,2013,1333.56666666667
MDV,2014,1378.72333333333
MDV,2015,1427.18
MDV,2016,1477.69333333333
MDV,2017,1527.62333333333
MDV,2018,1576.99666666667
MDV,2019,1625.77
MDV,2020,1673.72666666667
MDV,2021,1720.51333333333
MEX,2011,59.2831626327838
MEX,2012,60.0932163893104
MEX,2013,60.8778893490059
MEX,2014,61.6190030607783
MEX,2015,62.2815946912215
MEX,2016,62.8881149206513
MEX,2017,63.4790282671879
MEX,2018,64.0827752771419
MEX,2019,64.6945559299365
MEX,2020,65.227528485815
MEX,2021,65.664316469045
MHL,2011,288.372222222222
MHL,2012,285.661111111111
MHL,2013,281.561111111111
MHL,2014,276.644444444444
MHL,2015,271.111111111111
MHL,2016,265.05
MHL,2017,258.494444444444
MHL,2018,251.583333333333
MHL,2019,244.483333333333
MHL,2020,237.255555555556
MHL,2021,229.816666666667
MKD,2011,76.8199048374306
MKD,2012,76.5194686756542
MKD,2013,76.2377478191911
MKD,2014,76.0331879460745
MKD,2015,75.8298969072165
MKD,2016,75.5873513084853
MKD,2017,75.2837827121332
MKD,2018,74.9028945281523
MKD,2019,74.3957969865186
MKD,2020,73.5973037272006
MKD,2021,72.8435368754956
MLI,2011,13.497118481548
MLI,2012,13.8970430834542
MLI,2013,14.3089313959301
MLI,2014,14.7684106573566
MLI,2015,15.2378088658324
MLI,2016,15.7281152935199
MLI,2017,16.2376441373884
MLI,2018,16.7531531974529
MLI,2019,17.2664953818668
MLI,2020,17.7954548062187
MLI,2021,18.348478515641
MLT,2011,1300.8375
MLT,2012,1312.5875
MLT,2013,1331.146875
MLT,2014,1357.99375
MLT,2015,1390.790625
MLT,2016,1422.9875
MLT,2017,1462.496875
MLT,2018,1514.46875
MLT,2019,1575.19375
MLT,2020,1610.4125
MLT,2021,1620.425
MMR,2011,75.6475990754489
MMR,2012,76.3032167189773
MMR,2013,76.9624823911313
MMR,2014,77.6040209468978
MMR,2015,78.2278679487965
MMR,2016,78.8867551089188
MMR,2017,79.5020114898506
MMR,2018,80.0861758847863
MMR,2019,80.6507017006282
MMR,2020,81.2302112859485
MMR,2021,81.7980020531049
MNE,2011,46.1025278810409
MNE,2012,46.1413382899628
MNE,2013,46.1863940520446
MNE,2014,46.2312267657993
MNE,2015,46.2571747211896
MNE,2016,46.2678810408922
MNE,2017,46.2730855018587
MNE,2018,46.2622304832714
MNE,2019,46.2474349442379
MNE,2020,46.1937546468401
MNE,2021,46.0379925650558
MNG,2011,1.78925253897917
MNG,2012,1.82353600871754
MNG,2013,1.8616184405066
MNG,2014,1.90278211075515
MNG,2015,1.94371713207737
MNG,2016,1.98352563105577
MNG,2017,2.02209412791248
MNG,2018,2.06015649331677
MNG,2019,2.09835043390369
MNG,2020,2.13623721809195
MNG,2021,2.17253662423347
MNP,2011,116.539130434783
MNP,2012,115.726086956522
MNP,2013,114.691304347826
MNP,2014,113.430434782609
MNP,2015,111.986956521739
MNP,2016,110.376086956522
MNP,2017,108.60652173913
MNP,2018,106.689130434783
MNP,2019,104.628260869565
MNP,2020,103.321739130435
MNP,2021,102.128260869565
MOZ,2011,30.0732966250413
MOZ,2012,30.9492179353493
MOZ,2013,31.8568770823266
MOZ,2014,32.7939100689234
MOZ,2015,33.7592156463796
MOZ,2016,34.7632251583204
MOZ,2017,35.8177891095908
MOZ,2018,36.9015539561026
MOZ,2019,38.0024670006867
MOZ,2020,39.1460718736489
MOZ,2021,40.3212187492052
MRT,2011,3.39847773357912
MRT,2012,3.511238963811
MRT,2013,3.62308916270496
MRT,2014,3.7338837683128
MRT,2015,3.84783060056272
MRT,2016,3.96493354031241
MRT,2017,4.08518482584651
MRT,2018,4.20848452508004
MRT,2019,4.33463471427185
MRT,2020,4.46311341806539
MRT,2021,4.59384301930727
MUS,2011,627.142714071107
MUS,2012,628.884326489735
MUS,2013,630.409113670506
MUS,2014,631.551326990486
MUS,2015,632.388082123185
MUS,2016,632.822734101152
MUS,2017,633.393590385578
MUS,2018,633.739108662994
MUS,2019,633.943415122684
MUS,2020,633.957936905358
MUS,2021,634.118177265899
MWI,2011,161.911561306746
MWI,2012,166.626824352991
MWI,2013,171.423589308443
MWI,2014,176.299724225711
MWI,2015,181.221754348748
MWI,2016,186.229730589733
MWI,2017,191.341907085278
MWI,2018,196.521860415783
MWI,2019,201.800509121765
MWI,2020,207.190156979211
MWI,2021,212.635320322444
MYS,2011,88.7598204230711
MYS,2012,90.2840693958302
MYS,2013,91.8407091766854
MYS,2014,93.4291188555775
MYS,2015,95.0625414700959
MYS,2016,96.7575254907929
MYS,2017,98.4801217470705
MYS,2018,100.170345457312
MYS,2019,101.782364936844
MYS,2020,103.148860143053
MYS,2021,104.344541165728
NAM,2011,2.60700968067145
NAM,2012,2.66571196054853
NAM,2013,2.73598367525416
NAM,2014,2.80841380315563
NAM,2015,2.88391696728978
NAM,2016,2.96276281747622
NAM,2017,3.04492098774429
NAM,2018,3.13052144444849
NAM,2019,3.21939292351419
NAM,2020,3.31446027523716
NAM,2021,3.41380072635402
NCL,2011,14.5811269146608
NCL,2012,14.8595733041575
NCL,2013,15.1434354485777
NCL,2014,15.3842450765864
NCL,2015,15.490590809628
NCL,2016,15.5045404814004
NCL,2017,15.5112691466083
NCL,2018,15.5109956236324
NCL,2019,15.5145514223195
NCL,2020,15.5457330415755
NCL,2021,15.6025164113786
NER,2011,13.5598665824584
NER,2012,14.0812891766006
NER,2013,14.6205873529644
NER,2014,15.1700552617036
NER,2015,15.741294702771
NER,2016,16.3304278834768
NER,2017,16.9222752032841
NER,2018,17.5164356201153
NER,2019,18.1161735217494
NER,2020,18.7239385805637
NER,2021,19.3432857030078
NGA,2011,188.170007795602
NGA,2012,193.463360672837
NGA,2013,198.787227291193
NGA,2014,204.109616039176
NGA,2015,209.352391932101
NGA,2016,214.591719094832
NGA,2017,219.873929751749
NGA,2018,225.017024056568
NGA,2019,230.009377779242
NGA,2020,234.961824609945
NGA,2021,239.939047179859
NIC,2011,48.355085590826
NIC,2012,49.0384493933854
NIC,2013,49.7244889479807
NIC,2014,50.4112680737909
NIC,2015,51.100357320924
NIC,2016,51.7921389396709
NIC,2017,52.4865464517201
NIC,2018,53.1833139438258
NIC,2019,53.8778211733422
NIC,2020,54.5559830480306
NIC,2021,55.2163952135616
NLD,2011,495.049644128114
NLD,2012,496.884994068802
NLD,2013,498.795844464233
NLD,2014,500.593885425942
NLD,2015,503.116216216216
NLD,2016,505.800831600832
NLD,2017,508.8
NLD,2018,511.779744579745
NLD,2019,515.143272943273
NLD,2020,518.013068013068
NLD,2021,520.731927531928
NOR,2011,13.5610386481366
NOR,2012,13.7403297521657
NOR,2013,13.9120886837683
NOR,2014,14.0704449094514
NOR,2015,14.2079384825517
NOR,2016,14.3354243797401
NOR,2017,14.452576255125
NOR,2018,14.5488896436123
NOR,2019,14.6479975020132
NOR,2020,14.7672152298338
NOR,2021,14.8470090866665
NPL,2011,191.59047087548
NPL,2012,192.081723055459
NPL,2013,192.465964422742
NPL,2014,193.040599930241
NPL,2015,194.095772584583
NPL,2016,195.015430763865
NPL,2017,195.404659923265
NPL,2018,195.882029996512
NPL,2019,198.214607603767
NPL,2020,202.068880362749
NPL,2021,205.61569584932
NRU,2011,504.9
NRU,2012,513.35
NRU,2013,525.85
NRU,2014,537.1
NRU,2015,547.7
NRU,2016,557.5
NRU,2017,566.2
NRU,2018,573.85
NRU,2019,579.35
NRU,2020,582.15
NRU,2021,585.45
NZL,2011,16.6495765447571
NZL,2012,16.7411036420949
NZL,2013,16.8702290076336
NZL,2014,17.1527856898713
NZL,2015,17.5056017621815
NZL,2016,17.9032319319433
NZL,2017,18.2811135163875
NZL,2018,18.6115225399719
NZL,2019,18.9100300026585
NZL,2020,19.3315863430937
NZL,2021,19.4117200258251
OMN,2011,9.94107592891761
OMN,2012,11.4607625201939
OMN,2013,12.3874410339257
OMN,2014,12.9319515347334
OMN,2015,13.5214701130856
OMN,2016,14.1870016155089
OMN,2017,14.6604071082391
OMN,2018,14.8558222940226
OMN,2019,14.8343812600969
OMN,2020,14.612268174475
OMN,2021,14.5409499192246
PAK,2011,264.303218399751
PAK,2012,269.389691002491
PAK,2013,273.809124636779
PAK,2014,277.948120330012
PAK,2015,281.873810450394
PAK,2016,285.568271326276
PAK,2017,289.635179275633
PAK,2018,294.376416562889
PAK,2019,299.399256693649
PAK,2020,304.848674242424
PAK,2021,310.65509677252
PAN,2011,49.6839521119182
PAN,2012,50.5684153887544
PAN,2013,51.4572101156847
PAN,2014,52.5108067997841
PAN,2015,53.4273475445224
PAN,2016,54.3589584457636
PAN,2017,55.298259579061
PAN,2018,56.1857643569695
PAN,2019,57.0868158533297
PAN,2020,57.87626044756
PAN,2021,58.5791992450795
PER,2011,22.8938171875
PER,2012,23.0862234375
PER,2013,23.29524921875
PER,2014,23.5279890625
PER,2015,23.795
PER,2016,24.1144484375
PER,2017,24.47237265625
PER,2018,24.9199875
PER,2019,25.35101796875
PER,2020,25.65513984375
PER,2021,25.9030328125
PHL,2011,329.505362712547
PHL,2012,335.96777677164
PHL,2013,342.342744072174
PHL,2014,348.013314552101
PHL,2015,353.197813327967
PHL,2016,357.969342992253
PHL,2017,362.61090317604
PHL,2018,367.123744843546
PHL,2019,371.615799711574
PHL,2020,375.897186168964
PHL,2021,379.317000368917
PLW,2011,39.3
PLW,2012,38.6195652173913
PLW,2013,38.3652173913043
PLW,2014,38.5108695652174
PLW,2015,38.6304347826087
PLW,2016,38.6891304347826
PLW,2017,38.7217391304348
PLW,2018,38.7260869565217
PLW,2019,38.6913043478261
PLW,2020,38.6782608695652
PLW,2021,38.6586956521739
PNG,2011,17.3549132182131
PNG,2012,17.8452281058164
PNG,2013,18.3339177670803
PNG,2014,18.8213598021464
PNG,2015,19.306730556905
PNG,2016,19.7891577971117
PNG,2017,20.268325751888
PNG,2018,20.744850505675
PNG,2019,21.2185001987369
PNG,2020,21.6750121450338
PNG,2021,22.1103564015369
POL,2011,124.296296901022
POL,2012,124.300058781268
POL,2013,124.229110740995
POL,2014,124.144273163722
POL,2015,124.061569613639
POL,2016,124.008253045495
POL,2017,124.0237303635
POL,2018,124.031583760656
POL,2019,124.025595374212
POL,2020,123.800574919152
POL,2021,120.815285854296
PRI,2011,414.738669673055
PRI,2012,409.750620067644
PRI,2013,405.081961668546
PRI,2014,398.520180383315
PRI,2015,391.570687711387
PRI,2016,384.066741826381
PRI,2017,374.891319052988
PRI,2018,360.017361894025
PRI,2019,360.055693348365
PRI,2020,369.961330326945
PRI,2021,367.834611048478
PRK,2011,208.436790964206
PRK,2012,209.382343659165
PRK,2013,210.360028236857
PRK,2014,211.371663483099
PRK,2015,212.402209118844
PRK,2016,213.423519641226
PRK,2017,214.414990449298
PRK,2018,215.357088281704
PRK,2019,216.241441740719
PRK,2020,217.060975002076
PRK,2021,217.860094676522
PRT,2011,115.269789278305
PRT,2012,114.803406485424
PRT,2013,114.156128691384
PRT,2014,113.541770372117
PRT,2015,113.072519583956
PRT,2016,112.716384151187
PRT,2017,112.441815784188
PRT,2018,112.261935951514
PRT,2019,112.288582794065
PRT,2020,112.406676011074
PRT,2021,113.113510527741
PRY,2011,14.6353536370501
PRY,2012,14.842708280896
PRY,2013,15.0577523282155
PRY,2014,15.2776516486282
PRY,2015,15.5023986911654
PRY,2016,15.7289856531588
PRY,2017,15.9543418071986
PRY,2018,16.1776541656179
PRY,2019,16.3983337528316
PRY,2020,16.621542914674
PRY,2021,16.8240171155298
PSE,2011,645.014285714286
PSE,2012,661.129235880399
PSE,2013,677.194019933555
PSE,2014,693.255481727575
PSE,2015,709.317607973422
PSE,2016,725.429900332226
PSE,2017,740.000830564784
PSE,2018,758.984551495017
PSE,2019,778.290033222591
PSE,2020,797.885215946844
PSE,2021,817.05377593361
PYF,2011,78.2849322961683
PYF,2012,78.675885911841
PYF,2013,79.1495246326707
PYF,2014,79.6274848746759
PYF,2015,80.0535868625756
PYF,2016,80.431575914722
PYF,2017,80.6934600979545
PYF,2018,80.6150965139729
PYF,2019,80.3900893114376
PYF,2020,80.4405070584846
PYF,2021,80.6084701815039
QAT,2011,139.94496124031
QAT,2012,148.358139534884
QAT,2013,165.066838931955
QAT,2014,187.271105308964
QAT,2015,204.051958224543
QAT,2016,215.588598781549
QAT,2017,221.568320278503
QAT,2018,224.606962576153
QAT,2019,229.648128807659
QAT,2020,243.180852915579
QAT,2021,218.007832898172
ROU,2011,87.5332493374462
ROU,2012,87.201265107382
ROU,2013,86.8742903099596
ROU,2014,86.5306806328234
ROU,2015,86.1248956884562
ROU,2016,85.6322453059805
ROU,2017,85.1387126216968
ROU,2018,84.6399947844228
ROU,2019,84.1952712100139
ROU,2020,83.7328320584145
ROU,2021,83.1104789638387
RUS,2011,8.73293828429975
RUS,2012,8.75493589434367
RUS,2013,8.78102091547408
RUS,2014,8.80737424184231
RUS,2015,8.8320122221157
RUS,2016,8.85489473873823
RUS,2017,8.87185768709161
RUS,2018,8.87825976514438
RUS,2019,8.88162945666663
RUS,2020,8.86891988517952
RUS,2021,8.83848757424343
RWA,2011,428.606931495744
RWA,2012,438.990717470612
RWA,2013,449.669233887313
RWA,2014,460.671139035266
RWA,2015,471.829023104986
RWA,2016,483.144831779489
RWA,2017,494.611268747467
RWA,2018,506.201702472639
RWA,2019,517.880137819214
RWA,2020,529.624523713012
RWA,2021,541.35630320227
SAU,2011,11.6723187994548
SAU,2012,12.1733184784783
SAU,2013,12.8502267768841
SAU,2014,13.1690025073383
SAU,2015,13.8700845238151
SAU,2016,14.399377584675
SAU,2017,14.4101498355577
SAU,2018,14.0468072140634
SAU,2019,13.9851787932213
SAU,2020,14.6777023663877
SAU,2021,14.320382473752
SDN,2011,
SDN,2012,19.7661552462527
SDN,2013,20.2279705567452
SDN,2014,20.7833608137045
SDN,2015,21.4263549250535
SDN,2016,22.0877366167024
SDN,2017,22.8663308351178
SDN,2018,23.6780492505353
SDN,2019,24.3833913276231
SDN,2020,25.0477682012848
SDN,2021,25.7317580299786
SEN,2011,67.3084558250662
SEN,2012,69.1346543395834
SEN,2013,71.2140913104451
SEN,2014,73.5059575131148
SEN,2015,75.7976990598868
SEN,2016,78.0892380408248
SEN,2017,80.3770944787825
SEN,2018,82.6598348309354
SEN,2019,84.9370072196541
SEN,2020,87.2031319794318
SEN,2021,89.4451098530099
SGP,2011,7363.19318181818
SGP,2012,7524.69830028329
SGP,2013,7636.72135785007
SGP,2014,7714.7023977433
SGP,2015,7806.77291960508
SGP,2016,7908.72073342736
SGP,2017,7882.37780898876
SGP,2018,7897.30532212885
SGP,2019,7965.87849162011
SGP,2020,7918.95125348189
SGP,2021,7595.49582172702
SLB,2011,19.7550911039657
SLB,2012,20.4932475884244
SLB,2013,21.2556270096463
SLB,2014,22.0403001071811
SLB,2015,22.8444087173991
SLB,2016,23.6648445873526
SLB,2017,24.497034655234
SLB,2018,25.3340836012862
SLB,2019,26.014540907467
SLB,2020,26.5987138263666
SLB,2021,27.2451232583065
SLE,2011,88.4905929620393
SLE,2012,90.7603214186755
SLE,2013,93.0181629260183
SLE,2014,95.2671792740371
SLE,2015,97.5014546965918
SLE,2016,99.8244389027431
SLE,2017,102.234677195899
SLE,2018,104.662829038515
SLE,2019,107.120961485176
SLE,2020,109.622582432807
SLE,2021,112.144666112497
SLV,2011,293.925048262548
SLV,2012,295.076013513513
SLV,2013,296.276013513514
SLV,2014,297.439913127413
SLV,2015,298.439961389961
SLV,2016,299.266409266409
SLV,2017,299.880936293436
SLV,2018,300.183735521236
SLV,2019,300.304922779923
SLV,2020,300.901206563707
SLV,2021,301.919980694981
SMR,2011,543.666666666667
SMR,2012,557.816666666667
SMR,2013,550.683333333333
SMR,2014,544.25
SMR,2015,548.283333333333
SMR,2016,551.683333333333
SMR,2017,563.75
SMR,2018,575.366666666667
SMR,2019,577.716666666667
SMR,2020,579.5
SMR,2021,570.866666666667
SOM,2011,19.6844294959671
SOM,2012,19.8634871042816
SOM,2013,20.5145439474607
SOM,2014,21.2635747760385
SOM,2015,22.0087400771511
SOM,2016,22.8723499218924
SOM,2017,23.7775831287659
SOM,2018,24.6317578984283
SOM,2019,25.5538798737527
SOM,2020,26.5425303663085
SOM,2021,27.5312127395033
SRB,2011,82.740898696547
SRB,2012,82.3404642122113
SRB,2013,81.9409215641436
SRB,2014,81.5434141321747
SRB,2015,81.1271781385776
SRB,2016,80.7034301394923
SRB,2017,80.275074319689
SRB,2018,79.8376857992225
SRB,2019,79.4104161902584
SRB,2020,82.0445475086217
SRB,2021,81.2739445831847
SSD,2011,
SSD,2012,17.0212523539
SSD,2013,17.6701137784248
SSD,2014,17.7789834317092
SSD,2015,17.5772015887836
SSD,2016,17.1381355529885
SSD,2017,16.234636747741
SSD,2018,16.0191429430475
SSD,2019,16.4945231275616
SSD,2020,16.9298292532401
SSD,2021,17.1945943379805
STP,2011,193.384375
STP,2012,197.332291666667
STP,2013,201.195833333333
STP,2014,204.965625
STP,2015,208.636458333333
STP,2016,212.176041666667
STP,2017,215.59375
STP,2018,218.944791666667
STP,2019,222.283333333333
STP,2020,226.494791666667
STP,2021,231.209375
SUR,2011,3.46568614410245
SUR,2012,3.50533535450438
SUR,2013,3.54512786029273
SUR,2014,3.58470853811854
SUR,2015,3.62367242275927
SUR,2016,3.66186375836012
SUR,2017,3.69897103321145
SUR,2018,3.73510639152873
SUR,2019,3.77407650640365
SUR,2020,3.81487831013121
SUR,2021,3.84963678669192
SVK,2011,112.260522375645
SVK,2012,112.451734320413
SVK,2013,112.572637664282
SVK,2014,112.700686356073
SVK,2015,112.803148787488
SVK,2016,112.953369384359
SVK,2017,113.128785357737
SVK,2018,113.285586522463
SVK,2019,113.43899750416
SVK,2020,113.536335274542
SVK,2021,113.295486688852
SVN,2011,101.898292465005
SVN,2012,102.114049151928
SVN,2013,102.281678252234
SVN,2014,102.382323733863
SVN,2015,102.446109241111
SVN,2016,102.52417833383
SVN,2017,102.610871929328
SVN,2018,102.992292564709
SVN,2019,103.711934605987
SVN,2020,104.408881428657
SVN,2021,104.689964442502
SWE,2011,23.1973780115221
SWE,2012,23.3696200002111
SWE,2013,23.5684835040631
SWE,2014,23.8034986523533
SWE,2015,24.0582617728817
SWE,2016,24.362449750883
SWE,2017,24.6929419766692
SWE,2018,24.9814588688378
SWE,2019,25.2378879395011
SWE,2020,25.4209438224317
SWE,2021,25.5740792575133
SWZ,2011,64.9902906976744
SWZ,2012,65.3408720930233
SWZ,2013,65.6970930232558
SWZ,2014,66.0638953488372
SWZ,2015,66.4426162790698
SWZ,2016,66.8318023255814
SWZ,2017,67.3369186046512
SWZ,2018,67.960988372093
SWZ,2019,68.5973255813954
SWZ,2020,69.3447093023256
SWZ,2021,70.1507558139535
SXM,2011,1007.85294117647
SXM,2012,1030.08823529412
SXM,2013,1054.52941176471
SXM,2014,1078.58823529412
SXM,2015,1102.08823529412
SXM,2016,1124.97058823529
SXM,2017,1146.94117647059
SXM,2018,1168.0
SXM,2019,1187.79411764706
SXM,2020,1206.11764705882
SXM,2021,1222.67647058824
SYC,2011,190.089130434783
SYC,2012,191.963043478261
SYC,2013,195.541304347826
SYC,2014,198.60652173913
SYC,2015,203.084782608696
SYC,2016,205.819565217391
SYC,2017,208.354347826087
SYC,2018,210.352173913043
SYC,2019,212.228260869565
SYC,2020,214.047826086957
SYC,2021,215.778260869565
SYR,2011,124.58801938681
SYR,2012,123.943598540543
SYR,2013,117.99225072156
SYR,2014,110.404939280074
SYR,2015,105.781288460491
SYR,2016,104.524500353973
SYR,2017,104.692414093558
SYR,2018,106.615721831945
SYR,2019,110.839917224854
SYR,2020,114.629575777378
SYR,2021,117.784888090181
TCA,2011,32.4694736842105
TCA,2012,33.8178947368421
TCA,2013,35.4242105263158
TCA,2014,36.8947368421053
TCA,2015,38.5315789473684
TCA,2016,40.3315789473684
TCA,2017,42.0136842105263
TCA,2018,43.7463157894737
TCA,2019,45.4378947368421
TCA,2020,46.7221052631579
TCA,2021,47.6242105263158
TCD,2011,10.1294448856417
TCD,2012,10.4915803684879
TCD,2013,10.8728391041931
TCD,2014,11.2680098475222
TCD,2015,11.6324817344346
TCD,2016,12.0033791296061
TCD,2017,12.4068924714104
TCD,2018,12.830790184244
TCD,2019,13.2506535895807
TCD,2020,13.6790652795426
TCD,2021,14.1584124841169
TGO,2011,127.164441993013
TGO,2012,130.55223386652
TGO,2013,133.948189005332
TGO,2014,137.386468100754
TGO,2015,140.893454679169
TGO,2016,144.480400808972
TGO,2017,148.136422136422
TGO,2018,151.843684500827
TGO,2019,155.599705828277
TGO,2020,159.399154256297
TGO,2021,163.235502849789
THA,2011,135.072536162383
THA,2012,135.912031944254
THA,2013,136.712626984282
THA,2014,137.439305917125
THA,2015,138.07433106931
THA,2016,138.698821664155
THA,2017,139.286709467791
THA,2018,139.709289670966
THA,2019,139.995441288731
THA,2020,140.228785061364
THA,2021,140.396821233534
TJK,2011,55.9072949414118
TJK,2012,57.2598170905973
TJK,2013,58.7076593312375
TJK,2014,60.7089475883735
TJK,2015,62.2799913538439
TJK,2016,63.8780243533396
TJK,2017,65.4654225808776
TJK,2018,67.060544707832
TJK,2019,68.6646444268319
TJK,2020,70.2450464730888
TJK,2021,71.8128683622739
TKM,2011,12.0941778562765
TKM,2012,12.3604494286383
TKM,2013,12.6387781158896
TKM,2014,12.9280594982231
TKM,2015,13.2270125337816
TKM,2016,13.5340178324431
TKM,2017,13.8468729385228
TKM,2018,14.1627987147022
TKM,2019,14.4786329878918
TKM,2020,14.7892494626859
TKM,2021,15.0917008916222
TLS,2011,74.660860793544
TLS,2012,76.3204438466712
TLS,2013,77.9216543375925
TLS,2014,79.4823806321453
TLS,2015,81.0444519166106
TLS,2016,82.6033624747814
TLS,2017,84.1763954270343
TLS,2018,85.8075991930061
TLS,2019,87.4878950907868
TLS,2020,89.1763954270343
TLS,2021,90.7961667787492
TON,2011,149.402777777778
TON,2012,149.25
TON,2013,148.719444444444
TON,2014,148.068055555556
TON,2015,147.354166666667
TON,2016,146.561111111111
TON,2017,146.327777777778
TON,2018,146.620833333333
TON,2019,146.7625
TON,2020,146.811111111111
TON,2021,146.513888888889
TTO,2011,258.873099415205
TTO,2012,260.271734892788
TTO,2013,261.317153996101
TTO,2014,262.250097465887
TTO,2015,263.09298245614
TTO,2016,263.917153996101
TTO,2017,264.450877192982
TTO,2018,264.949902534113
TTO,2019,265.884015594542
TTO,2020,266.418128654971
TTO,2021,266.580506822612
TUN,2011,70.069741246138
TUN,2012,70.865390061792
TUN,2013,71.713188722966
TUN,2014,72.5687950566426
TUN,2015,73.3925334706488
TUN,2016,74.2061920700309
TUN,2017,74.9903321318229
TUN,2018,75.7306513903193
TUN,2019,76.4358972708548
TUN,2020,77.0729724510814
TUN,2021,77.5529222451081
TUR,2011,96.4406649948677
TUR,2012,97.6778802801346
TUR,2013,98.9405610488157
TUR,2014,100.284401595572
TUR,2015,101.631276067721
TUR,2016,103.007889505347
TUR,2017,104.352348531112
TUR,2018,105.774468250978
TUR,2019,107.297584553617
TUR,2020,108.343853540013
TUR,2021,109.334768655068
TUV,2011,359.333333333333
TUV,2012,364.466666666667
TUV,2013,366.7
TUV,2014,366.133333333333
TUV,2015,365.433333333333
TUV,2016,364.333333333333
TUV,2017,362.3
TUV,2018,358.366666666667
TUV,2019,352.7
TUV,2020,346.633333333333
TUV,2021,339.8
TZA,2011,51.9636114247008
TZA,2012,53.4818920749605
TZA,2013,55.1186814179273
TZA,2014,56.8429803567397
TZA,2015,58.7276608715286
TZA,2016,60.7631666290359
TZA,2017,62.8278279521337
TZA,2018,64.842114472793
TZA,2019,66.8038959132987
TZA,2020,68.8335944908557
TZA,2021,70.9306976744186
UGA,2011,166.340230400958
UGA,2012,171.241960901656
UGA,2013,176.227019748654
UGA,2014,181.505779972073
UGA,2015,187.170586475165
UGA,2016,193.49267903451
UGA,2017,200.365988430082
UGA,2018,207.290200478755
UGA,2019,214.440639337722
UGA,2020,221.709315778975
UGA,2021,228.959355675244
UKR,2011,79.9348425740523
UKR,2012,79.7660291376096
UKR,2013,79.6222640336947
UKR,2014,79.3598715669181
UKR,2015,79.0362271055948
UKR,2016,78.7461064406429
UKR,2017,78.432661833247
UKR,2018,78.0271090783569
UKR,2019,77.5931273731446
UKR,2020,77.1142802899551
UKR,2021,76.4560579910252
URY,2011,19.0082561992915
URY,2012,19.0572563135642
URY,2013,19.1140269683465
URY,2014,19.1768597874529
URY,2015,19.2436121586104
URY,2016,19.3079819449206
URY,2017,19.3602902525426
URY,2018,19.3951205576506
URY,2019,19.4103873842989
URY,2020,19.4204548051651
URY,2021,19.4074677179751
USA,2011,34.0624439459432
USA,2012,34.3132448275033
USA,2013,34.5518131888554
USA,2014,34.8061342979769
USA,2015,35.0633286762825
USA,2016,35.3183471405052
USA,2017,35.5424948236771
USA,2018,35.7300964643583
USA,2019,35.8931756713915
USA,2020,36.2426709389095
USA,2021,36.2997410198723
UZB,2011,66.1372206631804
UZB,2012,67.1452569986232
UZB,2013,68.207469669955
UZB,2014,69.3523563008704
UZB,2015,69.7897094870631
UZB,2016,71.0059170523229
UZB,2017,72.2198017195203
UZB,2018,73.4780871882284
UZB,2019,74.8253929702307
UZB,2020,76.2200658118688
UZB,2021,77.7112512566577
VCT,2011,280.382051282051
VCT,2012,278.810256410256
VCT,2013,277.269230769231
VCT,2014,275.730769230769
VCT,2015,274.25641025641
VCT,2016,272.689743589744
VCT,2017,270.930769230769
VCT,2018,269.041025641026
VCT,2019,267.094871794872
VCT,2020,265.451282051282
VCT,2021,263.694871794872
VEN,2011,33.0879337906014
VEN,2012,33.5058398049997
VEN,2013,33.9121342327532
VEN,2014,34.2997324414716
VEN,2015,34.662402358143
VEN,2016,34.8797913950456
VEN,2017,34.6525967915651
VEN,2018,33.7935400487501
VEN,2019,32.8077750694405
VEN,2020,32.2476923076923
VEN,2021,32.0138608922397
VGB,2011,191.4
VGB,2012,202.3
VGB,2013,211.353333333333
VGB,2014,219.746666666667
VGB,2015,229.986666666667
VGB,2016,225.853333333333
VGB,2017,217.993333333333
VGB,2018,231.046666666667
VGB,2019,242.633333333333
VGB,2020,247.566666666667
VGB,2021,252.06
VIR,2011,309.4
VIR,2012,309.108571428571
VIR,2013,308.688571428571
VIR,2014,308.234285714286
VIR,2015,307.748571428571
VIR,2016,307.188571428571
VIR,2017,306.517142857143
VIR,2018,305.717142857143
VIR,2019,304.768571428571
VIR,2020,303.685714285714
VIR,2021,302.485714285714
VNM,2011,282.390144405715
VNM,2012,285.558644407367
VNM,2013,289.364162813695
VNM,2014,292.559228518274
VNM,2015,296.1974772084
VNM,2016,299.948999160782
VNM,2017,303.688787280275
VNM,2018,307.046632570694
VNM,2019,310.034412897339
VNM,2020,312.923153250018
VNM,2021,315.653937574379
VUT,2011,19.9732567678425
VUT,2012,20.4169811320755
VUT,2013,20.8762920426579
VUT,2014,21.3486464315012
VUT,2015,21.829450369155
VUT,2016,22.3205086136177
VUT,2017,22.8471698113208
VUT,2018,23.4010664479081
VUT,2019,23.9528301886792
VUT,2020,24.5166529942576
VUT,2021,25.0917145200984
WSM,2011,68.8031802120141
WSM,2012,69.4339222614841
WSM,2013,70.0593639575972
WSM,2014,70.6844522968198
WSM,2015,71.3010600706714
WSM,2016,71.9077738515901
WSM,2017,73.8902877697842
WSM,2018,74.6697841726619
WSM,2019,75.4604316546763
WSM,2020,76.2388489208633
WSM,2021,76.8989208633094
XKX,2011,
XKX,2012,
XKX,2013,
XKX,2014,
XKX,2015,
XKX,2016,
XKX,2017,
XKX,2018,
XKX,2019,
XKX,2020,
XKX,2021,
YEM,2011,52.2433035967953
YEM,2012,53.8546640907627
YEM,2013,55.5201090971078
YEM,2014,57.2500501922458
YEM,2015,59.0173286360967
YEM,2016,60.8159743924844
YEM,2017,62.6757599863629
YEM,2018,64.5589370608179
YEM,2019,66.5026573479554
YEM,2020,68.4411292308275
YEM,2021,70.3453415913783
ZAF,2011,43.6861279872062
ZAF,2012,44.3351828800831
ZAF,2013,45.0739771987239
ZAF,2014,45.8291124318888
ZAF,2015,46.7595454582925
ZAF,2016,47.2014038529705
ZAF,2017,47.5110354549127
ZAF,2018,48.3171083761304
ZAF,2019,49.1207453692636
ZAF,2020,49.9240625180325
ZAF,2021,50.6991261983859
ZMB,2011,19.4215633785765
ZMB,2012,20.0616486635548
ZMB,2013,20.7145603249976
ZMB,2014,21.3822018052435
ZMB,2015,22.0598730141648
ZMB,2016,22.7530946071376
ZMB,2017,23.4618706197285
ZMB,2018,24.1778460834824
ZMB,2019,24.9046113076582
ZMB,2020,25.6384872005273
ZMB,2021,26.3705551594721
