country,year,resource_rents_pct_gdp
ABW,2011,25712.3843015186
ABW,2012,25119.6655449838
ABW,2013,25813.5767274227
ABW,2014,26129.8390617693
ABW,2015,27458.2253310273
ABW,2016,27441.5296617282
ABW,2017,28440.051963759
ABW,2018,30082.1276448186
ABW,2019,31096.2050738676
ABW,2020,22855.9323200761
ABW,2021,27200.0610793969
AFG,2011,606.694676337726
AFG,2012,651.417134470046
AFG,2013,637.087099117099
AFG,2014,625.054941813938
AFG,2015,565.569730408751
AFG,2016,522.082215583898
AFG,2017,525.469770891619
AFG,2018,491.337221382603
AFG,2019,496.6025042585
AFG,2020,510.787063366811
AFG,2021,356.496214115892
AGO,2011,4615.91059831778
AGO,2012,5086.02740086376
AGO,2013,5057.74787833163
AGO,2014,5005.9997412707
AGO,2015,3213.90261080059
AGO,2016,1807.95294072643
AGO,2017,2437.25971190821
AGO,2018,2538.59139143371
AGO,2019,2189.85571407618
AGO,2020,1449.92286669308
AGO,2021,1925.87466082167
ALB,2011,4437.14116097061
ALB,2012,4247.63134315945
ALB,2013,4413.06338346821
ALB,2014,4578.63320812155
ALB,2015,3952.80357364813
ALB,2016,4124.05538986272
ALB,2017,4531.03220675893
ALB,2018,5365.48934672897
ALB,2019,5460.42823730592
ALB,2020,5370.77862312929
ALB,2021,6413.28328605026
AND,2011,46657.1561173756
AND,2012,41500.5435791686
AND,2013,42470.3161159692
AND,2014,44369.659691379
AND,2015,38654.9347203095
AND,2016,40129.8192007698
AND,2017,40672.9943348258
AND,2018,42819.7745797624
AND,2019,41257.8045846483
AND,2020,37361.0900666982
AND,2021,42425.6996756291
ARE,2011,50789.0505418347
ARE,2012,52034.4762466073
ARE,2013,52023.5170958751
ARE,2014,51381.4069909213
ARE,2015,43534.9972681733
ARE,2016,41326.4018161834
ARE,2017,42340.5917145576
ARE,2018,45689.8570040215
ARE,2019,44251.4541390148
ARE,2020,37173.8754100281
ARE,2021,43360.0211014806
ARG,2011,12704.2831819684
ARG,2012,12949.717486654
ARG,2013,12963.675773326
ARG,2014,12233.1444119186
ARG,2015,13679.6264980954
ARG,2016,12699.9623137756
ARG,2017,14532.5009308511
ARG,2018,11752.7998922979
ARG,2019,9955.97478680428
ARG,2020,8535.59938004389
ARG,2021,10738.0179223384
ARM,2011,3349.55309771906
ARM,2012,3511.56399687426
ARM,2013,3680.16692158886
ARM,2014,3852.11800610384
ARM,2015,3512.39350276709
ARM,2016,3524.42476874707
ARM,2017,3869.05373867752
ARM,2018,4196.00562301769
ARM,2019,4597.22887399548
ARM,2020,4268.68093304583
ARM,2021,4685.17997128509
ASM,2011,10383.459331451
ASM,2012,11745.4899153958
ASM,2013,11813.5022034589
ASM,2014,12026.3344929488
ASM,2015,12727.4102651386
ASM,2016,12843.3342903627
ASM,2017,11863.6839452565
ASM,2018,12552.0546868861
ASM,2019,12886.1359517218
ASM,2020,14489.2586563775
ASM,2021,15236.1604875571
ATG,2011,14841.9709613705
ATG,2012,15208.6569723517
ATG,2013,15050.7122765935
ATG,2014,15533.4831254394
ATG,2015,16080.6580495873
ATG,2016,16557.843174789
ATG,2017,16924.7894487758
ATG,2018,18273.4270684912
ATG,2019,18884.3729680383
ATG,2020,15360.4544160475
ATG,2021,17340.3790692554
AUS,2011,62605.600458306
AUS,2012,68072.8732340801
AUS,2013,68190.7010035651
AUS,2014,62544.0873773726
AUS,2015,56739.0265346593
AUS,2016,49888.0410842736
AUS,2017,53901.7145392154
AUS,2018,57196.4220783778
AUS,2019,54972.7017885437
AUS,2020,51791.540179984
AUS,2021,60607.7788605166
AUT,2011,51116.8953522042
AUT,2012,48250.4059142637
AUT,2013,50305.3545774973
AUT,2014,51314.9722616322
AUT,2015,43915.228020857
AUT,2016,45061.4993920192
AUT,2017,47163.7425775142
AUT,2018,51194.0749841299
AUT,2019,49885.9947355204
AUT,2020,48716.4098900349
AUT,2021,53648.7190742245
AZE,2011,7189.81869211976
AZE,2012,7495.86527658099
AZE,2013,7875.34536661549
AZE,2014,7890.84028062087
AZE,2015,5500.50364628486
AZE,2016,3880.6852276838
AZE,2017,4147.1981423222
AZE,2018,4739.7943123408
AZE,2019,4805.75371765917
AZE,2020,4229.91064904503
AZE,2021,5408.04535175023
BDI,2011,230.070577369084
BDI,2012,231.688496393569
BDI,2013,234.843045388828
BDI,2014,250.540481111877
BDI,2015,280.966831311923
BDI,2016,235.286205393908
BDI,2017,236.694472592753
BDI,2018,224.89939239264
BDI,2019,210.236494521532
BDI,2020,210.008139902508
BDI,2021,214.091455416133
BEL,2011,47760.8298776546
BEL,2012,44874.1709182123
BEL,2013,46964.5946777056
BEL,2014,47995.7786961339
BEL,2015,40893.804537772
BEL,2016,41854.5498296444
BEL,2017,44035.3239358548
BEL,2018,47487.2100392561
BEL,2019,46716.6227467964
BEL,2020,45906.2875805246
BEL,2021,51655.7883303715
BEN,2011,1059.41358915783
BEN,2012,1071.52583567484
BEN,2013,1168.92699314206
BEN,2014,1204.39918700511
BEN,2015,1002.41886882564
BEN,2016,1010.53389609187
BEN,2017,1054.97408141687
BEN,2018,1151.74096952152
BEN,2019,1130.82135304977
BEN,2020,1197.50136428063
BEN,2021,1318.83497843483
BFA,2011,725.024767725475
BFA,2012,731.470138867833
BFA,2013,759.762065168498
BFA,2014,764.861675106225
BFA,2015,630.124750752312
BFA,2016,663.742364842886
BFA,2017,709.091535894695
BFA,2018,777.465618514048
BFA,2019,764.853077774946
BFA,2020,825.237038782475
BFA,2021,895.535288442991
BGD,2011,837.336944695647
BGD,2012,859.680536375497
BGD,2013,958.262989798283
BGD,2014,1094.46199702838
BGD,2015,1224.38647668165
BGD,2016,1649.28380858601
BGD,2017,1811.08221668646
BGD,2018,1965.24372731467
BGD,2019,2129.79896954606
BGD,2020,2248.85078828233
BGD,2021,2482.84917843357
BGR,2011,7857.16706984441
BGR,2012,7430.7373804242
BGR,2013,7687.71368243317
BGR,2014,7912.27484371138
BGR,2015,7078.86032298969
BGR,2016,7570.93165511708
BGR,2017,8381.88134621669
BGR,2018,9436.14479876055
BGR,2019,9838.60058985384
BGR,2020,10198.5388313404
BGR,2021,12274.0775950496
BHR,2011,25032.7867743333
BHR,2012,26438.6733230428
BHR,2013,26989.7601148469
BHR,2014,26451.7965647453
BHR,2015,23734.0551143019
BHR,2016,23800.001440631
BHR,2017,24784.7693514607
BHR,2018,26324.4066549559
BHR,2019,27259.7438599327
BHR,2020,24342.8444554718
BHR,2021,27147.8083882286
BHS,2011,27090.8376801379
BHS,2012,28552.0242683151
BHS,2013,27432.9534269421
BHS,2014,28705.6170840548
BHS,2015,30289.4022514831
BHS,2016,30266.5859220987
BHS,2017,31337.1832464755
BHS,2018,32124.4051059669
BHS,2019,32979.5401279534
BHS,2020,25155.6725432789
BHS,2021,28682.3270000732
BIH,2011,4982.69375768263
BIH,2012,4693.78899115381
BIH,2013,5034.56616016469
BIH,2014,5206.06558252
BIH,2015,4662.25883724069
BIH,2016,4928.5665251728
BIH,2017,5345.01985489192
BIH,2018,6047.84584261133
BIH,2019,6122.3753450882
BIH,2020,6130.31133245161
BIH,2021,7295.3438240957
BLR,2011,6527.6593428786
BLR,2012,6953.21591683101
BLR,2013,7998.0802045456
BLR,2014,8341.29014337961
BLR,2015,5967.06856034227
BLR,2016,5039.77560949445
BLR,2017,5785.53397723676
BLR,2018,6360.05310087258
BLR,2019,6837.76832136779
BLR,2020,6542.8645398436
BLR,2021,7489.71894713888
BLZ,2011,5582.22170621269
BLZ,2012,5709.68918765363
BLZ,2013,5950.20299917747
BLZ,2014,6128.14288539305
BLZ,2015,6154.49593498217
BLZ,2016,6142.49873185177
BLZ,2017,6072.58267640581
BLZ,2018,6031.28139580144
BLZ,2019,6190.04792278445
BLZ,2020,5227.19363786168
BLZ,2021,6122.61158580079
BMU,2011,99049.0169927667
BMU,2012,100213.493385287
BMU,2013,101704.40746217
BMU,2014,100961.576602811
BMU,2015,104855.366822135
BMU,2016,108747.356144305
BMU,2017,112339.425587467
BMU,2018,113204.82210838
BMU,2019,115798.040775578
BMU,2020,106973.175732348
BMU,2021,112712.025120653
BOL,2011,2315.52121930607
BOL,2012,2575.59857098084
BOL,2013,2870.02377000756
BOL,2014,3041.43503118107
BOL,2015,2996.01289804214
BOL,2016,3035.8734778704
BOL,2017,3306.30301176558
BOL,2018,3500.72642189371
BOL,2019,3503.8960106182
BOL,2020,3099.94219044572
BOL,2021,3384.84486479247
BRA,2011,13396.6243566047
BRA,2012,12521.7213530369
BRA,2013,12458.891214816
BRA,2014,12274.9939689363
BRA,2015,8936.19661756825
BRA,2016,8836.28652636996
BRA,2017,10080.5092817775
BRA,2018,9300.66164936497
BRA,2019,9029.83326742175
BRA,2020,7074.19378281866
BRA,2021,7972.53665048385
BRB,2011,19345.9953139542
BRB,2012,19034.0708028512
BRB,2013,19308.0091116993
BRB,2014,19277.9423599235
BRB,2015,18954.2913724506
BRB,2016,19065.8069800213
BRB,2017,19692.7606711615
BRB,2018,20055.915870771
BRB,2019,20583.7265786414
BRB,2020,18347.1109131055
BRB,2021,18696.7858952957
BRN,2011,46382.8274456238
BRN,2012,46968.5971144517
BRN,2013,44003.0644293856
BRN,2014,41026.508391054
BRN,2015,30625.128732694
BRN,2016,26663.2973199878
BRN,2017,28024.3824618568
BRN,2018,30988.1190497851
BRN,2019,30426.5730284202
BRN,2020,26834.3592463839
BRN,2021,31006.9636220576
BTN,2011,2787.97967689425
BTN,2012,2751.21288653263
BTN,2013,2679.95217216983
BTN,2014,2849.49998659935
BTN,2015,2954.04081973327
BTN,2016,3152.30905081592
BTN,2017,3435.28804814561
BTN,2018,3400.20417159422
BTN,2019,3576.87987077877
BTN,2020,3191.66907031782
BTN,2021,3570.61257915864
BWA,2011,7287.38295334919
BWA,2012,6595.53845015424
BWA,2013,6666.91219583487
BWA,2014,7122.36423421503
BWA,2015,6141.20394726616
BWA,2016,6749.05994339013
BWA,2017,7104.96401088027
BWA,2018,7407.95940141786
BWA,2019,7172.08956480028
BWA,2020,6323.31419156209
BWA,2021,7808.20623956293
CAF,2011,534.057281471636
CAF,2012,544.395849142785
CAF,2013,364.36696260838
CAF,2014,409.8504859647
CAF,2015,366.322853938121
CAF,2016,387.176203444318
CAF,2017,432.324025684263
CAF,2018,455.243962859534
CAF,2019,449.228467602439
CAF,2020,462.879071294011
CAF,2021,492.263142830507
CAN,2011,52223.8588398531
CAN,2012,52670.3447335415
CAN,2013,52638.1187235237
CAN,2014,50960.8431174661
CAN,2015,43594.1941045394
CAN,2016,42314.0615817218
CAN,2017,45129.628116623
CAN,2018,46539.1761570405
CAN,2019,46352.8693445211
CAN,2020,43537.839298904
CAN,2021,52496.8441693242
CHE,2011,90476.7589651577
CHE,2012,85836.2076767359
CHE,2013,87304.3305813557
CHE,2014,88724.9909402638
CHE,2015,83806.4476003837
CHE,2016,82153.0745447889
CHE,2017,82254.3769269767
CHE,2018,85217.3691512274
CHE,2019,84121.9310304414
CHE,2020,85897.7843338323
CHE,2021,93446.4344518943
CHI,2011,60419.2325098421
CHI,2012,58813.9366544241
CHI,2013,59304.8512474695
CHI,2014,64700.7425701916
CHI,2015,61852.0736534587
CHI,2016,55950.1485360363
CHI,2017,55806.5709126142
CHI,2018,60783.3533081111
CHI,2019,60568.1085272721
CHI,2020,56785.9402392525
CHI,2021,66912.1750054447
CHL,2011,14487.3927827263
CHL,2012,15241.9069977366
CHL,2013,15683.54863663
CHL,2014,14529.6767210362
CHL,2015,13433.9202985339
CHL,2016,13649.8520455553
CHL,2017,14879.9086230423
CHL,2018,15659.4808675628
CHL,2019,14495.716721687
CHL,2020,13114.815470545
CHL,2021,16216.5706467899
CHN,2011,5614.38602225277
CHN,2012,6300.58217951734
CHN,2013,7020.3860742288
CHN,2014,7636.07434020616
CHN,2015,8016.44559489998
CHN,2016,8094.39016735149
CHN,2017,8817.04560829162
CHN,2018,9905.40638304527
CHN,2019,10143.8602206165
CHN,2020,10408.7195541075
CHN,2021,12617.5051041181
CIV,2011,1596.62826565998
CIV,2012,1546.9460184731
CIV,2013,1786.15862031324
CIV,2014,1991.36539423404
CIV,2015,1814.71855088017
CIV,2016,1862.59597081287
CIV,2017,1964.29930338343
CIV,2018,2130.86619381144
CIV,2019,2141.76836170115
CIV,2020,2179.72934832935
CIV,2021,2455.98127641148
CMR,2011,1513.96056994878
CMR,2012,1449.09874362279
CMR,2013,1575.92882118897
CMR,2014,1649.4433905949
CMR,2015,1415.00009710569
CMR,2016,1441.7201725688
CMR,2017,1496.08951771242
CMR,2018,1610.69641591017
CMR,2019,1555.22660476477
CMR,2020,1555.60370660749
CMR,2021,1672.32657340872
COD,2011,364.714191777632
COD,2012,400.059901824342
COD,2013,431.191528160935
COD,2014,458.004541775676
COD,2015,467.9145805459
COD,2016,442.310472110228
COD,2017,436.584534687385
COD,2018,528.256019777898
COD,2019,557.044161335917
COD,2020,507.521230077872
COD,2021,558.034077296358
COG,2011,3396.16505817952
COG,2012,3732.32737320389
COG,2013,3697.41705884249
COG,2014,3601.2365808718
COG,2015,2439.35189403696
COG,2016,2093.10728558843
COG,2017,2211.63309874797
COG,2018,2694.43413191427
COG,2019,2488.42466724916
COG,2020,1993.586671931
COG,2021,2516.16255145432
COL,2011,7400.9940695669
COL,2012,8108.59838244229
COL,2013,8279.10255642981
COL,2014,8187.20824890084
COL,2015,6248.51490534512
COL,2016,5959.84250367574
COL,2017,6479.53231292429
COL,2018,6816.96818309544
COL,2019,6472.54544924705
COL,2020,5339.68711357943
COL,2021,6222.62164397614
COM,2011,1531.43789372951
COM,2012,1490.31511351281
COM,2013,1603.32797107303
COM,2014,1615.71723662012
COM,2015,1329.37048235986
COM,2016,1365.48403444497
COM,2017,1423.9248027797
COM,2018,1540.71132257526
COM,2019,1519.26386436068
COM,2020,1527.16991011916
COM,2021,1584.12450153608
CPV,2011,4002.01386888785
CPV,2012,3736.81517011087
CPV,2013,3960.97596791345
CPV,2014,3985.60706548134
CPV,2015,3415.06266730931
CPV,2016,3608.96606551232
CPV,2017,3893.09572292025
CPV,2018,4294.96510456428
CPV,2019,4380.7811916403
CPV,2020,3539.22662027109
CPV,2021,3971.4440744985
CRI,2011,9276.39107511347
CRI,2012,10126.9991024177
CRI,2013,10803.2401962173
CRI,2014,10911.497878334
CRI,2015,11714.7105980732
CRI,2016,12091.0301606154
CRI,2017,12317.0902771304
CRI,2018,12590.2493781614
CRI,2019,12884.6859951989
CRI,2020,12394.0493969492
CRI,2021,12838.1185358931
CUB,2011,6104.46105236166
CUB,2012,6470.83673392653
CUB,2013,6828.36428245396
CUB,2014,7146.70459051328
CUB,2015,7727.91997207998
CUB,2016,8110.55873961397
CUB,2017,8610.60829531998
CUB,2018,8911.46205964193
CUB,2019,9232.26115935183
CUB,2020,9605.26125067263
CUB,2021,
CUW,2011,19426.326382752
CUW,2012,19809.8223198624
CUW,2013,19721.2921646576
CUW,2014,19623.029993395
CUW,2015,19361.8130008678
CUW,2016,18944.0961493998
CUW,2017,18938.2440469703
CUW,2018,19119.1243941688
CUW,2019,19220.6866958303
CUW,2020,16356.0933594414
CUW,2021,17980.0888397547
CYM,2011,75280.960764889
CYM,2012,75101.59136128
CYM,2013,75113.7332398618
CYM,2014,75845.3060407986
CYM,2015,76379.2095108681
CYM,2016,77802.2541567187
CYM,2017,80053.9444506891
CYM,2018,83865.5531568184
CYM,2019,88254.2903677044
CYM,2020,82338.7982853661
CYM,2021,86438.445257404
CYP,2011,32485.796875
CYP,2012,28991.935546875
CYP,2013,27797.45703125
CYP,2014,27244.3515625
CYP,2015,23487.228515625
CYP,2016,24715.154296875
CYP,2017,26696.990234375
CYP,2018,29599.986328125
CYP,2019,29703.052734375
CYP,2020,28649.015625
CYP,2021,33734.29296875
CZE,2011,22049.1080788682
CZE,2012,20014.0354015165
CZE,2013,20260.4954999375
CZE,2014,20038.4163180257
CZE,2015,17931.5987670768
CZE,2016,18753.9686718096
CZE,2017,20913.197632212
CZE,2018,23705.9329811299
CZE,2019,24062.7190013343
CZE,2020,23472.8915454417
CZE,2021,27696.4619527544
DEU,2011,47646.582043143
DEU,2012,44735.5882319701
DEU,2013,47220.0102098851
DEU,2014,48971.0824722599
DEU,2015,41911.0109851054
DEU,2016,42961.0356905775
DEU,2017,45526.5999576533
DEU,2018,48874.8595028454
DEU,2019,47623.8656074829
DEU,2020,47379.765194548
DEU,2021,52265.6541620571
DJI,2011,1306.34552844977
DJI,2012,1400.19357858954
DJI,2013,2074.29668941495
DJI,2014,2208.67810285113
DJI,2015,2376.12554719873
DJI,2016,2510.4300076241
DJI,2017,2618.95521147369
DJI,2018,2718.0853229414
DJI,2019,2837.17103336917
DJI,2020,2881.99924450145
DJI,2021,3019.69343880209
DMA,2011,7255.67210585964
DMA,2012,7031.39987118111
DMA,2013,7147.61954093518
DMA,2014,7395.30259658718
DMA,2015,7679.83293618857
DMA,2016,8278.44768597003
DMA,2017,7614.34028048137
DMA,2018,8137.56520624242
DMA,2019,9009.09011545429
DMA,2020,7461.77933220095
DMA,2021,8262.65091316727
DNK,2011,61809.737898222
DNK,2012,58443.7747103968
DNK,2013,61377.5940590412
DNK,2014,62520.4509747011
DNK,2015,53094.0133607574
DNK,2016,54500.9260410217
DNK,2017,57521.5514992225
DNK,2018,61324.7665045565
DNK,2019,59404.2663247723
DNK,2020,60985.4885601514
DNK,2021,69727.9873677012
DOM,2011,5834.70590719826
DOM,2012,6025.72582713231
DOM,2013,6149.02748927076
DOM,2014,6512.50771431953
DOM,2015,6819.93225155181
DOM,2016,7174.82349574
DOM,2017,7499.69286187019
DOM,2018,7934.98141208525
DOM,2019,8164.22080932117
DOM,2020,7162.29175242114
DOM,2021,8472.47982000992
DZA,2011,5916.31364364343
DZA,2012,6033.64884689543
DZA,2013,5979.60138960585
DZA,2014,6094.69392314956
DZA,2015,4685.05902729002
DZA,2016,4424.98529027556
DZA,2017,4554.66753957828
DZA,2018,4577.21029180491
DZA,2019,4468.45341883656
DZA,2020,3743.5419522929
DZA,2021,4160.55926736925
ECU,2011,5153.6916424375
ECU,2012,5634.08393191094
ECU,2013,6109.29031510341
ECU,2014,6405.79979300441
ECU,2015,5976.1596805651
ECU,2016,5917.63771271481
ECU,2017,6233.32244797718
ECU,2018,6303.91892523596
ECU,2019,6205.05759479761
ECU,2020,5463.64509649315
ECU,2021,6075.8026572556
EGY,2011,2590.64384891965
EGY,2012,2996.0677072015
EGY,2013,3025.52563552448
EGY,2014,3133.39102265541
EGY,2015,3306.98159414141
EGY,2016,3270.6287768197
EGY,2017,2395.10333299491
EGY,2018,2484.70315630508
EGY,2019,2962.98892023003
EGY,2020,3511.11381026379
EGY,2021,3827.35415374308
ERI,2011,688.68165957684
ERI,2012,
ERI,2013,
ERI,2014,
ERI,2015,
ERI,2016,
ERI,2017,
ERI,2018,
ERI,2019,
ERI,2020,
ERI,2021,
ESP,2011,31824.6219134777
ESP,2012,28456.4438151477
ESP,2013,29218.9105170888
ESP,2014,29694.8874886229
ESP,2015,25969.8383138327
ESP,2016,26740.6851818829
ESP,2017,28367.9392609439
ESP,2018,30592.1264795541
ESP,2019,29776.2011500384
ESP,2020,27230.3599933583
ESP,2021,30817.6828559001
EST,2011,17555.5455239426
EST,2012,17568.2137969714
EST,2013,19310.3874900757
EST,2014,20581.7898991695
EST,2015,17722.1557669523
EST,2016,18666.3736521706
EST,2017,20851.5223496861
EST,2018,23618.1361254581
EST,2019,24021.2501413306
EST,2020,23933.9939421065
EST,2021,27953.7670230126
ETH,2011,343.024942351887
ETH,2012,452.101031885754
ETH,2013,484.039833104062
ETH,2014,549.986577082588
ETH,2015,621.845673808133
ETH,2016,696.195884706786
ETH,2017,745.632449222154
ETH,2018,747.968143637014
ETH,2019,828.70897229725
ETH,2020,905.313175805855
ETH,2021,910.947840320752
FIN,2011,51060.3242589767
FIN,2012,47551.6740841369
FIN,2013,49691.0145200739
FIN,2014,50073.7760815871
FIN,2015,42560.3456767103
FIN,2016,43451.2562442158
FIN,2017,46085.0174739036
FIN,2018,49654.2497035329
FIN,2019,48358.1807773701
FIN,2020,48828.6846862799
FIN,2021,53099.1351400148
FJI,2011,4139.60288609702
FJI,2012,4341.40338748749
FJI,2013,4572.44377544245
FJI,2014,5293.35679137747
FJI,2015,5097.53108832569
FJI,2016,5363.79025590254
FJI,2017,5826.84814087383
FJI,2018,6085.41979209299
FJI,2019,5950.82868635508
FJI,2020,4844.42129036462
FJI,2021,4696.17101880318
FRA,2011,43929.7840873812
FRA,2012,40863.5814412333
FRA,2013,42669.1795111893
FRA,2014,43148.0459288416
FRA,2015,36702.4323733379
FRA,2016,37024.2157133669
FRA,2017,38687.1626407164
FRA,2018,41418.1766484844
FRA,2019,40408.2848574751
FRA,2020,39169.8606000707
FRA,2021,43725.0999521245
FRO,2011,51618.9907766392
FRO,2012,50261.9616267693
FRO,2013,55758.2083680611
FRO,2014,60172.0632541664
FRO,2015,52635.0375463609
FRO,2016,56875.2803813296
FRO,2017,59384.9862077969
FRO,2018,62524.0387361638
FRO,2019,63064.6343127366
FRO,2020,62236.0866558197
FRO,2021,68736.505610554
FSM,2011,2890.50493045368
FSM,2012,3033.16989526369
FSM,2013,2933.88333441237
FSM,2014,2945.41495996162
FSM,2015,2911.16211045292
FSM,2016,2979.60119184048
FSM,2017,3279.10779039285
FSM,2018,3566.58690371125
FSM,2019,3572.65918282222
FSM,2020,3353.8894298388
FSM,2021,3493.87228552999
GAB,2011,10219.1139339454
GAB,2012,9296.96587941088
GAB,2013,9197.70106323947
GAB,2014,9201.36276648105
GAB,2015,7047.12654634355
GAB,2016,6677.07003901644
GAB,2017,6921.73373135624
GAB,2018,7624.2775233771
GAB,2019,7441.1786472281
GAB,2020,6605.80346077565
GAB,2021,8181.40914134656
GBR,2011,42109.6418795749
GBR,2012,42497.3404974322
GBR,2013,43426.2981405143
GBR,2014,47439.6165895125
GBR,2015,44964.3911437292
GBR,2016,40985.2351382417
GBR,2017,40572.1214823783
GBR,2018,43203.8141057739
GBR,2019,42662.5353740311
GBR,2020,40201.6812422928
GBR,2021,46896.8662432834
GEO,2011,4119.66818307193
GEO,2012,4530.69533409431
GEO,2013,4712.00229382665
GEO,2014,4830.33486170249
GEO,2015,4086.6223465965
GEO,2016,4143.40125686315
GEO,2017,4418.75206546679
GEO,2018,4804.0546040444
GEO,2019,4741.2832715876
GEO,2020,4300.85701291207
GEO,2021,5083.60695484577
GHA,2011,1507.43573198753
GHA,2012,1543.77524235764
GHA,2013,2294.025645187
GHA,2014,1953.64513603117
GHA,2015,1721.69964380717
GHA,2016,1913.18673253576
GHA,2017,2012.97025750655
GHA,2018,2196.61290615342
GHA,2019,2186.18924111824
GHA,2020,2196.54789313621
GHA,2021,2445.50081810782
GIB,2011,
GIB,2012,
GIB,2013,
GIB,2014,
GIB,2015,
GIB,2016,
GIB,2017,
GIB,2018,
GIB,2019,
GIB,2020,
GIB,2021,
GIN,2011,636.694958747648
GIN,2012,699.353377212197
GIN,2013,748.455020824734
GIN,2014,765.146999389279
GIN,2015,747.356966759448
GIN,2016,711.996509782316
GIN,2017,833.598621691121
GIN,2018,933.273615633705
GIN,2019,1031.34146480732
GIN,2020,1053.66097696415
GIN,2021,1244.96550477914
GMB,2011,710.608411468152
GMB,2012,692.579361628102
GMB,2013,653.862713272743
GMB,2014,568.00453558864
GMB,2015,619.536364296461
GMB,2016,650.056501323611
GMB,2017,642.522641296331
GMB,2018,696.219806960615
GMB,2019,738.186751987483
GMB,2020,720.335143352133
GMB,2021,781.890925169531
GNB,2011,719.539573498937
GNB,2012,635.461653303881
GNB,2013,654.304534409417
GNB,2014,652.022501029449
GNB,2015,645.066837207039
GNB,2016,679.665386626818
GNB,2017,783.123186602022
GNB,2018,808.531613218504
GNB,2019,807.359903965493
GNB,2020,817.780335749159
GNB,2021,900.407780831491
GNQ,2011,17198.2136668275
GNQ,2012,17308.5723924575
GNQ,2013,16304.0713196418
GNQ,2014,15548.6624656619
GNQ,2015,9068.91003238645
GNQ,2016,7453.19797948517
GNQ,2017,7809.10465655488
GNQ,2018,8102.47084834031
GNQ,2019,6804.14923073888
GNQ,2020,5764.05502912947
GNQ,2021,6945.63069794539
GRC,2011,25504.7866510124
GRC,2012,21624.346052551
GRC,2013,21573.3449762805
GRC,2014,21474.7257123892
GRC,2015,17980.7298238137
GRC,2016,17919.2426377048
GRC,2017,18631.9930129293
GRC,2018,19873.4015238771
GRC,2019,19335.3602002969
GRC,2020,17886.733165236
GRC,2021,20654.7001960815
GRD,2011,6947.38136096464
GRD,2012,7092.71985352677
GRD,2013,7424.80212287327
GRD,2014,7986.33421210788
GRD,2015,8694.12438005692
GRD,2016,9221.23461079424
GRD,2017,9751.42661155932
GRD,2018,10083.021279225
GRD,2019,10462.7929159533
GRD,2020,8968.55890108484
GRD,2021,9622.24050459345
GRL,2011,47186.8759969388
GRL,2012,45936.9562817724
GRL,2013,47535.4883792376
GRL,2014,50485.2244135291
GRL,2015,44536.3549705377
GRL,2016,48181.7453541266
GRL,2017,50765.7494665372
GRL,2018,54545.135857765
GRL,2019,53309.2035905065
GRL,2020,54693.0766804265
GRL,2021,57116.295770722
GTM,2011,3168.98370607705
GTM,2012,3286.61959336267
GTM,2013,3444.15971843874
GTM,2014,3689.14472473545
GTM,2015,3893.50521848131
GTM,2016,4060.13755621218
GTM,2017,4324.99607911366
GTM,2018,4352.94651790253
GTM,2019,4511.99755157656
GTM,2020,4477.61761796418
GTM,2021,4913.94712869347
GUM,2011,29926.2052442913
GUM,2012,31653.7506538168
GUM,2013,32530.7593121483
GUM,2014,33900.1486530583
GUM,2015,35165.7014644795
GUM,2016,35930.6594898711
GUM,2017,36779.0078903909
GUM,2018,37195.9503070464
GUM,2019,39274.9431424899
GUM,2020,36482.9363953675
GUM,2021,38074.8793745801
GUY,2011,4947.22170589917
GUY,2012,5444.39751913913
GUY,2013,5556.91231156932
GUY,2014,5472.68820452237
GUY,2015,5640.41560569466
GUY,2016,5870.87823759835
GUY,2017,6178.6650437298
GUY,2018,6048.38697180418
GUY,2019,6405.82443444562
GUY,2020,6775.70939096303
GUY,2021,9860.87233445443
HKG,2011,35142.4879344543
HKG,2012,36730.796195815
HKG,2013,38403.7777145477
HKG,2014,40315.3739510191
HKG,2015,42432.1619740441
HKG,2016,43734.1980702999
HKG,2017,46160.429791493
HKG,2018,48537.5668888343
HKG,2019,48359.0011950597
HKG,2020,46109.2299946609
HKG,2021,49770.5642374739
HND,2011,2073.66121088074
HND,2012,2126.03474686503
HND,2013,2081.12843527945
HND,2014,2179.88171977271
HND,2015,2271.20265980349
HND,2016,2307.34468351082
HND,2017,2413.0076562942
HND,2018,2464.64241531918
HND,2019,2502.32744328073
HND,2020,2307.61494319511
HND,2021,2735.14751503977
HRV,2011,14694.9993201417
HRV,2012,13508.6836989693
HRV,2013,14136.3967669505
HRV,2014,14187.9694531493
HRV,2015,12285.3032582105
HRV,2016,12821.1738140304
HRV,2017,13902.6310485422
HRV,2018,15460.4183295843
HRV,2019,15563.8167397199
HRV,2020,14808.4620188819
HRV,2021,17789.9304736722
HTI,2011,1312.03953552013
HTI,2012,1361.39396587374
HTI,2013,1457.83221179626
HTI,2014,1460.18898613914
HTI,2015,1411.12684746796
HTI,2016,1318.40268167953
HTI,2017,1395.23945184461
HTI,2018,1496.38048970156
HTI,2019,1352.17204191532
HTI,2020,1290.32538667383
HTI,2021,1835.44394078496
HUN,2011,14234.471576937
HUN,2012,12984.8365730133
HUN,2013,13715.0703590361
HUN,2014,14294.2584180751
HUN,2015,12717.038597002
HUN,2016,13104.6995457458
HUN,2017,14621.2395956755
HUN,2018,16425.2050299693
HUN,2019,16786.2136399075
HUN,2020,16131.9540355923
HUN,2021,18755.1023464312
IDN,2011,3579.46442452684
IDN,2012,3632.272540431
IDN,2013,3566.60284506078
IDN,2014,3441.06808455308
IDN,2015,3288.22269737572
IDN,2016,3521.46943456251
IDN,2017,3798.88326177649
IDN,2018,3860.95353077708
IDN,2019,4106.94856173421
IDN,2020,3853.70288778903
IDN,2021,4287.17313989405
IMN,2011,77808.8579649376
IMN,2012,79329.2034347434
IMN,2013,83207.6588430451
IMN,2014,91885.4528718026
IMN,2015,84753.5187422732
IMN,2016,82025.9454509241
IMN,2017,83481.3038489014
IMN,2018,89393.8244248812
IMN,2019,87127.5517977404
IMN,2020,79513.5330346598
IMN,2021,94299.969348965
IND,2011,1445.46127486037
IND,2012,1429.32199520032
IND,2013,1432.84397512195
IND,2014,1553.88396075118
IND,2015,1583.99815907985
IND,2016,1707.50892912243
IND,2017,1950.10468280866
IND,2018,1966.25455171679
IND,2019,2041.42863698585
IND,2020,1907.04251637669
IND,2021,2239.61384367482
IRL,2011,52692.7813135606
IRL,2012,49411.7387476787
IRL,2013,52619.2123745817
IRL,2014,57278.2590911107
IRL,2015,64311.8234684057
IRL,2016,64292.659966313
IRL,2017,72499.3268743015
IRL,2018,81248.3135388
IRL,2019,82508.4659883582
IRL,2020,87567.1148972037
IRL,2021,105561.137468992
IRN,2011,8025.68743364356
IRN,2012,8114.08099831877
IRN,2013,6222.74194840326
IRN,2014,5672.06372896319
IRN,2015,4952.73355532178
IRN,2016,5477.03712389913
IRN,2017,5753.11544659399
IRN,2018,4631.78709016514
IRN,2019,3831.27894763337
IRN,2020,2988.78122414716
IRN,2021,4334.79268631354
IRQ,2011,5775.54229080293
IRQ,2012,6477.59618450955
IRQ,2013,6650.35282247395
IRQ,2014,6249.39226978969
IRQ,2015,4440.14189252367
IRQ,2016,4334.42096404188
IRQ,2017,4759.2846435467
IRQ,2018,5646.68932074742
IRQ,2019,5671.8568632942
IRQ,2020,4295.18945121228
IRQ,2021,4868.49431080783
ISL,2011,47714.5922308485
ISL,2012,45995.5478789467
ISL,2013,49804.9829978371
ISL,2014,54576.7448146565
ISL,2015,52951.6815110898
ISL,2016,61987.9263620283
ISL,2017,72010.1490316258
ISL,2018,74452.1890731447
ISL,2019,68452.23622306
ISL,2020,59023.5663465778
ISL,2021,69325.9078287926
ISR,2011,34433.822610733
ISR,2012,33236.5731239421
ISR,2013,36929.6042163752
ISR,2014,38230.4954049785
ISR,2015,36123.9907881129
ISR,2016,37556.6272863143
ISR,2017,40997.9110240274
ISR,2018,42233.2610344935
ISR,2019,44140.8289372511
ISR,2020,44679.7715799755
ISR,2021,52255.6159050999
ITA,2011,38851.3881339353
ITA,2012,35235.7989058242
ITA,2013,35747.707952689
ITA,2014,35750.7197500382
ITA,2015,30387.1293187854
ITA,2016,31126.3246947273
ITA,2017,32554.14668453
ITA,2018,34746.3441392416
ITA,2019,33812.788724868
ITA,2020,32091.4866621366
ITA,2021,36852.5425414951
JAM,2011,5232.63644918132
JAM,2012,5340.83333232158
JAM,2013,5124.21301411137
JAM,2014,4975.11326954633
JAM,2015,5062.89556466908
JAM,2016,5009.79450059092
JAM,2017,5259.31334136812
JAM,2018,5578.10346083169
JAM,2019,5607.24300668501
JAM,2020,4879.44024631319
JAM,2021,5165.33780988607
JOR,2011,3946.85503855525
JOR,2012,4169.50470054618
JOR,2013,4311.21916713038
JOR,2014,4191.18050084986
JOR,2015,4042.75678097555
JOR,2016,3986.71677010853
JOR,2017,4065.61628749384
JOR,2018,4145.43989673265
JOR,2019,4170.1144003465
JOR,2020,4022.0401356135
JOR,2021,4183.49998326866
JPN,2011,48760.0789494211
JPN,2012,49145.2804308193
JPN,2013,40898.6478964744
JPN,2014,38475.3952461838
JPN,2015,34960.6393843385
JPN,2016,39375.4731620781
JPN,2017,38834.0529341227
JPN,2018,39751.1330982711
JPN,2019,40415.9567649547
JPN,2020,40040.7655055923
JPN,2021,40058.5373276179
KAZ,2011,11287.1464926039
KAZ,2012,12018.7966527993
KAZ,2013,13478.459627612
KAZ,2014,12427.7094576939
KAZ,2015,10196.1226255982
KAZ,2016,7475.56688689424
KAZ,2017,8943.08416791984
KAZ,2018,9472.48527327758
KAZ,2019,9457.12614657136
KAZ,2020,8781.50797787648
KAZ,2021,9983.60103576902
KEN,2011,1096.14499807675
KEN,2012,1285.00536171512
KEN,2013,1370.87885214659
KEN,2014,1482.81566253497
KEN,2015,1489.11959777284
KEN,2016,1554.12610314423
KEN,2017,1667.48447230835
KEN,2018,1836.45275528993
KEN,2019,1960.40808854893
KEN,2020,1927.66459027849
KEN,2021,2061.35622089594
KGZ,2011,1117.40184423062
KGZ,2012,1168.62244675446
KGZ,2013,1269.66303464348
KGZ,2014,1264.52679529608
KGZ,2015,1105.65202996955
KGZ,2016,1103.27498361324
KGZ,2017,1221.39056490366
KGZ,2018,1283.52040333083
KGZ,2019,1421.99927504102
KGZ,2020,1229.51775742135
KGZ,2021,1349.99730650542
KHM,2011,1088.98152823081
KHM,2012,1192.80263041673
KHM,2013,1305.6600972686
KHM,2014,1431.56396469993
KHM,2015,1547.32010444393
KHM,2016,1675.19555711109
KHM,2017,1826.35391688754
KHM,2018,2036.67377566578
KHM,2019,2225.87705485686
KHM,2020,2081.73914242939
KHM,2021,2167.40324198499
KIR,2011,1771.12894481248
KIR,2012,1843.55346948038
KIR,2013,1772.08706898092
KIR,2014,1736.7053011433
KIR,2015,1639.85274301496
KIR,2016,1742.66812442095
KIR,2017,1853.0511299437
KIR,2018,1912.73798131035
KIR,2019,1750.99750920482
KIR,2020,1769.43211760217
KIR,2021,2253.82500103057
KNA,2011,17832.4572919975
KNA,2012,17532.0559008608
KNA,2013,18580.1301949935
KNA,2014,20219.3954237956
KNA,2015,20328.8003530109
KNA,2016,21387.5415511103
KNA,2017,22464.9899633959
KNA,2018,22901.3816403197
KNA,2019,23595.4923231291
KNA,2020,18859.0190361046
KNA,2021,18361.1449697886
KOR,2011,25097.595426845
KOR,2012,25459.1689000965
KOR,2013,27179.5170146052
KOR,2014,29252.9312377352
KOR,2015,28737.4391706499
KOR,2016,29280.4403170048
KOR,2017,31600.7358741365
KOR,2018,33447.1562836166
KOR,2019,31902.4169048194
KOR,2020,31721.2989141857
KOR,2021,35125.5224984723
KWT,2011,49169.6063983139
KWT,2012,52155.2225460479
KWT,2013,49651.0439709448
KWT,2014,44368.781373043
KWT,2015,29882.2126867068
KWT,2016,27323.6890643847
KWT,2017,29047.6535822842
KWT,2018,32067.9623689512
KWT,2019,31707.8737464917
KWT,2020,25236.0755520534
KWT,2021,34043.542153557
LAO,2011,1361.54704394913
LAO,2012,1563.5650771337
LAO,2013,1812.51774424651
LAO,2014,1981.03910900473
LAO,2015,2121.01339097363
LAO,2016,2303.22156035363
LAO,2017,2432.43059478511
LAO,2018,2545.1075420815
LAO,2019,2589.32081035237
LAO,2020,2583.77730696131
LAO,2021,2526.05105018529
LBN,2011,7834.96257108993
LBN,2012,8406.98405608118
LBN,2013,8162.37929361396
LBN,2014,7577.6413302369
LBN,2015,7714.1099998804
LBN,2016,8089.012088155
LBN,2017,8608.21084982387
LBN,2018,9174.53666204759
LBN,2019,8905.88005497437
LBN,2020,5561.19166950397
LBN,2021,4045.37391066234
LBR,2011,568.087865520004
LBR,2012,638.368751462083
LBR,2013,710.744570927863
LBR,2014,706.714490064507
LBR,2015,692.590082351257
LBR,2016,714.613063145659
LBR,2017,699.269095727404
LBR,2018,692.203127129794
LBR,2019,658.164180770507
LBR,2020,616.787867006715
LBR,2021,667.96610514319
LBY,2011,7593.8391525702
LBY,2012,14975.8902795144
LBY,2013,11951.7134126011
LBY,2014,8926.42074591474
LBY,2015,7458.48917756374
LBY,2016,7525.80299308216
LBY,2017,9965.83236729757
LBY,2018,11196.5854810844
LBY,2019,9963.19489084483
LBY,2020,6650.33810585348
LBY,2021,4935.82787349801
LCA,2011,9128.99442011613
LCA,2012,9260.30006551714
LCA,2013,9576.23463377087
LCA,2014,10044.8218377677
LCA,2015,10334.9225558425
LCA,2016,10638.1901982143
LCA,2017,11333.1963940441
LCA,2018,11642.7403185172
LCA,2019,11794.2056521711
LCA,2020,8411.19941821204
LCA,2021,10459.1321248092
LIE,2011,158066.369379163
LIE,2012,148842.035144342
LIE,2013,172823.607794648
LIE,2014,178735.153020908
LIE,2015,167187.15730982
LIE,2016,165375.491396259
LIE,2017,170547.092298954
LIE,2018,174988.775083446
LIE,2019,166907.839305016
LIE,2020,164671.093553454
LIE,2021,196783.729414593
LKA,2011,3224.95736331928
LKA,2012,3327.77612404326
LKA,2013,3740.61589348326
LKA,2014,3971.91913148166
LKA,2015,4060.13139670248
LKA,2016,4149.76105454457
LKA,2017,4401.05567045499
LKA,2018,4360.58473469252
LKA,2019,4082.69404871533
LKA,2020,3846.17449566736
LKA,2021,3999.33764677637
LSO,2011,1280.73390931581
LSO,2012,1217.93071228944
LSO,2013,1151.03735837227
LSO,2014,1173.5377928819
LSO,2015,1121.19851342518
LSO,2016,992.491840678465
LSO,2017,1069.36673247542
LSO,2018,1170.65569702819
LSO,2019,1082.05706777516
LSO,2020,918.582577421982
LSO,2021,1066.58645143823
LTU,2011,14261.8433787325
LTU,2012,14294.7178607152
LTU,2013,15655.3513307327
LTU,2014,16473.5678231709
LTU,2015,14300.2553666736
LTU,2016,14981.6208126311
LTU,2017,16884.7100319318
LTU,2018,19368.5391045353
LTU,2019,19727.7607453736
LTU,2020,20541.824988603
LTU,2021,23934.728489916
LUX,2011,119025.057203467
LUX,2012,112584.676270958
LUX,2013,120000.140729859
LUX,2014,123678.702143275
LUX,2015,105462.012584423
LUX,2016,106899.293549552
LUX,2017,110193.213797228
LUX,2018,116786.511654677
LUX,2019,112726.439672814
LUX,2020,116905.370396853
LUX,2021,133711.794435985
LVA,2011,12902.574053337
LVA,2012,13329.3499931271
LVA,2013,14484.4715282132
LVA,2014,15185.814581236
LVA,2015,13321.9753140616
LVA,2016,13838.5266823272
LVA,2017,15132.4958333982
LVA,2018,17252.1710428626
LVA,2019,17294.9751600969
LVA,2020,17564.2321549354
LVA,2021,20262.8433862451
MAC,2011,67041.2823092952
MAC,2012,76051.6312325843
MAC,2013,87069.767003344
MAC,2014,88310.8119567344
MAC,2015,70070.2918001631
MAC,2016,69074.0363049212
MAC,2017,77704.9215312666
MAC,2018,83761.8171798142
MAC,2019,81967.699172769
MAC,2020,36976.2561071429
MAC,2021,45376.314586156
MAF,2011,20930.5821177758
MAF,2012,
MAF,2013,
MAF,2014,20638.7705882379
MAF,2015,
MAF,2016,
MAF,2017,
MAF,2018,
MAF,2019,19033.0649634889
MAF,2020,
MAF,2021,21668.3776525323
MAR,2011,3301.98876953125
MAR,2012,3164.17724609375
MAR,2013,3379.7431640625
MAR,2014,3435.40698242188
MAR,2015,3146.24780273438
MAR,2016,3140.85546875
MAR,2017,3296.52661132813
MAR,2018,3501.69799804688
MAR,2019,3508.09765625
MAR,2020,3268.0302734375
MAR,2021,3785.93627929688
MCO,2011,179363.984221513
MCO,2012,165444.651378771
MCO,2013,184940.663804718
MCO,2014,195693.570738894
MCO,2015,170437.101188261
MCO,2016,173604.753555915
MCO,2017,170663.375247872
MCO,2018,188298.315668437
MCO,2019,193746.785647412
MCO,2020,176891.886538492
MCO,2021,223823.363960226
MDA,2011,2941.36224066021
MDA,2012,3044.8084324815
MDA,2013,3321.04397795719
MDA,2014,3289.95758568777
MDA,2015,2749.55137054338
MDA,2016,2847.08794770479
MDA,2017,3453.26727720294
MDA,2018,4156.44981956646
MDA,2019,4405.33418162155
MDA,2020,4375.7788930524
MDA,2021,5274.60582195352
MDG,2011,506.163691559309
MDG,2012,493.511162904211
MDG,2013,515.301589361832
MDG,2014,505.684922503435
MDG,2015,445.320069480568
MDG,2016,453.970714522463
MDG,2017,491.866848718929
MDG,2018,500.45718552916
MDG,2019,499.818837622534
MDG,2020,450.771615201509
MDG,2021,490.206238571448
MDV,2011,7424.520410971
MDV,2012,7461.29703686309
MDV,2013,8236.08177944126
MDV,2014,8939.07416571472
MDV,2015,9644.90655028145
MDV,2016,9947.80744731739
MDV,2017,10509.628805812
MDV,2018,11423.2838427029
MDV,2019,11740.2724029785
MDV,2020,7393.8886543933
MDV,2021,10176.143882547
MEX,2011,10664.4944032313
MEX,2012,10744.1335242686
MEX,2013,11216.8008505428
MEX,2014,11391.3773497683
MEX,2015,10021.2386118827
MEX,2016,9097.92397674769
MEX,2017,9649.27816772402
MEX,2018,10084.7937562021
MEX,2019,10369.5553568761
MEX,2020,8841.27075003163
MEX,2021,10314.0506741437
MHL,2011,3319.39815439151
MHL,2012,3514.26515490383
MHL,2013,3677.90690791421
MHL,2014,3735.23977829545
MHL,2015,3764.34426229508
MHL,2016,4229.80988911945
MHL,2017,4592.83457628576
MHL,2018,4858.12079054875
MHL,2019,5292.33985502306
MHL,2020,5661.96787336674
MHL,2021,6258.61193705127
MKD,2011,5416.86672931659
MKD,2012,5049.8265386157
MKD,2013,5626.26115664893
MKD,2014,5925.38592218015
MKD,2015,5262.68671928674
MKD,2016,5598.48622617967
MKD,2017,5955.2973863451
MKD,2018,6713.98925398989
MKD,2019,6718.85826635458
MKD,2020,6659.59651070776
MKD,2021,7620.80296977508
MLI,2011,789.06272549554
MLI,2012,733.738935290444
MLI,2013,758.475532598732
MLI,2014,797.154510755732
MLI,2015,704.821646439506
MLI,2016,730.85493818079
MLI,2017,775.536492065709
MLI,2018,835.086710561793
MLI,2019,820.197390833912
MLI,2020,804.343956745857
MLI,2021,862.467400106111
MLT,2011,23516.9691249323
MLT,2012,22878.313086001
MLT,2013,25346.5236450477
MLT,2014,27356.6080303021
MLT,2015,25481.8977555627
MLT,2016,26409.6285858968
MLT,2017,30259.3952629768
MLT,2018,33332.1905601302
MLT,2019,32412.2697818499
MLT,2020,31796.8213417258
MLT,2021,38027.3801730893
MMR,2011,1213.62898703376
MMR,2012,1202.6658960055
MMR,2013,1199.09561597055
MMR,2014,1293.00042298704
MMR,2015,1166.73305546288
MMR,2016,1229.19713515893
MMR,2017,1272.82241830603
MMR,2018,1298.21310320785
MMR,2019,1425.98954211903
MMR,2020,1490.21683548367
MMR,2021,1242.72134419599
MNE,2011,7328.78943085498
MNE,2012,6586.39970256684
MNE,2013,7188.86361611271
MNE,2014,7387.87296917548
MNE,2015,6517.19267514764
MNE,2016,7033.43962398373
MNE,2017,7803.35824465203
MNE,2018,8850.3749248372
MNE,2019,8909.6538759126
MNE,2020,7677.37132106817
MNE,2021,9465.96153027794
MNG,2011,3736.04201455077
MNG,2012,4328.89001905655
MNG,2013,4340.14310544449
MNG,2014,4126.23975800524
MNG,2015,3838.92126989984
MNG,2016,3619.90026383792
MNG,2017,3645.96708669551
MNG,2018,4107.64288528468
MNG,2019,4347.54610314873
MNG,2020,4001.25193077703
MNG,2021,4517.61578018785
MNP,2011,13598.7166094613
MNP,2012,14013.6003306158
MNP,2013,14632.8518897608
MNP,2014,15945.417608954
MNP,2015,17665.1007493109
MNP,2016,24225.474169342
MNP,2017,31225.6049960968
MNP,2018,26509.3628379893
MNP,2019,24496.6652122421
MNP,2020,18220.8382427201
MNP,2021,19455.50139424
MOZ,2011,618.17649286789
MOZ,2012,685.685748199513
MOZ,2013,686.505672517351
MOZ,2014,697.142680444123
MOZ,2015,610.563774706589
MOZ,2016,441.489734819071
MOZ,2017,470.93856305196
MOZ,2018,517.507260258101
MOZ,2019,519.09255091362
MOZ,2020,462.433876479921
MOZ,2021,509.907829475551
MRT,2011,1931.19975525465
MRT,2012,1859.11733247641
MRT,2013,1934.24103064714
MRT,2014,1713.00865264234
MRT,2015,1554.94897871782
MRT,2016,1565.76575722696
MRT,2017,1615.00401327323
MRT,2018,1722.93528854073
MRT,2019,1767.072710621
MRT,2020,1795.76459566714
MRT,2021,1947.78918383313
MUS,2011,9197.04299089459
MUS,2012,9291.23627601053
MUS,2013,9764.64413060045
MUS,2014,10366.3550754936
MUS,2015,9507.87133656424
MUS,2016,9965.72531085228
MUS,2017,10841.6847754844
MUS,2018,11643.4605962124
MUS,2019,11403.2527870674
MUS,2020,9011.04288445023
MUS,2021,9068.97300226707
MWI,2011,763.061000394572
MWI,2012,558.46208832772
MWI,2013,496.947368267313
MWI,2014,529.5133440206
MWI,2015,539.605363240686
MWI,2016,450.506105510719
MWI,2017,495.769683367165
MWI,2018,533.203173686705
MWI,2019,580.889816066776
MWI,2020,602.507478176106
MWI,2021,617.447520802454
MYS,2011,10217.1068585031
MYS,2012,10600.5744240026
MYS,2013,10713.6407638899
MYS,2014,11013.3107334403
MYS,2015,9648.6797937523
MYS,2016,9476.53409809923
MYS,2017,9862.54806612235
MYS,2018,10901.8019954421
MYS,2019,10920.191763972
MYS,2020,9957.52626697613
MYS,2021,10903.1116425938
NAM,2011,5834.7917675794
NAM,2012,5942.64680978673
NAM,2013,5346.62131149967
NAM,2014,5378.32326241205
NAM,2015,4774.10650865775
NAM,2016,4395.68776162376
NAM,2017,5143.96072323076
NAM,2018,5308.60813408705
NAM,2019,4731.9210318831
NAM,2020,3878.58982993966
NAM,2021,4412.8355693052
NCL,2011,38835.9401851385
NCL,2012,35559.5672006157
NCL,2013,36671.1566752621
NCL,2014,37816.9558599295
NCL,2015,30858.7237060533
NCL,2016,30782.8544433514
NCL,2017,32354.7102832901
NCL,2018,34902.8968780031
NCL,2019,33411.3358835672
NCL,2020,33270.330597637
NCL,2021,35311.5543551452
NER,2011,510.75956176268
NER,2012,528.510104469655
NER,2013,552.103334363117
NER,2014,565.30989731175
NER,2015,485.662574175279
NER,2016,502.706475406446
NER,2017,521.804130023434
NER,2018,578.568035680892
NER,2019,561.691304349698
NER,2020,579.512495758236
NER,2021,608.722439593808
NGA,2011,2418.41316975875
NGA,2012,2633.19734671361
NGA,2013,2872.79083379398
NGA,2014,3088.72131316169
NGA,2015,2585.73360671797
NGA,2016,2070.4127339595
NGA,2017,1876.34027111773
NGA,2018,2057.87944554011
NGA,2019,2265.15520863056
NGA,2020,2019.65706326224
NGA,2021,2017.27486481527
NIC,2011,1679.71034177231
NIC,2012,1784.69212752824
NIC,2013,1835.43436443315
NIC,2014,1958.36966453366
NIC,2015,2074.45446460028
NIC,2016,2131.68828465802
NIC,2017,2182.61875100395
NIC,2018,2035.16750115975
NIC,2019,1958.62132892996
NIC,2020,1931.61515811642
NIC,2021,2128.60980633198
NLD,2011,54701.7728030611
NLD,2012,50473.9442002689
NLD,2013,52602.2860520766
NLD,2014,53457.2234864322
NLD,2015,45793.8135434697
NLD,2016,46808.5291492503
NLD,2017,49513.6817346384
NLD,2018,53955.0770024266
NLD,2019,53554.9007491475
NLD,2020,53467.9277413737
NLD,2021,60141.9880911492
NOR,2011,101221.813476644
NOR,2012,102175.919298374
NOR,2013,103553.840134417
NOR,2014,97666.6951838749
NOR,2015,74809.9658049898
NOR,2016,70867.3609970749
NOR,2017,76131.8384032764
NOR,2018,82792.8427113304
NOR,2019,76430.5889473338
NOR,2020,68340.0181033702
NOR,2021,93072.8925119571
NPL,2011,785.518656222132
NPL,2012,788.202937148377
NPL,2013,803.269595420477
NPL,2014,821.455224911731
NPL,2015,875.543635474862
NPL,2016,877.256454696737
NPL,2017,1034.28374906846
NPL,2018,1179.19843190389
NPL,2019,1203.14294706401
NPL,2020,1154.21517578318
NPL,2021,1252.75076731986
NRU,2011,6480.90451339597
NRU,2012,9817.36872216004
NRU,2013,8974.51886874433
NRU,2014,9193.09784447237
NRU,2015,7703.43149943923
NRU,2016,8724.30700255019
NRU,2017,9613.41209082575
NRU,2018,11408.6947593898
NRU,2019,10776.8284610316
NRU,2020,10695.6993301601
NRU,2021,14989.6647450751
NZL,2011,38388.5280906616
NZL,2012,39974.2997334925
NZL,2013,42977.388040868
NZL,2014,44578.2253868016
NZL,2015,38639.3501941427
NZL,2016,40070.8956577431
NZL,2017,42913.186956185
NZL,2018,43228.6976473771
NZL,2019,42747.2099299966
NZL,2020,41785.6922905898
NZL,2021,49624.1816729553
OMN,2011,25188.0074151885
OMN,2012,24642.2978768596
OMN,2013,23458.0233840053
OMN,2014,23160.6502252547
OMN,2015,18808.3077921839
OMN,2016,17110.1897460545
OMN,2017,17820.0661809335
OMN,2018,19901.7615642016
OMN,2019,19180.1864152801
OMN,2020,16784.8630630058
OMN,2021,19403.4600160211
PAK,2011,1131.73513834324
PAK,2012,1204.36475491585
PAK,2013,1225.4340119198
PAK,2014,1266.61340849959
PAK,2015,1380.47020838317
PAK,2016,1424.69161195897
PAK,2017,1519.23459514248
PAK,2018,1569.33814626355
PAK,2019,1390.41690981745
PAK,2020,1278.39735206896
PAK,2021,1455.31922370186
PAN,2011,9662.29592216607
PAN,2012,11064.8063606203
PAN,2013,12273.3225037637
PAN,2014,13213.1989637473
PAN,2015,14082.6548502728
PAN,2016,14832.3611608191
PAN,2017,15694.6297454295
PAN,2018,16151.3273478476
PAN,2019,16477.9066285687
PAN,2020,13290.5608347594
PAN,2021,15509.8069109784
PER,2011,5861.35793645245
PER,2012,6519.37852981527
PER,2013,6746.80025696601
PER,2014,6667.13410360861
PER,2015,6231.71150338894
PER,2016,6217.03599995447
PER,2017,6736.16693725487
PER,2018,6978.49121548627
PER,2019,7037.00803692604
PER,2020,6133.32552410183
PER,2021,6826.9720069846
PHL,2011,2383.91892526787
PHL,2012,2614.61644410764
PHL,2013,2781.27957670473
PHL,2014,2866.83803767919
PHL,2015,2909.85818014474
PHL,2016,2985.19564020101
PHL,2017,3038.12124955619
PHL,2018,3168.51036606257
PHL,2019,3400.78949772302
PHL,2020,3227.57910235199
PHL,2021,3484.38593882819
PLW,2011,11000.879522071
PLW,2012,12145.3644807205
PLW,2013,12768.9097206482
PLW,2014,13726.0222622072
PLW,2015,15690.7586522228
PLW,2016,16762.5723436534
PLW,2017,16034.1342914889
PLW,2018,16197.7254546986
PLW,2019,15841.1935329812
PLW,2020,14556.5896891862
PLW,2021,13257.2066721026
PNG,2011,2288.37591141234
PNG,2012,2635.0873631547
PNG,2013,2560.77458976327
PNG,2014,2723.17529825196
PNG,2015,2484.5963398603
PNG,2016,2316.39479758492
PNG,2017,2477.76530986323
PNG,2018,2566.36833735041
PNG,2019,2575.77274251891
PNG,2020,2429.61134586681
PNG,2021,2607.57861884395
POL,2011,13867.6669408192
POL,2012,13087.420943321
POL,2013,13621.9023794031
POL,2014,14262.2841914116
POL,2015,12637.5220324406
POL,2016,12464.0110508476
POL,2017,13913.3402919927
POL,2018,15658.2120316794
POL,2019,15874.5220531254
POL,2020,15987.5753654045
POL,2021,18635.5104895754
PRI,2011,27278.8830499205
PRI,2012,27944.7338937424
PRI,2013,28513.1657351067
PRI,2014,28981.4573305866
PRI,2015,29763.4883013861
PRI,2016,30627.1634017011
PRI,2017,31108.7527508912
PRI,2018,31615.0667918433
PRI,2019,32916.866800639
PRI,2020,31427.4291136799
PRI,2021,32619.250416757
PRK,2011,
PRK,2012,
PRK,2013,
PRK,2014,
PRK,2015,
PRK,2016,
PRK,2017,
PRK,2018,
PRK,2019,
PRK,2020,
PRK,2021,
PRT,2011,23246.5425416481
PRT,2012,20593.4274224109
PRT,2013,21676.4859642714
PRT,2014,22120.6850127107
PRT,2015,19215.7813014347
PRT,2016,19980.2808866516
PRT,2017,21442.3842768879
PRT,2018,23541.1401075289
PRT,2019,23343.3628970034
PRT,2020,22299.4044062173
PRT,2021,24711.4510062111
PRY,2011,5805.40154543044
PRY,2012,5642.1699167298
PRY,2013,6435.68342733182
PRY,2014,6652.25478942291
PRY,2015,5879.33792308671
PRY,2016,5775.1596339946
PRY,2017,6152.26711537703
PRY,2018,6258.44991640954
PRY,2019,5821.18199548637
PRY,2020,5365.47220721191
PRY,2021,5976.9317978996
PSE,2011,2880.79843707909
PSE,2012,3067.43872735614
PSE,2013,3315.29753909282
PSE,2014,3352.11259506043
PSE,2015,3272.15432360708
PSE,2016,3527.61382413178
PSE,2017,3620.36048715937
PSE,2018,3562.33094270256
PSE,2019,3656.85827137011
PSE,2020,3233.56863835858
PSE,2021,3678.63565662194
PYF,2011,22831.5185348524
PYF,2012,20846.5457478364
PYF,2013,21955.6329264095
PYF,2014,22258.6321384251
PYF,2015,19166.9594761931
PYF,2016,19690.0775734589
PYF,2017,20826.9312492172
PYF,2018,21925.616043938
PYF,2019,21582.5892046801
PYF,2020,20746.2720428286
PYF,2021,21982.9038942614
QAT,2011,103261.506539346
QAT,2012,108470.378825036
QAT,2013,103697.008372373
QAT,2014,95840.6310094498
QAT,2015,68985.2946961507
QAT,2016,61253.6375482797
QAT,2017,63279.8556949332
QAT,2018,71039.8490579352
QAT,2019,66841.3013472693
QAT,2020,51683.5054353851
QAT,2021,71751.8831234838
ROU,2011,9560.6755277458
ROU,2012,8929.95366231474
ROU,2013,9497.67411615237
ROU,2014,10031.7710755404
ROU,2015,8977.01748158196
ROU,2016,9404.54005870715
ROU,2017,10727.9822007426
ROU,2018,12502.2624061935
ROU,2019,12992.0326104674
ROU,2020,13082.3006559554
ROU,2021,14986.7854904274
RUS,2011,14305.33203125
RUS,2012,15401.8515625
RUS,2013,15941.4482421875
RUS,2014,14055.47265625
RUS,2015,9277.7138671875
RUS,2016,8663.158203125
RUS,2017,10658.9130859375
RUS,2018,11211.8876953125
RUS,2019,11447.701171875
RUS,2020,10108.3271484375
RUS,2021,12521.5224609375
RWA,2011,651.133677964662
RWA,2012,706.817317494399
RWA,2013,704.924190167572
RWA,2014,724.957521209377
RWA,2015,733.998585018273
RWA,2016,729.519154199595
RWA,2017,758.301002985965
RWA,2018,771.773521962568
RWA,2019,810.051420243718
RWA,2020,778.701538550324
RWA,2021,828.833032800998
SAU,2011,26966.2941648251
SAU,2012,28348.5730107499
SAU,2013,27290.1978052614
SAU,2014,27079.6733871148
SAU,2015,22453.571552265
SAU,2016,21515.6600083775
SAU,2017,23081.2045336558
SAU,2018,28036.0264674095
SAU,2019,27892.8421521179
SAU,2020,23271.4037647084
SAU,2021,28396.0864182336
SDN,2011,1332.6572265625
SDN,2012,1019.22210693359
SDN,2013,1138.62780761719
SDN,2014,1275.43835449219
SDN,2015,1292.37963867188
SDN,2016,1033.21594238281
SDN,2017,966.505676269531
SDN,2018,731.027465820313
SDN,2019,709.975280761719
SDN,2020,577.795227050781
SDN,2021,712.122009277344
SEN,2011,1374.67591873844
SEN,2012,1326.83798848379
SEN,2013,1379.83196553924
SEN,2014,1398.89137601382
SEN,2015,1218.00613555438
SEN,2016,1266.43957151587
SEN,2017,1356.80518449031
SEN,2018,1452.55612562445
SEN,2019,1431.18128932159
SEN,2020,1461.08720350553
SEN,2021,1598.10676952274
SGP,2011,53891.4570264372
SGP,2012,55547.5553077786
SGP,2013,56967.4257940383
SGP,2014,57564.8023114977
SGP,2015,55645.6068614606
SGP,2016,56899.9181805173
SGP,2017,61162.0973932771
SGP,2018,66840.6373389791
SGP,2019,66081.7199235165
SGP,2020,61466.803676358
SGP,2021,79601.4129622433
SLB,2011,1924.05277323978
SLB,2012,2066.25352289833
SLB,2013,2161.39573596215
SLB,2014,2164.9442392168
SLB,2015,2045.47889485251
SLB,2016,2082.62989047871
SLB,2017,2143.57465243959
SLB,2018,2278.20633913383
SLB,2019,2223.66502559565
SLB,2020,2063.33101522108
SLB,2021,1996.86976779348
SLE,2011,718.161680687537
SLE,2012,904.840762004552
SLE,2013,1146.4163912665
SLE,2014,1140.92742266148
SLE,2015,945.148168480629
SLE,2016,838.631615328371
SLE,2017,788.486867334833
SLE,2018,845.914540460932
SLE,2019,843.71251730417
SLE,2020,845.313836261458
SLE,2021,885.184270659578
SLV,2011,3330.60049486653
SLV,2012,3497.91256915509
SLV,2013,3582.26694005169
SLV,2014,3666.01248913873
SLV,2015,3790.34089108162
SLV,2016,3901.34014965811
SLV,2017,4020.12671373919
SLV,2018,4183.54620971358
SLV,2019,4320.11671534627
SLV,2020,3997.19279583709
SLV,2021,4642.60743101342
SMR,2011,55601.3929703047
SMR,2012,47945.8991734281
SMR,2013,50807.8289138024
SMR,2014,51260.4938347125
SMR,2015,43146.8240435428
SMR,2016,44359.4797662688
SMR,2017,45192.0279766943
SMR,2018,47950.6880557136
SMR,2019,46627.0122356944
SMR,2020,44426.6463400658
SMR,2021,54168.9828262684
SOM,2011,235.325945610434
SOM,2012,350.261946720969
SOM,2013,393.398704973003
SOM,2014,429.431656017709
SOM,2015,445.583078625015
SOM,2016,460.928491979039
SOM,2017,510.939952988052
SOM,2018,509.525802439801
SOM,2019,539.893931565468
SOM,2020,518.184778494176
SOM,2021,549.114743546859
SRB,2011,7082.2861666075
SRB,2012,6263.04086072815
SRB,2013,7040.41812068781
SRB,2014,6886.67809068704
SRB,2015,5820.3215576888
SRB,2016,5982.37030126471
SRB,2017,6548.03653824187
SRB,2018,7559.86165747394
SRB,2019,7755.632986437
SRB,2020,8098.70955668849
SRB,2021,9680.52798074468
SSD,2011,1448.98435006408
SSD,2012,1109.26050083408
SSD,2013,1650.18943353528
SSD,2014,1242.73450181032
SSD,2015,1080.14718624765
SSD,2016,
SSD,2017,
SSD,2018,
SSD,2019,
SSD,2020,
SSD,2021,
STP,2011,1219.80189089671
STP,2012,1210.79264672325
STP,2013,1382.5757842916
STP,2014,1489.67633417608
STP,2015,1298.10946596396
STP,2016,1434.87018050521
STP,2017,1555.79477812888
STP,2018,1825.59971753966
STP,2019,1935.2931816596
STP,2020,2167.22001796925
STP,2021,2362.58827248102
SUR,2011,7949.88867218383
SUR,2012,8851.24050668908
SUR,2013,9043.19281529222
SUR,2014,9108.18905406764
SUR,2015,8813.61705392067
SUR,2016,5644.2061057532
SUR,2017,6049.52128553675
SUR,2018,6665.74180472239
SUR,2019,6629.66775248603
SUR,2020,4755.39221710693
SUR,2021,5029.84838543953
SVK,2011,18469.4354316836
SVK,2012,17516.9691054078
SVK,2013,18312.7805149823
SVK,2014,18770.9289896545
SVK,2015,16442.0760860018
SVK,2016,16636.0769133073
SVK,2017,17645.5298716761
SVK,2018,19573.3717031314
SVK,2019,19406.0589683582
SVK,2020,19735.4858280801
SVK,2021,22138.1949833348
SVN,2011,24940.6284841605
SVN,2012,22442.1417859955
SVN,2013,23236.9655321695
SVN,2014,24013.0682060959
SVN,2015,20697.2748530619
SVN,2016,21447.8377796036
SVN,2017,23303.077705959
SVN,2018,25888.0481065655
SVN,2019,25814.1687167572
SVN,2020,25392.0651093612
SVN,2021,29187.369382785
SWE,2011,60379.7748160321
SWE,2012,57749.8251328664
SWE,2013,60844.2767113975
SWE,2014,59583.7140001673
SWE,2015,51197.9529341175
SWE,2016,51820.3972482676
SWE,2017,53300.8587281785
SWE,2018,54181.9069780904
SWE,2019,51773.0464558993
SWE,2020,52653.7565934247
SWE,2021,61174.9680215622
SWZ,2011,4312.34243414155
SWZ,2012,4347.99569336631
SWZ,2013,3910.0639762073
SWZ,2014,3740.69277623691
SWZ,2015,3393.53367834668
SWZ,2016,3223.92004062357
SWZ,2017,3831.42595273032
SWZ,2018,3986.10557163026
SWZ,2019,3894.32951592818
SWZ,2020,3442.3216527415
SWZ,2021,3926.48687364215
SXM,2011,27317.5178881974
SXM,2012,28149.0997855041
SXM,2013,28529.7324687053
SXM,2014,37134.912423099
SXM,2015,37839.6283815163
SXM,2016,37308.6147795736
SXM,2017,34701.3058494468
SXM,2018,31708.3110124742
SXM,2019,34861.469528968
SXM,2020,30150.8998380477
SXM,2021,32548.4366854902
SYC,2011,12110.0937461973
SYC,2012,12337.1554669388
SYC,2013,14821.2921476077
SYC,2014,15188.1902175113
SYC,2015,15333.1051727105
SYC,2016,16566.9946042294
SYC,2017,17480.3651911372
SYC,2018,18440.2340460932
SYC,2019,19141.5118743615
SYC,2020,14041.4754074575
SYC,2021,14982.9111487767
SYR,2011,2952.14349372257
SYR,2012,1897.66115018696
SYR,2013,985.892669227054
SYR,2014,1060.59105886854
SYR,2015,847.731631942565
SYR,2016,656.3490586313
SYR,2017,851.502005254153
SYR,2018,1098.0668642357
SYR,2019,1109.53926036049
SYR,2020,572.355289831901
SYR,2021,663.614245706815
TCA,2011,23626.7133501913
TCA,2012,22633.9527500233
TCA,2013,22412.2069354887
TCA,2014,23996.2910128388
TCA,2015,25736.101625461
TCA,2016,26946.4178520162
TCA,2017,25779.6122366146
TCA,2018,27160.1579568902
TCA,2019,27273.4376992357
TCA,2020,17452.6578046047
TCA,2021,23114.7902123091
TCD,2011,954.316872911808
TCD,2012,936.141444963822
TCD,2013,946.129583097771
TCD,2014,982.527563074226
TCD,2015,747.588448455507
TCD,2016,668.078636142918
TCD,2017,640.117048532702
TCD,2018,695.642393675941
TCD,2019,678.142035723965
TCD,2020,622.095543396442
TCD,2021,660.747192555507
TGO,2011,783.989380490906
TGO,2012,762.392047587088
TGO,2013,826.543259457126
TGO,2014,855.585284856656
TGO,2015,751.052405084336
TGO,2016,772.581787093976
TGO,2017,792.765487219069
TGO,2018,851.130806891807
TGO,2019,826.260654099894
TGO,2020,853.578220263722
TGO,2021,939.613373786407
THA,2011,5373.6232832898
THA,2012,5725.52802835463
THA,2013,6018.08244729255
THA,2014,5801.1978916205
THA,2015,5688.85335397884
THA,2016,5833.57715617098
THA,2017,6413.09182530343
THA,2018,7099.77650081458
THA,2019,7605.69657797759
THA,2020,6985.64393892574
THA,2021,7058.0694998852
TJK,2011,833.601978202852
TJK,2012,952.452819695469
TJK,2013,1028.19704279396
TJK,2014,1081.54402932039
TJK,2015,956.916310930656
TJK,2016,788.710481734485
TJK,2017,829.45714764957
TJK,2018,834.288404578801
TJK,2019,871.022372934846
TJK,2020,834.311715460625
TJK,2021,896.748053372182
TKM,2011,5143.61929334647
TKM,2012,6053.8748468749
TKM,2013,6599.64529055481
TKM,2014,7164.14536184006
TKM,2015,5759.497903834
TKM,2016,5686.98040962764
TKM,2017,5828.4816623489
TKM,2018,6125.05169712085
TKM,2019,6648.0348960628
TKM,2020,6592.60146027748
TKM,2021,7051.20211079213
TLS,2011,939.045241112693
TLS,2012,1022.61903188429
TLS,2013,1204.56841532931
TLS,2014,1224.74957758801
TLS,2015,1319.59297370991
TLS,2016,1335.54390089814
TLS,2017,1266.17767952941
TLS,2018,1219.46598597604
TLS,2019,1562.36458881813
TLS,2020,1630.86935439232
TLS,2021,2684.82704373402
TON,2011,3849.99370811237
TON,2012,4384.17058321549
TON,2013,4219.24659467526
TON,2014,4136.59013792529
TON,2015,4123.90323993332
TON,2016,3987.98626206287
TON,2017,4365.92932788383
TON,2018,4638.89774268789
TON,2019,4676.84790348236
TON,2020,4700.44932800575
TON,2021,4912.57950603175
TTO,2011,19151.0870229722
TTO,2012,20472.3574298508
TTO,2013,21416.3660842916
TTO,2014,22074.4263087858
TTO,2015,20024.754663902
TTO,2016,17521.8007525013
TTO,2017,17720.4972365332
TTO,2018,18076.3565550233
TTO,2019,17431.0269266696
TTO,2020,15224.5083495616
TTO,2021,17912.5106245714
TUN,2011,4420.64772206537
TUN,2012,4297.26782454273
TUN,2013,4369.79345826358
TUN,2014,4458.97895464547
TUN,2015,4014.94773686432
TUN,2016,3847.80354448809
TUN,2017,3619.03247319953
TUN,2018,3628.10366464236
TUN,2019,3528.87213306798
TUN,2020,3548.65363663803
TUN,2021,3885.28166485296
TUR,2011,11300.7852215681
TUR,2012,11713.2849831139
TUR,2013,12578.1878632
TUR,2014,12165.220135038
TUR,2015,11049.9951100942
TUR,2016,10970.0458948862
TUR,2017,10695.550196231
TUR,2018,9568.83506330228
TUR,2019,9215.44049888114
TUR,2020,8638.73903848102
TUR,2021,9743.21277804855
TUV,2011,3636.08139989792
TUV,2012,3598.46163091053
TUV,2013,3510.21640142483
TUV,2014,3528.85858102782
TUV,2015,3357.83417700071
TUV,2016,3808.69755015909
TUV,2017,4165.66338700106
TUV,2018,4466.12034928245
TUV,2019,5115.13075950206
TUV,2020,4976.11254109571
TUV,2021,5905.08198095343
TZA,2011,775.392761230469
TZA,2012,861.969909667969
TZA,2013,963.05712890625
TZA,2014,1022.74841308594
TZA,2015,939.127319335938
TZA,2016,953.0107421875
TZA,2017,986.674011230469
TZA,2018,1023.10626220703
TZA,2019,1063.32250976563
TZA,2020,1117.41528320313
TZA,2021,1159.85656738281
UGA,2011,835.620060555838
UGA,2012,795.222867553127
UGA,2013,818.285427416713
UGA,2014,896.054795546394
UGA,2015,862.934610355811
UGA,2016,752.696571725656
UGA,2017,765.218332297361
UGA,2018,792.16570022814
UGA,2019,822.057058189153
UGA,2020,845.766463890124
UGA,2021,882.791717542504
UKR,2011,3656.69799804688
UKR,2012,3951.34228515625
UKR,2013,4129.89697265625
UKR,2014,3054.908203125
UKR,2015,2094.47387695313
UKR,2016,2158.46118164063
UKR,2017,2604.28759765625
UKR,2018,3059.0517578125
UKR,2019,3619.86157226563
UKR,2020,3709.76928710938
UKR,2021,4775.94580078125
URY,2011,15132.2675725587
URY,2012,16259.5940814256
URY,2013,18335.2594772322
URY,2014,18322.4276767157
URY,2015,17125.9016800298
URY,2016,17009.7586944503
URY,2017,19184.6626659717
URY,2018,19249.9401532664
URY,2019,18315.7352857194
URY,2020,15789.6857422214
URY,2021,17888.211510172
USA,2011,50065.9789470675
USA,2012,51784.4114692048
USA,2013,53409.7507774372
USA,2014,55304.3155317137
USA,2015,57040.2082136605
USA,2016,58206.6141931844
USA,2017,60322.2614241747
USA,2018,63201.0458483771
USA,2019,65604.6815198734
USA,2020,64411.3731779373
USA,2021,71318.3073592183
UZB,2011,2087.86386135694
UZB,2012,2307.34649117185
UZB,2013,2461.97947403595
UZB,2014,2674.9628382103
UZB,2015,2803.19018021751
UZB,2016,2753.37951427589
UZB,2017,2190.60411562888
UZB,2018,1813.08530813664
UZB,2019,2041.38480729431
UZB,2020,1978.28051860763
UZB,2021,2258.51964119278
VCT,2011,6527.68996854448
VCT,2012,6713.80768643865
VCT,2013,7072.46737188939
VCT,2014,7168.82875342911
VCT,2015,7353.73556054184
VCT,2016,7656.90042881178
VCT,2017,7988.04445019298
VCT,2018,8428.12677153069
VCT,2019,8743.33202133753
VCT,2020,8395.09988902412
VCT,2021,8481.30537359541
VEN,2011,10843.9229703167
VEN,2012,12901.4171582274
VEN,2013,12403.1466957582
VEN,2014,15943.6127197163
VEN,2015,
VEN,2016,
VEN,2017,
VEN,2018,
VEN,2019,
VEN,2020,
VEN,2021,
VGB,2011,
VGB,2012,
VGB,2013,
VGB,2014,
VGB,2015,
VGB,2016,
VGB,2017,
VGB,2018,
VGB,2019,
VGB,2020,
VGB,2021,
VIR,2011,38997.1373164651
VIR,2012,37795.3192590675
VIR,2013,34597.9766940328
VIR,2014,33045.3643795999
VIR,2015,34007.3529411765
VIR,2016,35324.9748874586
VIR,2017,35365.0693039774
VIR,2018,36663.2087550584
VIR,2019,38633.5298915336
VIR,2020,39787.3741650202
VIR,2021,42571.0777368471
VNM,2011,1950.92504174913
VNM,2012,2185.11767654291
VNM,2013,2359.51736472828
VNM,2014,2546.38464459903
VNM,2015,2577.56885340113
VNM,2016,2735.0604380416
VNM,2017,2956.10992127753
VNM,2018,3222.31003125366
VNM,2019,3440.90025375434
VNM,2020,3534.03953482647
VNM,2021,3704.1935590038
VUT,2011,3163.1861645138
VUT,2012,3004.78416664293
VUT,2013,2979.79608084399
VUT,2014,2967.70667006774
VUT,2015,2746.59171880997
VUT,2016,2869.9996909076
VUT,2017,3159.92716050347
VUT,2018,3206.68930842127
VUT,2019,3207.44650452083
VUT,2020,3042.98711598286
VUT,2021,3107.20312858002
WSM,2011,3821.50678264479
WSM,2012,3934.60320799981
WSM,2013,4023.5254013825
WSM,2014,3982.68080202084
WSM,2015,4084.36083819933
WSM,2016,4147.07097674888
WSM,2017,4307.59381964907
WSM,2018,4231.81409469194
WSM,2019,4351.94234943706
WSM,2020,4099.6600907147
WSM,2021,3947.64517905415
XKX,2011,3538.94759838576
XKX,2012,3410.65550749316
XKX,2013,3704.55872781672
XKX,2014,3902.49424360946
XKX,2015,3520.62850699375
XKX,2016,3759.44959067104
XKX,2017,4009.31799347588
XKX,2018,4384.18624084947
XKX,2019,4415.99716107514
XKX,2020,4310.88824737367
XKX,2021,5270.42670206205
YEM,2011,1186.47500581215
YEM,2012,1245.05068272078
YEM,2013,1378.75002954928
YEM,2014,1430.16420964026
YEM,2015,1362.17379435676
YEM,2016,975.359406696353
YEM,2017,811.165963877611
YEM,2018,633.887206000087
YEM,2019,623.376164898164
YEM,2020,559.564672794182
YEM,2021,522.173512705812
ZAF,2011,8646.05571071635
ZAF,2012,8076.97678479741
ZAF,2013,7331.65467384919
ZAF,2014,6856.73137092522
ZAF,2015,6112.27382485974
ZAF,2016,5651.20585165749
ZAF,2017,6618.33508255701
ZAF,2018,6914.1780318076
ZAF,2019,6533.71121032856
ZAF,2020,5580.60383075189
ZAF,2021,6843.39941886204
ZMB,2011,1624.86817763443
ZMB,2012,1710.05061343728
ZMB,2013,1820.71854827391
ZMB,2014,1707.48573136694
ZMB,2015,1295.87788680068
ZMB,2016,1239.08527877713
ZMB,2017,1483.46577328065
ZMB,2018,1463.89997855593
ZMB,2019,1258.98619844462
ZMB,2020,951.644316655957
ZMB,2021,1127.16077872857
