country,year,tertiary_enrolment_pct
ABW,2011,37.1292991638184
ABW,2012,38.0075416564941
ABW,2013,16.9757099151611
ABW,2014,17.7213401794434
ABW,2015,16.781810760498
ABW,2016,17.5637798309326
ABW,2017,
ABW,2018,
ABW,2019,
ABW,2020,
ABW,2021,
AFG,2011,3.75560998916626
AFG,2012,
AFG,2013,
AFG,2014,8.31087017059326
AFG,2015,
AFG,2016,
AFG,2017,
AFG,2018,9.96378993988037
AFG,2019,
AFG,2020,10.8584403991699
AFG,2021,
AGO,2011,6.3326301574707
AGO,2012,
AGO,2013,9.11637020111084
AGO,2014,
AGO,2015,8.68379020690918
AGO,2016,9.66034030914307
AGO,2017,9.65568923950195
AGO,2018,9.35254287719727
AGO,2019,11.0613594055176
AGO,2020,
AGO,2021,
ALB,2011,49.3997001647949
ALB,2012,58.6214218139648
ALB,2013,63.8440589904785
ALB,2014,65.5507125854492
ALB,2015,61.9608497619629
ALB,2016,58.4884796142578
ALB,2017,58.0177803039551
ALB,2018,56.0802993774414
ALB,2019,61.4085083007812
ALB,2020,61.5853004455566
ALB,2021,59.9698715209961
AND,2011,
AND,2012,13.2810401916504
AND,2013,14.7599496841431
AND,2014,13.7001399993896
AND,2015,13.8819599151611
AND,2016,15.1089096069336
AND,2017,15.4369401931763
AND,2018,15.3940296173096
AND,2019,15.0
AND,2020,15.0982704162598
AND,2021,15.204270362854
ARE,2011,
ARE,2012,
ARE,2013,
ARE,2014,
ARE,2015,
ARE,2016,
ARE,2017,
ARE,2018,
ARE,2019,56.5684204101562
ARE,2020,55.7540512084961
ARE,2021,
ARG,2011,77.4296112060547
ARG,2012,78.4559097290039
ARG,2013,78.7686614990234
ARG,2014,81.1694107055664
ARG,2015,83.762580871582
ARG,2016,86.6178817749023
ARG,2017,89.2329406738281
ARG,2018,90.9728317260742
ARG,2019,95.0775527954102
ARG,2020,99.266227722168
ARG,2021,107.130661010742
ARM,2011,47.8231010437012
ARM,2012,41.4842185974121
ARM,2013,41.6240310668945
ARM,2014,44.411018371582
ARM,2015,45.4674301147461
ARM,2016,51.7460098266602
ARM,2017,53.5907592773438
ARM,2018,56.1650505065918
ARM,2019,53.3068199157715
ARM,2020,53.3061294555664
ARM,2021,58.7563095092773
ASM,2011,
ASM,2012,
ASM,2013,
ASM,2014,
ASM,2015,
ASM,2016,
ASM,2017,
ASM,2018,
ASM,2019,
ASM,2020,
ASM,2021,
ATG,2011,15.0042104721069
ATG,2012,24.93044090271
ATG,2013,
ATG,2014,
ATG,2015,
ATG,2016,
ATG,2017,
ATG,2018,
ATG,2019,
ATG,2020,
ATG,2021,
AUS,2011,
AUS,2012,
AUS,2013,
AUS,2014,
AUS,2015,119.679389953613
AUS,2016,119.682777404785
AUS,2017,109.993309020996
AUS,2018,103.322090148926
AUS,2019,109.759559631348
AUS,2020,110.139221191406
AUS,2021,112.688293457031
AUT,2011,77.2625122070312
AUT,2012,79.5471267700195
AUT,2013,80.9616012573242
AUT,2014,81.0195693969727
AUT,2015,82.2563095092773
AUT,2016,82.8496932983398
AUT,2017,83.8392562866211
AUT,2018,85.8698883056641
AUT,2019,86.3234329223633
AUT,2020,88.7071990966797
AUT,2021,93.940071105957
AZE,2011,19.647310256958
AZE,2012,20.4384593963623
AZE,2013,21.4404296875
AZE,2014,23.1597309112549
AZE,2015,25.4832000732422
AZE,2016,27.2368602752686
AZE,2017,28.4670600891113
AZE,2018,28.9724903106689
AZE,2019,32.9221801757812
AZE,2020,36.3854713439941
AZE,2021,39.0096015930176
BDI,2011,
BDI,2012,3.84211850166321
BDI,2013,4.62864255905151
BDI,2014,3.86162900924683
BDI,2015,5.39195775985718
BDI,2016,4.09006786346436
BDI,2017,4.43720865249634
BDI,2018,4.69854831695557
BDI,2019,4.20048999786377
BDI,2020,5.22371053695679
BDI,2021,6.28677225112915
BEL,2011,67.7034072875977
BEL,2012,69.7490615844727
BEL,2013,71.7841110229492
BEL,2014,74.0397262573242
BEL,2015,76.423942565918
BEL,2016,77.2435073852539
BEL,2017,80.7738189697266
BEL,2018,79.1237487792969
BEL,2019,79.3044815063477
BEL,2020,79.4996032714844
BEL,2021,82.6882019042969
BEN,2011,12.2822198867798
BEN,2012,13.3533802032471
BEN,2013,15.3102397918701
BEN,2014,15.196590423584
BEN,2015,12.9073896408081
BEN,2016,12.3617095947266
BEN,2017,11.7388401031494
BEN,2018,12.0070600509644
BEN,2019,10.7973299026489
BEN,2020,10.8024797439575
BEN,2021,10.2315101623535
BFA,2011,3.94350004196167
BFA,2012,4.3672399520874
BFA,2013,4.60237979888916
BFA,2014,4.92263984680176
BFA,2015,4.9262900352478
BFA,2016,5.42630004882812
BFA,2017,5.85665988922119
BFA,2018,6.34666013717651
BFA,2019,6.93696022033691
BFA,2020,7.6837100982666
BFA,2021,9.36093997955322
BGD,2011,13.5724172592163
BGD,2012,13.667537689209
BGD,2013,13.6510944366455
BGD,2014,13.6534414291382
BGD,2015,15.5907163619995
BGD,2016,17.4021797180176
BGD,2017,18.5305080413818
BGD,2018,19.70263671875
BGD,2019,22.8052139282227
BGD,2020,22.538854598999
BGD,2021,23.40016746521
BGR,2011,59.8246803283691
BGR,2012,62.1616516113281
BGR,2013,68.2013397216797
BGR,2014,72.981559753418
BGR,2015,78.2999572753906
BGR,2016,80.6399612426758
BGR,2017,81.2245864868164
BGR,2018,83.134880065918
BGR,2019,84.7503128051758
BGR,2020,85.5331115722656
BGR,2021,85.3017501831055
BHR,2011,46.54248046875
BHR,2012,47.3633117675781
BHR,2013,42.9303894042969
BHR,2014,44.1516189575195
BHR,2015,43.6383781433105
BHR,2016,43.6653099060059
BHR,2017,45.1864395141602
BHR,2018,48.5386581420898
BHR,2019,53.6918601989746
BHR,2020,56.6339988708496
BHR,2021,70.7630310058594
BHS,2011,
BHS,2012,
BHS,2013,
BHS,2014,
BHS,2015,
BHS,2016,
BHS,2017,
BHS,2018,
BHS,2019,
BHS,2020,
BHS,2021,
BIH,2011,39.7756309509277
BIH,2012,41.8755912780762
BIH,2013,47.2628288269043
BIH,2014,48.9852485656738
BIH,2015,48.6234397888184
BIH,2016,48.668140411377
BIH,2017,46.4159202575684
BIH,2018,43.1571083068848
BIH,2019,41.597038269043
BIH,2020,40.8813400268555
BIH,2021,43.5776786804199
BLR,2011,91.2559967041016
BLR,2012,98.5973968505859
BLR,2013,101.424392700195
BLR,2014,99.8547286987305
BLR,2015,98.0328598022461
BLR,2016,94.7553405761719
BLR,2017,91.3261489868164
BLR,2018,84.5396423339844
BLR,2019,80.1720199584961
BLR,2020,76.8908920288086
BLR,2021,73.9591369628906
BLZ,2011,21.4217891693115
BLZ,2012,23.8754291534424
BLZ,2013,23.8531093597412
BLZ,2014,23.8641395568848
BLZ,2015,23.273889541626
BLZ,2016,24.3196296691895
BLZ,2017,24.7719898223877
BLZ,2018,24.6455898284912
BLZ,2019,25.0688591003418
BLZ,2020,25.7016506195068
BLZ,2021,23.5184001922607
BMU,2011,38.6973190307617
BMU,2012,38.2749290466309
BMU,2013,37.1384582519531
BMU,2014,35.0966110229492
BMU,2015,31.9435291290283
BMU,2016,
BMU,2017,22.4178009033203
BMU,2018,22.8644790649414
BMU,2019,
BMU,2020,
BMU,2021,
BOL,2011,
BOL,2012,
BOL,2013,
BOL,2014,
BOL,2015,
BOL,2016,
BOL,2017,
BOL,2018,
BOL,2019,
BOL,2020,
BOL,2021,
BRA,2011,
BRA,2012,43.2308502197266
BRA,2013,44.3393707275391
BRA,2014,47.1568717956543
BRA,2015,48.4340400695801
BRA,2016,48.3333396911621
BRA,2017,50.0267486572266
BRA,2018,51.1916885375977
BRA,2019,52.6240615844727
BRA,2020,54.5727996826172
BRA,2021,56.8306198120117
BRB,2011,65.0382232666016
BRB,2012,
BRB,2013,
BRB,2014,
BRB,2015,
BRB,2016,
BRB,2017,
BRB,2018,
BRB,2019,
BRB,2020,
BRB,2021,
BRN,2011,17.1019992828369
BRN,2012,22.1413593292236
BRN,2013,24.0158290863037
BRN,2014,31.5348491668701
BRN,2015,30.813289642334
BRN,2016,31.5120601654053
BRN,2017,34.9116706848145
BRN,2018,31.5352935791016
BRN,2019,31.3982181549072
BRN,2020,32.6983299255371
BRN,2021,30.2181224822998
BTN,2011,7.69609975814819
BTN,2012,7.59584522247314
BTN,2013,10.3402395248413
BTN,2014,
BTN,2015,
BTN,2016,
BTN,2017,14.7713375091553
BTN,2018,14.8788833618164
BTN,2019,15.9078016281128
BTN,2020,16.850284576416
BTN,2021,17.706148147583
BWA,2011,16.9406700134277
BWA,2012,20.8391494750977
BWA,2013,25.6314506530762
BWA,2014,24.6215991973877
BWA,2015,27.1673908233643
BWA,2016,23.2882499694824
BWA,2017,22.4400691986084
BWA,2018,
BWA,2019,22.9742908477783
BWA,2020,24.0127906799316
BWA,2021,22.9046497344971
CAF,2011,2.89123010635376
CAF,2012,2.72516989707947
CAF,2013,
CAF,2014,
CAF,2015,
CAF,2016,
CAF,2017,
CAF,2018,
CAF,2019,
CAF,2020,
CAF,2021,
CAN,2011,63.154899597168
CAN,2012,63.6187591552734
CAN,2013,65.774299621582
CAN,2014,67.2278594970703
CAN,2015,67.4031677246094
CAN,2016,69.5068588256836
CAN,2017,70.6271591186523
CAN,2018,69.5775985717773
CAN,2019,72.8150634765625
CAN,2020,74.1571426391602
CAN,2021,77.8022918701172
CHE,2011,53.1352806091309
CHE,2012,54.835620880127
CHE,2013,56.1812400817871
CHE,2014,58.0650596618652
CHE,2015,60.8185615539551
CHE,2016,61.1939888000488
CHE,2017,62.4597206115723
CHE,2018,64.3533935546875
CHE,2019,66.3093414306641
CHE,2020,68.0676422119141
CHE,2021,71.893928527832
CHI,2011,
CHI,2012,
CHI,2013,
CHI,2014,
CHI,2015,
CHI,2016,
CHI,2017,
CHI,2018,
CHI,2019,
CHI,2020,
CHI,2021,
CHL,2011,70.8241806030273
CHL,2012,75.0770721435547
CHL,2013,79.8703384399414
CHL,2014,83.6629791259766
CHL,2015,86.4181137084961
CHL,2016,88.8458862304688
CHL,2017,89.921989440918
CHL,2018,91.1974792480469
CHL,2019,92.0659713745117
CHL,2020,89.1124877929688
CHL,2021,96.2227935791016
CHN,2011,26.8075294494629
CHN,2012,29.3250408172607
CHN,2013,32.7620315551758
CHN,2014,43.8821907043457
CHN,2015,47.4353790283203
CHN,2016,49.7083587646484
CHN,2017,51.5827713012695
CHN,2018,54.0076217651367
CHN,2019,57.2754402160645
CHN,2020,62.2367782592773
CHN,2021,67.3876190185547
CIV,2011,3.30475997924805
CIV,2012,
CIV,2013,8.12195014953613
CIV,2014,8.36830043792725
CIV,2015,8.89927959442139
CIV,2016,9.09276962280273
CIV,2017,9.47000026702881
CIV,2018,
CIV,2019,9.91261005401611
CIV,2020,9.77698040008545
CIV,2021,10.2318000793457
CMR,2011,12.2482299804688
CMR,2012,13.2559003829956
CMR,2013,15.4463300704956
CMR,2014,16.4135303497314
CMR,2015,16.9564609527588
CMR,2016,12.45934009552
CMR,2017,12.7472696304321
CMR,2018,14.3037796020508
CMR,2019,14.8440399169922
CMR,2020,15.3162603378296
CMR,2021,16.9050903320312
COD,2011,7.69432020187378
COD,2012,7.80960988998413
COD,2013,6.54968023300171
COD,2014,
COD,2015,
COD,2016,6.07901000976562
COD,2017,
COD,2018,
COD,2019,
COD,2020,6.66692018508911
COD,2021,
COG,2011,7.91929006576538
COG,2012,9.07367992401123
COG,2013,8.57032012939453
COG,2014,
COG,2015,11.5911245346069
COG,2016,
COG,2017,12.2616300582886
COG,2018,
COG,2019,
COG,2020,
COG,2021,
COL,2011,45.2873306274414
COL,2012,47.4669914245605
COL,2013,50.7474899291992
COL,2014,53.1794395446777
COL,2015,54.7961311340332
COL,2016,57.1437492370605
COL,2017,58.3960418701172
COL,2018,57.3205413818359
COL,2019,56.6663017272949
COL,2020,55.7331085205078
COL,2021,58.3159217834473
COM,2011,8.7821798324585
COM,2012,9.47585010528564
COM,2013,9.46988964080811
COM,2014,9.6282901763916
COM,2015,
COM,2016,
COM,2017,
COM,2018,
COM,2019,
COM,2020,
COM,2021,
CPV,2011,19.6212100982666
CPV,2012,19.3967304229736
CPV,2013,21.2792301177979
CPV,2014,21.7901191711426
CPV,2015,20.5760192871094
CPV,2016,21.0570201873779
CPV,2017,21.1641502380371
CPV,2018,20.2174491882324
CPV,2019,
CPV,2020,
CPV,2021,
CRI,2011,44.9357299804688
CRI,2012,47.3161315917969
CRI,2013,47.8412284851074
CRI,2014,50.7579116821289
CRI,2015,51.6519317626953
CRI,2016,52.1316299438477
CRI,2017,54.4580307006836
CRI,2018,52.8686790466309
CRI,2019,54.7189712524414
CRI,2020,
CRI,2021,
CUB,2011,79.0247268676758
CUB,2012,61.7317886352539
CUB,2013,47.9959983825684
CUB,2014,40.5119895935059
CUB,2015,36.2177200317383
CUB,2016,34.4567909240723
CUB,2017,40.4316596984863
CUB,2018,41.5943794250488
CUB,2019,43.9937782287598
CUB,2020,45.9299087524414
CUB,2021,51.0785484313965
CUW,2011,23.1361083984375
CUW,2012,23.9158172607422
CUW,2013,23.0841999053955
CUW,2014,23.6740646362305
CUW,2015,19.0026397705078
CUW,2016,18.3206882476807
CUW,2017,16.5101642608643
CUW,2018,15.8748922348022
CUW,2019,15.2812013626099
CUW,2020,14.8785667419434
CUW,2021,15.7453107833862
CYM,2011,39.3613319396973
CYM,2012,35.3608589172363
CYM,2013,33.7650871276855
CYM,2014,33.4268074035645
CYM,2015,30.6787090301514
CYM,2016,31.5861320495605
CYM,2017,33.5451774597168
CYM,2018,33.2294616699219
CYM,2019,39.876033782959
CYM,2020,47.5511474609375
CYM,2021,48.1794548034668
CYP,2011,46.5397300720215
CYP,2012,45.8635902404785
CYP,2013,47.5252418518066
CYP,2014,53.1043510437012
CYP,2015,60.1012306213379
CYP,2016,67.1711120605469
CYP,2017,75.9408111572266
CYP,2018,81.3370819091797
CYP,2019,88.4853286743164
CYP,2020,92.9377593994141
CYP,2021,96.5377883911133
CZE,2011,66.7968215942383
CZE,2012,66.9287719726562
CZE,2013,66.3243179321289
CZE,2014,67.3959732055664
CZE,2015,67.2303619384766
CZE,2016,67.5056381225586
CZE,2017,67.7142181396484
CZE,2018,66.7902221679688
CZE,2019,66.8802185058594
CZE,2020,67.1843719482422
CZE,2021,69.8369293212891
DEU,2011,
DEU,2012,
DEU,2013,60.8984489440918
DEU,2014,65.1844787597656
DEU,2015,68.23291015625
DEU,2016,67.9464111328125
DEU,2017,68.4692306518555
DEU,2018,69.1634292602539
DEU,2019,72.705078125
DEU,2020,72.3894195556641
DEU,2021,75.6655426025391
DJI,2011,5.21012020111084
DJI,2012,
DJI,2013,
DJI,2014,
DJI,2015,
DJI,2016,
DJI,2017,
DJI,2018,
DJI,2019,
DJI,2020,
DJI,2021,
DMA,2011,
DMA,2012,
DMA,2013,
DMA,2014,
DMA,2015,
DMA,2016,
DMA,2017,
DMA,2018,
DMA,2019,
DMA,2020,
DMA,2021,
DNK,2011,75.9300231933594
DNK,2012,77.7465515136719
DNK,2013,80.4186782836914
DNK,2014,81.3143615722656
DNK,2015,83.300407409668
DNK,2016,82.1714935302734
DNK,2017,81.3220062255859
DNK,2018,81.1405487060547
DNK,2019,81.6945877075195
DNK,2020,82.6643295288086
DNK,2021,83.982292175293
DOM,2011,47.6470642089844
DOM,2012,48.6290016174316
DOM,2013,46.3571929931641
DOM,2014,49.3192710876465
DOM,2015,51.7471084594727
DOM,2016,54.4990005493164
DOM,2017,59.9155883789062
DOM,2018,63.146240234375
DOM,2019,64.3841323852539
DOM,2020,58.7264099121094
DOM,2021,56.4690818786621
DZA,2011,32.6073913574219
DZA,2012,33.7081413269043
DZA,2013,35.4959411621094
DZA,2014,36.0622482299805
DZA,2015,38.3309783935547
DZA,2016,44.1052894592285
DZA,2017,49.3779106140137
DZA,2018,53.1637001037598
DZA,2019,54.1856307983398
DZA,2020,53.6140289306641
DZA,2021,54.2099914550781
ECU,2011,
ECU,2012,39.2524681091309
ECU,2013,39.7734413146973
ECU,2014,
ECU,2015,44.5371513366699
ECU,2016,
ECU,2017,
ECU,2018,47.3311805725098
ECU,2019,47.2627792358398
ECU,2020,56.9066314697266
ECU,2021,
EGY,2011,25.8721904754639
EGY,2012,26.4579601287842
EGY,2013,28.5217609405518
EGY,2014,29.1688709259033
EGY,2015,32.8131103515625
EGY,2016,31.9304790496826
EGY,2017,33.1621017456055
EGY,2018,36.7171516418457
EGY,2019,
EGY,2020,40.012939453125
EGY,2021,
ERI,2011,
ERI,2012,
ERI,2013,
ERI,2014,3.88660001754761
ERI,2015,3.30574011802673
ERI,2016,3.00972008705139
ERI,2017,
ERI,2018,
ERI,2019,
ERI,2020,
ERI,2021,
ESP,2011,80.7240905761719
ESP,2012,82.89208984375
ESP,2013,85.2132568359375
ESP,2014,88.0015563964844
ESP,2015,88.5742492675781
ESP,2016,89.8067779541016
ESP,2017,91.8877410888672
ESP,2018,92.1748886108398
ESP,2019,91.020263671875
ESP,2020,90.9548492431641
ESP,2021,94.5903778076172
EST,2011,71.0235290527344
EST,2012,72.9364700317383
EST,2013,75.4523162841797
EST,2014,76.2024536132812
EST,2015,74.5832824707031
EST,2016,73.0334320068359
EST,2017,72.1369781494141
EST,2018,72.0659637451172
EST,2019,72.7060317993164
EST,2020,72.0443572998047
EST,2021,73.1502075195312
ETH,2011,7.17573022842407
ETH,2012,7.59986019134521
ETH,2013,
ETH,2014,7.73872995376587
ETH,2015,
ETH,2016,
ETH,2017,
ETH,2018,
ETH,2019,
ETH,2020,
ETH,2021,
FIN,2011,93.2884292602539
FIN,2012,91.5533828735352
FIN,2013,91.2365264892578
FIN,2014,89.9938812255859
FIN,2015,89.6573791503906
FIN,2016,89.3280029296875
FIN,2017,90.6983871459961
FIN,2018,92.3850021362305
FIN,2019,94.5891189575195
FIN,2020,96.4726333618164
FIN,2021,100.868072509766
FJI,2011,
FJI,2012,
FJI,2013,
FJI,2014,69.2255630493164
FJI,2015,68.3497772216797
FJI,2016,77.8562698364258
FJI,2017,82.9545288085938
FJI,2018,79.9261474609375
FJI,2019,78.2611541748047
FJI,2020,84.2023696899414
FJI,2021,76.6493606567383
FRA,2011,55.6257286071777
FRA,2012,57.9090118408203
FRA,2013,59.8487586975098
FRA,2014,61.5104789733887
FRA,2015,62.7859306335449
FRA,2016,64.7276763916016
FRA,2017,65.8022308349609
FRA,2018,67.5435180664062
FRA,2019,67.7331314086914
FRA,2020,68.8709411621094
FRA,2021,69.9397888183594
FRO,2011,
FRO,2012,
FRO,2013,
FRO,2014,
FRO,2015,
FRO,2016,
FRO,2017,
FRO,2018,
FRO,2019,
FRO,2020,
FRO,2021,
FSM,2011,
FSM,2012,
FSM,2013,
FSM,2014,
FSM,2015,
FSM,2016,
FSM,2017,
FSM,2018,
FSM,2019,
FSM,2020,
FSM,2021,
GAB,2011,
GAB,2012,
GAB,2013,
GAB,2014,
GAB,2015,
GAB,2016,
GAB,2017,
GAB,2018,
GAB,2019,19.6197319030762
GAB,2020,
GAB,2021,14.7383832931519
GBR,2011,59.3426704406738
GBR,2012,59.1499404907227
GBR,2013,56.7628898620605
GBR,2014,56.4879112243652
GBR,2015,56.3971290588379
GBR,2016,58.019100189209
GBR,2017,59.5547981262207
GBR,2018,61.0918807983398
GBR,2019,65.5249404907227
GBR,2020,69.5303802490234
GBR,2021,77.0768814086914
GEO,2011,34.3632888793945
GEO,2012,32.4973793029785
GEO,2013,39.4706687927246
GEO,2014,45.7736511230469
GEO,2015,51.1823806762695
GEO,2016,57.3850593566895
GEO,2017,62.7497596740723
GEO,2018,66.0417785644531
GEO,2019,69.0164108276367
GEO,2020,71.3107528686523
GEO,2021,76.8213119506836
GHA,2011,11.156060218811
GHA,2012,11.4314603805542
GHA,2013,11.763578414917
GHA,2014,15.2124500274658
GHA,2015,15.726619720459
GHA,2016,14.2144002914429
GHA,2017,16.3660793304443
GHA,2018,16.0154399871826
GHA,2019,17.4338893890381
GHA,2020,18.6487197875977
GHA,2021,19.1863193511963
GIB,2011,
GIB,2012,
GIB,2013,
GIB,2014,
GIB,2015,
GIB,2016,
GIB,2017,
GIB,2018,
GIB,2019,
GIB,2020,
GIB,2021,
GIN,2011,10.6762504577637
GIN,2012,10.0537395477295
GIN,2013,10.4762001037598
GIN,2014,10.891300201416
GIN,2015,8.70392799377441
GIN,2016,8.63794803619385
GIN,2017,8.52771759033203
GIN,2018,7.59974813461304
GIN,2019,6.84396314620972
GIN,2020,5.77144193649292
GIN,2021,6.7185697555542
GMB,2011,2.94032001495361
GMB,2012,2.66229009628296
GMB,2013,
GMB,2014,
GMB,2015,
GMB,2016,
GMB,2017,
GMB,2018,
GMB,2019,
GMB,2020,
GMB,2021,
GNB,2011,
GNB,2012,
GNB,2013,
GNB,2014,
GNB,2015,
GNB,2016,
GNB,2017,
GNB,2018,
GNB,2019,
GNB,2020,
GNB,2021,
GNQ,2011,
GNQ,2012,
GNQ,2013,
GNQ,2014,
GNQ,2015,
GNQ,2016,
GNQ,2017,
GNQ,2018,6.16062211990356
GNQ,2019,5.37322235107422
GNQ,2020,
GNQ,2021,
GRC,2011,105.812690734863
GRC,2012,110.122978210449
GRC,2013,112.705833435059
GRC,2014,119.104209899902
GRC,2015,
GRC,2016,131.403213500977
GRC,2017,135.333923339844
GRC,2018,140.950317382812
GRC,2019,143.96272277832
GRC,2020,143.693344116211
GRC,2021,150.605484008789
GRD,2011,
GRD,2012,
GRD,2013,
GRD,2014,
GRD,2015,92.880126953125
GRD,2016,93.2219009399414
GRD,2017,95.3775787353516
GRD,2018,96.8923263549805
GRD,2019,
GRD,2020,
GRD,2021,
GRL,2011,
GRL,2012,
GRL,2013,
GRL,2014,
GRL,2015,
GRL,2016,
GRL,2017,
GRL,2018,
GRL,2019,
GRL,2020,
GRL,2021,
GTM,2011,16.486270904541
GTM,2012,16.934289932251
GTM,2013,19.6571807861328
GTM,2014,18.3490905761719
GTM,2015,22.0697193145752
GTM,2016,16.1237926483154
GTM,2017,17.1044540405273
GTM,2018,17.5163669586182
GTM,2019,22.6505107879639
GTM,2020,18.6944980621338
GTM,2021,
GUM,2011,
GUM,2012,
GUM,2013,
GUM,2014,
GUM,2015,
GUM,2016,
GUM,2017,
GUM,2018,
GUM,2019,
GUM,2020,
GUM,2021,
GUY,2011,11.1490097045898
GUY,2012,11.6349601745605
GUY,2013,
GUY,2014,
GUY,2015,
GUY,2016,
GUY,2017,
GUY,2018,
GUY,2019,
GUY,2020,
GUY,2021,
HKG,2011,60.2208404541016
HKG,2012,60.9527893066406
HKG,2013,68.0859069824219
HKG,2014,69.6881790161133
HKG,2015,68.7008666992188
HKG,2016,70.3316421508789
HKG,2017,72.9228515625
HKG,2018,78.2463226318359
HKG,2019,83.8542098999023
HKG,2020,89.9478988647461
HKG,2021,97.3813323974609
HND,2011,
HND,2012,18.8540897369385
HND,2013,19.3874206542969
HND,2014,19.6584796905518
HND,2015,20.2654304504395
HND,2016,20.9513092041016
HND,2017,24.4584407806396
HND,2018,26.2141990661621
HND,2019,25.126579284668
HND,2020,22.7773380279541
HND,2021,22.4562759399414
HRV,2011,59.3388595581055
HRV,2012,62.0256614685059
HRV,2013,66.7111129760742
HRV,2014,68.6392517089844
HRV,2015,68.4413986206055
HRV,2016,69.5889511108398
HRV,2017,71.3775863647461
HRV,2018,72.8625411987305
HRV,2019,74.0501174926758
HRV,2020,74.738037109375
HRV,2021,78.0067901611328
HTI,2011,
HTI,2012,
HTI,2013,
HTI,2014,
HTI,2015,
HTI,2016,
HTI,2017,
HTI,2018,
HTI,2019,
HTI,2020,
HTI,2021,
HUN,2011,59.9984893798828
HUN,2012,60.6758003234863
HUN,2013,57.2066802978516
HUN,2014,52.8164901733398
HUN,2015,50.0656509399414
HUN,2016,49.47705078125
HUN,2017,49.910270690918
HUN,2018,50.8998908996582
HUN,2019,52.3610382080078
HUN,2020,54.6020393371582
HUN,2021,56.5250091552734
IDN,2011,25.4599514007568
IDN,2012,29.5658359527588
IDN,2013,30.4385662078857
IDN,2014,30.5253391265869
IDN,2015,33.0326499938965
IDN,2016,35.4757537841797
IDN,2017,36.633861541748
IDN,2018,36.7954559326172
IDN,2019,37.925968170166
IDN,2020,38.6503868103027
IDN,2021,41.0022087097168
IMN,2011,
IMN,2012,
IMN,2013,
IMN,2014,
IMN,2015,
IMN,2016,
IMN,2017,
IMN,2018,
IMN,2019,
IMN,2020,
IMN,2021,
IND,2011,23.8253688812256
IND,2012,24.9402103424072
IND,2013,24.3906383514404
IND,2014,25.991325378418
IND,2015,27.2845668792725
IND,2016,27.3043575286865
IND,2017,27.9090518951416
IND,2018,28.5316867828369
IND,2019,29.0233592987061
IND,2020,29.8196392059326
IND,2021,31.5741767883301
IRL,2011,67.7985916137695
IRL,2012,68.1972503662109
IRL,2013,71.6995468139648
IRL,2014,73.813232421875
IRL,2015,77.2321472167969
IRL,2016,77.5571365356445
IRL,2017,77.7806167602539
IRL,2018,77.2828826904297
IRL,2019,75.1799392700195
IRL,2020,74.6803131103516
IRL,2021,78.7776031494141
IRN,2011,48.5700302124023
IRN,2012,54.0766487121582
IRN,2013,56.620189666748
IRN,2014,64.9739227294922
IRN,2015,72.1212768554688
IRN,2016,69.1833267211914
IRN,2017,68.1274108886719
IRN,2018,62.7104721069336
IRN,2019,59.9513702392578
IRN,2020,57.3403282165527
IRN,2021,55.7980690002441
IRQ,2011,
IRQ,2012,
IRQ,2013,
IRQ,2014,
IRQ,2015,
IRQ,2016,
IRQ,2017,
IRQ,2018,
IRQ,2019,
IRQ,2020,
IRQ,2021,
ISL,2011,79.9194183349609
ISL,2012,79.5824813842773
ISL,2013,78.3723907470703
ISL,2014,80.3950881958008
ISL,2015,75.6419982910156
ISL,2016,74.7006301879883
ISL,2017,71.3372497558594
ISL,2018,69.3402328491211
ISL,2019,70.6093521118164
ISL,2020,74.5906066894531
ISL,2021,86.5232086181641
ISR,2011,61.9456214904785
ISR,2012,63.5912704467773
ISR,2013,62.0624198913574
ISR,2014,62.1056289672852
ISR,2015,60.8227882385254
ISR,2016,60.4474411010742
ISR,2017,59.0658683776855
ISR,2018,57.3934288024902
ISR,2019,55.9445381164551
ISR,2020,56.4272193908691
ISR,2021,58.9942817687988
ITA,2011,64.2492523193359
ITA,2012,62.3447418212891
ITA,2013,60.8925285339355
ITA,2014,60.8831481933594
ITA,2015,60.941291809082
ITA,2016,61.3571014404297
ITA,2017,62.69580078125
ITA,2018,64.4753265380859
ITA,2019,65.6895065307617
ITA,2020,68.7231063842773
ITA,2021,71.2745208740234
JAM,2011,24.957540512085
JAM,2012,27.4642906188965
JAM,2013,25.8244800567627
JAM,2014,
JAM,2015,26.4131107330322
JAM,2016,
JAM,2017,
JAM,2018,
JAM,2019,
JAM,2020,
JAM,2021,
JOR,2011,37.4216384887695
JOR,2012,43.9161491394043
JOR,2013,
JOR,2014,
JOR,2015,36.6284294128418
JOR,2016,34.0612602233887
JOR,2017,28.6210594177246
JOR,2018,31.5562992095947
JOR,2019,30.11083984375
JOR,2020,30.2879695892334
JOR,2021,30.4513092041016
JPN,2011,
JPN,2012,
JPN,2013,62.8381881713867
JPN,2014,62.7269897460938
JPN,2015,62.4726600646973
JPN,2016,63.1872291564941
JPN,2017,62.4629783630371
JPN,2018,62.2089385986328
JPN,2019,62.1184997558594
JPN,2020,62.1358413696289
JPN,2021,63.1702690124512
KAZ,2011,50.9489822387695
KAZ,2012,52.7025604248047
KAZ,2013,53.467830657959
KAZ,2014,51.7116203308105
KAZ,2015,49.0316352844238
KAZ,2016,46.8150215148926
KAZ,2017,51.0654792785645
KAZ,2018,53.5158615112305
KAZ,2019,59.5819778442383
KAZ,2020,64.8498611450195
KAZ,2021,61.2268028259277
KEN,2011,
KEN,2012,
KEN,2013,
KEN,2014,
KEN,2015,9.3003101348877
KEN,2016,11.7006797790527
KEN,2017,11.8862104415894
KEN,2018,
KEN,2019,10.5694704055786
KEN,2020,
KEN,2021,
KGZ,2011,40.948169708252
KGZ,2012,43.0413208007812
KGZ,2013,46.1422462463379
KGZ,2014,44.0620918273926
KGZ,2015,44.671688079834
KGZ,2016,43.4013214111328
KGZ,2017,41.2773246765137
KGZ,2018,39.9152526855469
KGZ,2019,41.5565948486328
KGZ,2020,45.9235610961914
KGZ,2021,52.5253791809082
KHM,2011,14.1404304504395
KHM,2012,
KHM,2013,
KHM,2014,
KHM,2015,14.645770072937
KHM,2016,
KHM,2017,15.0735502243042
KHM,2018,15.7133102416992
KHM,2019,16.8353996276855
KHM,2020,14.4409313201904
KHM,2021,13.8764019012451
KIR,2011,
KIR,2012,
KIR,2013,
KIR,2014,
KIR,2015,
KIR,2016,
KIR,2017,
KIR,2018,
KIR,2019,
KIR,2020,
KIR,2021,
KNA,2011,
KNA,2012,
KNA,2013,
KNA,2014,89.6923522949219
KNA,2015,92.1944808959961
KNA,2016,
KNA,2017,
KNA,2018,
KNA,2019,
KNA,2020,
KNA,2021,
KOR,2011,100.819679260254
KOR,2012,98.286979675293
KOR,2013,96.3375015258789
KOR,2014,94.4421691894531
KOR,2015,93.9676513671875
KOR,2016,93.6577224731445
KOR,2017,93.7230224609375
KOR,2018,93.3281784057617
KOR,2019,93.9989166259766
KOR,2020,96.8767700195312
KOR,2021,100.317680358887
KWT,2011,
KWT,2012,
KWT,2013,
KWT,2014,54.0167083740234
KWT,2015,58.7037200927734
KWT,2016,57.7827606201172
KWT,2017,55.13330078125
KWT,2018,52.1134605407715
KWT,2019,50.4700584411621
KWT,2020,53.7298583984375
KWT,2021,61.558048248291
LAO,2011,17.6739711761475
LAO,2012,17.5077114105225
LAO,2013,19.0965957641602
LAO,2014,18.611400604248
LAO,2015,18.1812057495117
LAO,2016,17.1157512664795
LAO,2017,15.4383745193481
LAO,2018,14.5235404968262
LAO,2019,13.7658739089966
LAO,2020,12.5843343734741
LAO,2021,12.4585027694702
LBN,2011,45.5640182495117
LBN,2012,44.8252983093262
LBN,2013,48.067008972168
LBN,2014,42.533031463623
LBN,2015,38.8207511901855
LBN,2016,42.1090087890625
LBN,2017,43.9945793151855
LBN,2018,47.2751083374023
LBN,2019,50.3490180969238
LBN,2020,51.6985816955566
LBN,2021,58.4441413879395
LBR,2011,
LBR,2012,11.2590703964233
LBR,2013,
LBR,2014,
LBR,2015,
LBR,2016,
LBR,2017,
LBR,2018,
LBR,2019,
LBR,2020,
LBR,2021,
LBY,2011,
LBY,2012,
LBY,2013,
LBY,2014,
LBY,2015,
LBY,2016,
LBY,2017,
LBY,2018,
LBY,2019,
LBY,2020,
LBY,2021,
LCA,2011,16.3322505950928
LCA,2012,10.2659502029419
LCA,2013,13.9913196563721
LCA,2014,17.0471706390381
LCA,2015,17.0072593688965
LCA,2016,19.8053798675537
LCA,2017,20.7909393310547
LCA,2018,14.6977701187134
LCA,2019,16.0102691650391
LCA,2020,16.9041500091553
LCA,2021,
LIE,2011,43.6750984191895
LIE,2012,42.4966812133789
LIE,2013,
LIE,2014,37.4887084960938
LIE,2015,33.5420417785645
LIE,2016,35.0226211547852
LIE,2017,35.6219291687012
LIE,2018,38.3002700805664
LIE,2019,41.1658401489258
LIE,2020,42.5986099243164
LIE,2021,46.0189590454102
LKA,2011,14.821494102478
LKA,2012,16.4015369415283
LKA,2013,17.9866104125977
LKA,2014,18.173412322998
LKA,2015,18.6914081573486
LKA,2016,17.8068389892578
LKA,2017,17.947998046875
LKA,2018,18.6717472076416
LKA,2019,20.2191257476807
LKA,2020,20.8122158050537
LKA,2021,21.3629665374756
LSO,2011,
LSO,2012,11.0302000045776
LSO,2013,10.563850402832
LSO,2014,10.4520902633667
LSO,2015,9.68772983551025
LSO,2016,
LSO,2017,10.1464996337891
LSO,2018,9.7244701385498
LSO,2019,
LSO,2020,
LSO,2021,
LTU,2011,84.0555877685547
LTU,2012,79.7516326904297
LTU,2013,73.533203125
LTU,2014,68.8998870849609
LTU,2015,67.7426528930664
LTU,2016,67.7418518066406
LTU,2017,68.3863372802734
LTU,2018,69.7188034057617
LTU,2019,70.1848678588867
LTU,2020,69.1454772949219
LTU,2021,70.6638793945312
LUX,2011,
LUX,2012,19.117790222168
LUX,2013,
LUX,2014,
LUX,2015,20.2907104492188
LUX,2016,19.9203605651855
LUX,2017,19.5990200042725
LUX,2018,19.3915195465088
LUX,2019,19.3969497680664
LUX,2020,19.961389541626
LUX,2021,20.7341499328613
LVA,2011,67.9534683227539
LVA,2012,66.6435470581055
LVA,2013,69.0765991210938
LVA,2014,70.8979415893555
LVA,2015,74.2998809814453
LVA,2016,80.6048126220703
LVA,2017,88.0574264526367
LVA,2018,93.0244827270508
LVA,2019,94.8645324707031
LVA,2020,94.5108337402344
LVA,2021,93.4839324951172
MAC,2011,70.3462066650391
MAC,2012,53.9347381591797
MAC,2013,61.8619194030762
MAC,2014,69.2981185913086
MAC,2015,76.1658401489258
MAC,2016,79.9250030517578
MAC,2017,81.265510559082
MAC,2018,76.7935028076172
MAC,2019,80.0911178588867
MAC,2020,86.7956695556641
MAC,2021,98.9696197509766
MAF,2011,
MAF,2012,
MAF,2013,
MAF,2014,
MAF,2015,
MAF,2016,
MAF,2017,
MAF,2018,
MAF,2019,
MAF,2020,
MAF,2021,
MAR,2011,15.9613800048828
MAR,2012,19.1758098602295
MAR,2013,22.5497703552246
MAR,2014,25.4523506164551
MAR,2015,28.6955890655518
MAR,2016,32.2695808410645
MAR,2017,33.7370109558105
MAR,2018,35.6224212646484
MAR,2019,38.0248603820801
MAR,2020,40.02001953125
MAR,2021,42.8228912353516
MCO,2011,
MCO,2012,
MCO,2013,
MCO,2014,
MCO,2015,
MCO,2016,53.3591690063477
MCO,2017,
MCO,2018,
MCO,2019,
MCO,2020,
MCO,2021,
MDA,2011,
MDA,2012,
MDA,2013,
MDA,2014,52.1503486633301
MDA,2015,52.0978202819824
MDA,2016,52.8414115905762
MDA,2017,51.947338104248
MDA,2018,52.8423118591309
MDA,2019,54.7812004089355
MDA,2020,56.2498207092285
MDA,2021,61.3014030456543
MDG,2011,4.00945997238159
MDG,2012,4.07020998001099
MDG,2013,4.21469020843506
MDG,2014,4.73074007034302
MDG,2015,4.72751998901367
MDG,2016,4.76165008544922
MDG,2017,5.23624992370605
MDG,2018,5.32438993453979
MDG,2019,5.53402996063232
MDG,2020,5.67685985565186
MDG,2021,
MDV,2011,
MDV,2012,
MDV,2013,
MDV,2014,13.65797996521
MDV,2015,
MDV,2016,
MDV,2017,34.778018951416
MDV,2018,
MDV,2019,51.3613624572754
MDV,2020,28.3089008331299
MDV,2021,24.8425178527832
MEX,2011,28.0361595153809
MEX,2012,29.3496494293213
MEX,2013,30.3301601409912
MEX,2014,31.2052898406982
MEX,2015,31.9718608856201
MEX,2016,38.589771270752
MEX,2017,40.3390693664551
MEX,2018,41.6382789611816
MEX,2019,43.0441398620605
MEX,2020,45.1654510498047
MEX,2021,45.6506195068359
MHL,2011,
MHL,2012,28.9444999694824
MHL,2013,
MHL,2014,
MHL,2015,
MHL,2016,
MHL,2017,
MHL,2018,
MHL,2019,41.4746513366699
MHL,2020,
MHL,2021,
MKD,2011,
MKD,2012,39.7961082458496
MKD,2013,38.9499015808105
MKD,2014,39.3214912414551
MKD,2015,42.0811805725098
MKD,2016,
MKD,2017,43.5097694396973
MKD,2018,43.8547897338867
MKD,2019,43.1991004943848
MKD,2020,43.782169342041
MKD,2021,44.3020210266113
MLI,2011,5.12092018127441
MLI,2012,6.61513996124268
MLI,2013,6.12579011917114
MLI,2014,5.70353984832764
MLI,2015,5.28096008300781
MLI,2016,3.65079045295715
MLI,2017,4.16489362716675
MLI,2018,4.96651792526245
MLI,2019,4.73440647125244
MLI,2020,
MLI,2021,
MLT,2011,39.4486618041992
MLT,2012,42.5473289489746
MLT,2013,44.0389518737793
MLT,2014,44.4906997680664
MLT,2015,46.9468193054199
MLT,2016,48.1260795593262
MLT,2017,52.8446311950684
MLT,2018,56.8111114501953
MLT,2019,58.5368690490723
MLT,2020,62.8752517700195
MLT,2021,73.0226974487305
MMR,2011,14.2016801834106
MMR,2012,13.6632795333862
MMR,2013,
MMR,2014,
MMR,2015,
MMR,2016,
MMR,2017,
MMR,2018,20.3939208984375
MMR,2019,
MMR,2020,
MMR,2021,
MNE,2011,59.0115089416504
MNE,2012,60.3092498779297
MNE,2013,60.4347686767578
MNE,2014,63.2196388244629
MNE,2015,63.9372711181641
MNE,2016,59.1839218139648
MNE,2017,60.9102210998535
MNE,2018,58.1831512451172
MNE,2019,56.2633209228516
MNE,2020,58.0944709777832
MNE,2021,57.9613914489746
MNG,2011,56.7441596984863
MNG,2012,61.0462303161621
MNG,2013,64.6551666259766
MNG,2014,66.9319229125977
MNG,2015,71.4299926757812
MNG,2016,66.9766464233398
MNG,2017,65.412841796875
MNG,2018,65.6492462158203
MNG,2019,67.6281585693359
MNG,2020,64.5476303100586
MNG,2021,64.4591369628906
MNP,2011,
MNP,2012,
MNP,2013,
MNP,2014,
MNP,2015,
MNP,2016,
MNP,2017,
MNP,2018,
MNP,2019,
MNP,2020,
MNP,2021,
MOZ,2011,5.04203987121582
MOZ,2012,5.3305401802063
MOZ,2013,5.70935010910034
MOZ,2014,6.34957981109619
MOZ,2015,6.81003999710083
MOZ,2016,7.38789987564087
MOZ,2017,7.24044990539551
MOZ,2018,7.45408010482788
MOZ,2019,7.30147504806519
MOZ,2020,
MOZ,2021,
MRT,2011,5.01435995101929
MRT,2012,5.45682001113892
MRT,2013,5.78322982788086
MRT,2014,
MRT,2015,5.87037992477417
MRT,2016,5.5491099357605
MRT,2017,5.14321994781494
MRT,2018,5.11879014968872
MRT,2019,5.8698902130127
MRT,2020,5.95125007629395
MRT,2021,
MUS,2011,34.2265090942383
MUS,2012,40.3749504089355
MUS,2013,41.402400970459
MUS,2014,40.038200378418
MUS,2015,37.7607383728027
MUS,2016,38.4107704162598
MUS,2017,39.6618804931641
MUS,2018,40.4078102111816
MUS,2019,42.9878692626953
MUS,2020,42.537841796875
MUS,2021,43.9577217102051
MWI,2011,0.851849973201752
MWI,2012,
MWI,2013,
MWI,2014,
MWI,2015,
MWI,2016,
MWI,2017,
MWI,2018,
MWI,2019,
MWI,2020,
MWI,2021,
MYS,2011,35.6598587036133
MYS,2012,36.9332084655762
MYS,2013,38.2327194213867
MYS,2014,38.6768264770508
MYS,2015,44.8695030212402
MYS,2016,46.401668548584
MYS,2017,43.6680450439453
MYS,2018,45.2784156799316
MYS,2019,43.1977157592773
MYS,2020,42.4097671508789
MYS,2021,40.9142608642578
NAM,2011,
NAM,2012,
NAM,2013,
NAM,2014,18.7538394927979
NAM,2015,20.0199108123779
NAM,2016,22.0023994445801
NAM,2017,23.3570709228516
NAM,2018,24.9616394042969
NAM,2019,27.7483100891113
NAM,2020,28.3682403564453
NAM,2021,
NCL,2011,
NCL,2012,
NCL,2013,
NCL,2014,
NCL,2015,
NCL,2016,
NCL,2017,
NCL,2018,
NCL,2019,
NCL,2020,
NCL,2021,
NER,2011,1.33376002311707
NER,2012,1.52788996696472
NER,2013,2.23660826683044
NER,2014,2.66542100906372
NER,2015,3.43003010749817
NER,2016,3.65476989746094
NER,2017,3.89881992340088
NER,2018,4.61981010437012
NER,2019,4.43339014053345
NER,2020,4.59342241287231
NER,2021,
NGA,2011,10.1537199020386
NGA,2012,
NGA,2013,
NGA,2014,
NGA,2015,
NGA,2016,
NGA,2017,11.5785512924194
NGA,2018,11.8107748031616
NGA,2019,
NGA,2020,
NGA,2021,
NIC,2011,15.8641271591187
NIC,2012,16.4946403503418
NIC,2013,16.3554344177246
NIC,2014,17.1516933441162
NIC,2015,17.3416366577148
NIC,2016,17.7747993469238
NIC,2017,
NIC,2018,19.3088111877441
NIC,2019,17.767614364624
NIC,2020,18.6855163574219
NIC,2021,19.8995819091797
NLD,2011,75.518798828125
NLD,2012,75.8141632080078
NLD,2013,
NLD,2014,
NLD,2015,80.1601486206055
NLD,2016,79.8454895019531
NLD,2017,83.2009887695312
NLD,2018,83.652473449707
NLD,2019,
NLD,2020,85.3370819091797
NLD,2021,89.3898620605469
NOR,2011,71.0614166259766
NOR,2012,71.7047576904297
NOR,2013,75.8635787963867
NOR,2014,78.2397384643555
NOR,2015,79.206428527832
NOR,2016,82.0374526977539
NOR,2017,83.7353363037109
NOR,2018,85.3883514404297
NOR,2019,85.7633819580078
NOR,2020,87.1685333251953
NOR,2021,93.9243011474609
NPL,2011,13.4289903640747
NPL,2012,
NPL,2013,16.1476802825928
NPL,2014,15.4161396026611
NPL,2015,13.2059631347656
NPL,2016,11.9705371856689
NPL,2017,12.1109495162964
NPL,2018,13.006326675415
NPL,2019,13.9224119186401
NPL,2020,13.9312324523926
NPL,2021,14.3841028213501
NRU,2011,
NRU,2012,
NRU,2013,
NRU,2014,
NRU,2015,
NRU,2016,
NRU,2017,
NRU,2018,
NRU,2019,
NRU,2020,
NRU,2021,
NZL,2011,
NZL,2012,
NZL,2013,80.388542175293
NZL,2014,80.7100067138672
NZL,2015,82.1818466186523
NZL,2016,81.8633575439453
NZL,2017,81.2698593139648
NZL,2018,81.2513122558594
NZL,2019,77.5843734741211
NZL,2020,75.7348327636719
NZL,2021,79.4128875732422
OMN,2011,31.5563507080078
OMN,2012,
OMN,2013,35.1496200561523
OMN,2014,41.1818618774414
OMN,2015,45.1898918151855
OMN,2016,46.8235092163086
OMN,2017,43.5767784118652
OMN,2018,44.9540214538574
OMN,2019,45.1723213195801
OMN,2020,48.3754386901855
OMN,2021,43.8433609008789
PAK,2011,7.46075391769409
PAK,2012,8.49672698974609
PAK,2013,8.89682579040527
PAK,2014,8.92643165588379
PAK,2015,8.61171054840088
PAK,2016,8.47824573516846
PAK,2017,8.80055046081543
PAK,2018,8.39241695404053
PAK,2019,11.3472347259521
PAK,2020,11.944239616394
PAK,2021,12.5983591079712
PAN,2011,41.9725303649902
PAN,2012,43.8421783447266
PAN,2013,
PAN,2014,44.9672698974609
PAN,2015,47.9322700500488
PAN,2016,48.728271484375
PAN,2017,
PAN,2018,
PAN,2019,
PAN,2020,45.2206611633301
PAN,2021,53.0445899963379
PER,2011,
PER,2012,
PER,2013,
PER,2014,
PER,2015,
PER,2016,73.330192565918
PER,2017,71.2465515136719
PER,2018,
PER,2019,
PER,2020,
PER,2021,
PHL,2011,30.8261947631836
PHL,2012,31.3085117340088
PHL,2013,33.7904281616211
PHL,2014,35.9550590515137
PHL,2015,38.1037750244141
PHL,2016,40.4857482910156
PHL,2017,35.4054260253906
PHL,2018,29.428638458252
PHL,2019,31.2367649078369
PHL,2020,32.8472557067871
PHL,2021,34.8456192016602
PLW,2011,
PLW,2012,
PLW,2013,67.2642211914062
PLW,2014,
PLW,2015,
PLW,2016,
PLW,2017,
PLW,2018,
PLW,2019,
PLW,2020,
PLW,2021,
PNG,2011,
PNG,2012,
PNG,2013,
PNG,2014,
PNG,2015,
PNG,2016,
PNG,2017,
PNG,2018,
PNG,2019,
PNG,2020,
PNG,2021,
POL,2011,75.8021011352539
POL,2012,75.0382919311523
POL,2013,73.317268371582
POL,2014,70.2389678955078
POL,2015,69.3731994628906
POL,2016,69.8503799438477
POL,2017,70.6174621582031
POL,2018,71.0217437744141
POL,2019,70.9065017700195
POL,2020,70.9730377197266
POL,2021,72.2060623168945
PRI,2011,90.8068695068359
PRI,2012,91.7491836547852
PRI,2013,92.3767776489258
PRI,2014,94.0207824707031
PRI,2015,98.2730331420898
PRI,2016,99.6779632568359
PRI,2017,
PRI,2018,102.152473449707
PRI,2019,
PRI,2020,
PRI,2021,
PRK,2011,30.0365505218506
PRK,2012,
PRK,2013,
PRK,2014,
PRK,2015,28.0235691070557
PRK,2016,
PRK,2017,
PRK,2018,27.2090396881104
PRK,2019,
PRK,2020,
PRK,2021,
PRT,2011,
PRT,2012,
PRT,2013,
PRT,2014,
PRT,2015,61.8582000732422
PRT,2016,63.2655715942383
PRT,2017,64.1698226928711
PRT,2018,65.0279083251953
PRT,2019,65.9340515136719
PRT,2020,67.7980194091797
PRT,2021,71.8742980957031
PRY,2011,
PRY,2012,
PRY,2013,
PRY,2014,
PRY,2015,
PRY,2016,
PRY,2017,
PRY,2018,
PRY,2019,
PRY,2020,
PRY,2021,
PSE,2011,48.4083213806152
PSE,2012,47.8747100830078
PSE,2013,45.9454002380371
PSE,2014,45.4314804077148
PSE,2015,46.5837516784668
PSE,2016,45.710521697998
PSE,2017,45.6631011962891
PSE,2018,46.4495697021484
PSE,2019,45.3549118041992
PSE,2020,44.8411407470703
PSE,2021,43.5106506347656
PYF,2011,
PYF,2012,
PYF,2013,
PYF,2014,
PYF,2015,
PYF,2016,
PYF,2017,
PYF,2018,
PYF,2019,
PYF,2020,
PYF,2021,
QAT,2011,12.6008596420288
QAT,2012,12.2866897583008
QAT,2013,14.8707304000854
QAT,2014,17.306360244751
QAT,2015,15.9339895248413
QAT,2016,14.8163604736328
QAT,2017,16.7774391174316
QAT,2018,17.4458293914795
QAT,2019,21.0931396484375
QAT,2020,23.7649192810059
QAT,2021,31.281400680542
ROU,2011,66.7865829467773
ROU,2012,54.9534912109375
ROU,2013,51.3826103210449
ROU,2014,51.0950393676758
ROU,2015,49.3609886169434
ROU,2016,49.911319732666
ROU,2017,50.5108184814453
ROU,2018,51.9943504333496
ROU,2019,52.4439697265625
ROU,2020,53.4911117553711
ROU,2021,55.2656097412109
RUS,2011,80.162971496582
RUS,2012,80.5323486328125
RUS,2013,82.8009567260742
RUS,2014,84.5181427001953
RUS,2015,84.2355728149414
RUS,2016,83.8600387573242
RUS,2017,81.7051010131836
RUS,2018,81.5681076049805
RUS,2019,80.9520721435547
RUS,2020,57.2232894897461
RUS,2021,54.9542503356934
RWA,2011,6.83723020553589
RWA,2012,6.70939016342163
RWA,2013,6.23149013519287
RWA,2014,7.35862016677856
RWA,2015,7.53125
RWA,2016,7.57807016372681
RWA,2017,7.34488010406494
RWA,2018,6.76095008850098
RWA,2019,6.31429004669189
RWA,2020,7.56710004806519
RWA,2021,7.35958433151245
SAU,2011,28.9419498443604
SAU,2012,36.0444107055664
SAU,2013,43.163501739502
SAU,2014,51.2110710144043
SAU,2015,56.5505714416504
SAU,2016,64.6551132202148
SAU,2017,72.4816665649414
SAU,2018,74.5258178710938
SAU,2019,79.6130676269531
SAU,2020,74.7805709838867
SAU,2021,74.3924865722656
SDN,2011,14.5883703231812
SDN,2012,15.2577896118164
SDN,2013,17.5413608551025
SDN,2014,17.0886402130127
SDN,2015,17.2059803009033
SDN,2016,
SDN,2017,
SDN,2018,
SDN,2019,
SDN,2020,
SDN,2021,
SEN,2011,10.0053596496582
SEN,2012,10.1298198699951
SEN,2013,10.4236698150635
SEN,2014,10.8330898284912
SEN,2015,10.9290800094604
SEN,2016,11.130820274353
SEN,2017,11.7735300064087
SEN,2018,13.0590801239014
SEN,2019,13.3833703994751
SEN,2020,14.2285404205322
SEN,2021,15.7343301773071
SGP,2011,
SGP,2012,
SGP,2013,
SGP,2014,
SGP,2015,
SGP,2016,83.9409790039062
SGP,2017,84.7929077148438
SGP,2018,88.8864517211914
SGP,2019,91.0889892578125
SGP,2020,93.1347732543945
SGP,2021,97.0989074707031
SLB,2011,
SLB,2012,
SLB,2013,
SLB,2014,
SLB,2015,
SLB,2016,
SLB,2017,
SLB,2018,
SLB,2019,
SLB,2020,
SLB,2021,
SLE,2011,
SLE,2012,
SLE,2013,
SLE,2014,
SLE,2015,
SLE,2016,
SLE,2017,
SLE,2018,
SLE,2019,
SLE,2020,
SLE,2021,
SLV,2011,27.1980304718018
SLV,2012,27.9502296447754
SLV,2013,28.1076107025146
SLV,2014,27.3663196563721
SLV,2015,27.2137393951416
SLV,2016,27.0054702758789
SLV,2017,27.4678001403809
SLV,2018,28.0338802337646
SLV,2019,28.3688907623291
SLV,2020,30.8192100524902
SLV,2021,30.1295890808105
SMR,2011,64.2955780029297
SMR,2012,59.8489990234375
SMR,2013,
SMR,2014,
SMR,2015,
SMR,2016,
SMR,2017,
SMR,2018,45.4210205078125
SMR,2019,50.2355690002441
SMR,2020,55.0960998535156
SMR,2021,57.6704483032227
SOM,2011,
SOM,2012,
SOM,2013,
SOM,2014,
SOM,2015,
SOM,2016,
SOM,2017,
SOM,2018,
SOM,2019,
SOM,2020,
SOM,2021,
SRB,2011,52.1371002197266
SRB,2012,54.0148391723633
SRB,2013,56.6968688964844
SRB,2014,58.3684997558594
SRB,2015,58.9525413513184
SRB,2016,62.9142799377441
SRB,2017,67.5830535888672
SRB,2018,68.3218307495117
SRB,2019,69.0413818359375
SRB,2020,68.5755081176758
SRB,2021,69.2907028198242
SSD,2011,
SSD,2012,
SSD,2013,
SSD,2014,
SSD,2015,
SSD,2016,0.657831847667694
SSD,2017,
SSD,2018,1.0021733045578
SSD,2019,
SSD,2020,
SSD,2021,
STP,2011,3.73972821235657
STP,2012,7.83611011505127
STP,2013,
STP,2014,9.282790184021
STP,2015,12.8975296020508
STP,2016,17.6945915222168
STP,2017,17.4019470214844
STP,2018,10.1252269744873
STP,2019,10.2885818481445
STP,2020,
STP,2021,16.6602973937988
SUR,2011,
SUR,2012,
SUR,2013,
SUR,2014,
SUR,2015,
SUR,2016,
SUR,2017,
SUR,2018,
SUR,2019,
SUR,2020,
SUR,2021,8.80173969268799
SVK,2011,57.1524887084961
SVK,2012,57.0384407043457
SVK,2013,55.253978729248
SVK,2014,53.8843002319336
SVK,2015,52.7206687927246
SVK,2016,50.3014488220215
SVK,2017,49.1256103515625
SVK,2018,47.8138313293457
SVK,2019,48.1902389526367
SVK,2020,48.3790016174316
SVK,2021,50.7342491149902
SVN,2011,87.1887130737305
SVN,2012,89.0215606689453
SVN,2013,87.8572082519531
SVN,2014,84.3780288696289
SVN,2015,82.1997833251953
SVN,2016,79.4747467041016
SVN,2017,79.2703475952148
SVN,2018,77.3015975952148
SVN,2019,76.4720077514648
SVN,2020,75.8166809082031
SVN,2021,82.2400436401367
SWE,2011,71.9184112548828
SWE,2012,68.742301940918
SWE,2013,65.7820892333984
SWE,2014,64.9541931152344
SWE,2015,66.4283218383789
SWE,2016,68.306037902832
SWE,2017,70.4342498779297
SWE,2018,73.4083786010742
SWE,2019,75.1148529052734
SWE,2020,79.1196365356445
SWE,2021,85.9426193237305
SWZ,2011,6.76452016830444
SWZ,2012,
SWZ,2013,6.17659997940063
SWZ,2014,
SWZ,2015,
SWZ,2016,
SWZ,2017,
SWZ,2018,
SWZ,2019,
SWZ,2020,
SWZ,2021,
SXM,2011,
SXM,2012,
SXM,2013,
SXM,2014,
SXM,2015,4.19459009170532
SXM,2016,
SXM,2017,4.19528007507324
SXM,2018,
SXM,2019,
SXM,2020,
SXM,2021,
SYC,2011,2.91757011413574
SYC,2012,1.55594003200531
SYC,2013,3.50153994560242
SYC,2014,7.24571990966797
SYC,2015,16.4337902069092
SYC,2016,25.6358890533447
SYC,2017,42.2081985473633
SYC,2018,38.8581314086914
SYC,2019,41.2970390319824
SYC,2020,26.9342594146729
SYC,2021,26.8701496124268
SYR,2011,25.6436996459961
SYR,2012,30.2727794647217
SYR,2013,33.1396789550781
SYR,2014,47.3828811645508
SYR,2015,51.1659507751465
SYR,2016,46.5840187072754
SYR,2017,
SYR,2018,
SYR,2019,
SYR,2020,
SYR,2021,
TCA,2011,
TCA,2012,
TCA,2013,
TCA,2014,13.5866985321045
TCA,2015,12.516411781311
TCA,2016,11.1381130218506
TCA,2017,11.8446598052979
TCA,2018,11.3645000457764
TCA,2019,11.7602996826172
TCA,2020,
TCA,2021,
TCD,2011,2.28011989593506
TCD,2012,
TCD,2013,
TCD,2014,3.49959993362427
TCD,2015,3.33451008796692
TCD,2016,
TCD,2017,
TCD,2018,
TCD,2019,
TCD,2020,4.53319978713989
TCD,2021,
TGO,2011,9.90192985534668
TGO,2012,10.9630603790283
TGO,2013,11.0933198928833
TGO,2014,10.7719402313232
TGO,2015,11.0391302108765
TGO,2016,12.3244800567627
TGO,2017,12.5233001708984
TGO,2018,13.0981397628784
TGO,2019,13.3234195709229
TGO,2020,15.0659399032593
TGO,2021,
THA,2011,52.1359634399414
THA,2012,50.2119026184082
THA,2013,49.3342018127441
THA,2014,49.7557334899902
THA,2015,
THA,2016,49.508472442627
THA,2017,47.7228775024414
THA,2018,46.5399513244629
THA,2019,45.4407386779785
THA,2020,43.1145401000977
THA,2021,44.0830879211426
TJK,2011,22.2888793945312
TJK,2012,22.7133293151855
TJK,2013,22.7680702209473
TJK,2014,24.4802207946777
TJK,2015,26.4624404907227
TJK,2016,29.1225490570068
TJK,2017,31.114070892334
TJK,2018,
TJK,2019,
TJK,2020,37.2250022888184
TJK,2021,39.504955291748
TKM,2011,
TKM,2012,
TKM,2013,
TKM,2014,7.81461000442505
TKM,2015,
TKM,2016,
TKM,2017,
TKM,2018,
TKM,2019,12.9755001068115
TKM,2020,14.3487100601196
TKM,2021,16.4158401489258
TLS,2011,
TLS,2012,
TLS,2013,
TLS,2014,
TLS,2015,
TLS,2016,
TLS,2017,
TLS,2018,
TLS,2019,
TLS,2020,
TLS,2021,
TON,2011,
TON,2012,
TON,2013,
TON,2014,
TON,2015,
TON,2016,
TON,2017,
TON,2018,
TON,2019,
TON,2020,21.278299331665
TON,2021,
TTO,2011,
TTO,2012,
TTO,2013,
TTO,2014,
TTO,2015,
TTO,2016,
TTO,2017,
TTO,2018,
TTO,2019,
TTO,2020,
TTO,2021,
TUN,2011,34.4940605163574
TUN,2012,34.2753295898438
TUN,2013,33.0226402282715
TUN,2014,33.0825691223145
TUN,2015,33.0580787658691
TUN,2016,31.186559677124
TUN,2017,31.0175304412842
TUN,2018,31.1403503417969
TUN,2019,31.8208293914795
TUN,2020,33.1319389343262
TUN,2021,33.8982810974121
TUR,2011,61.516300201416
TUR,2012,70.1044998168945
TUR,2013,79.6469573974609
TUR,2014,86.9976806640625
TUR,2015,95.5645065307617
TUR,2016,103.71558380127
TUR,2017,110.534072875977
TUR,2018,115.462463378906
TUR,2019,117.005470275879
TUR,2020,118.883682250977
TUR,2021,125.763786315918
TUV,2011,
TUV,2012,
TUV,2013,
TUV,2014,
TUV,2015,
TUV,2016,
TUV,2017,
TUV,2018,
TUV,2019,
TUV,2020,
TUV,2021,
TZA,2011,
TZA,2012,4.03181934356689
TZA,2013,3.75791764259338
TZA,2014,
TZA,2015,4.15589189529419
TZA,2016,3.94585990905762
TZA,2017,
TZA,2018,
TZA,2019,3.02422857284546
TZA,2020,7.50897979736328
TZA,2021,3.70787215232849
UGA,2011,4.35145998001099
UGA,2012,3.72024011611938
UGA,2013,4.02473878860474
UGA,2014,4.57403993606567
UGA,2015,4.91559410095215
UGA,2016,4.75620269775391
UGA,2017,
UGA,2018,
UGA,2019,
UGA,2020,
UGA,2021,
UKR,2011,84.7981109619141
UKR,2012,83.8798980712891
UKR,2013,81.5320129394531
UKR,2014,83.7842178344727
UKR,2015,76.8646621704102
UKR,2016,77.0398406982422
UKR,2017,80.1990203857422
UKR,2018,81.4946670532227
UKR,2019,84.4813613891602
UKR,2020,82.1345977783203
UKR,2021,75.9079437255859
URY,2011,52.5558204650879
URY,2012,54.7069091796875
URY,2013,59.9512596130371
URY,2014,59.8266983032227
URY,2015,57.7897186279297
URY,2016,59.6462898254395
URY,2017,59.7518882751465
URY,2018,60.2781295776367
URY,2019,61.9644317626953
URY,2020,64.933219909668
URY,2021,75.17138671875
USA,2011,
USA,2012,
USA,2013,88.7264175415039
USA,2014,88.6268692016602
USA,2015,88.8894119262695
USA,2016,88.8350524902344
USA,2017,88.1673889160156
USA,2018,88.2991790771484
USA,2019,87.8887100219727
USA,2020,87.5676574707031
USA,2021,84.8550872802734
UZB,2011,8.51634120941162
UZB,2012,7.84954023361206
UZB,2013,7.97676944732666
UZB,2014,7.99231863021851
UZB,2015,8.05320835113525
UZB,2016,8.33958339691162
UZB,2017,8.64750289916992
UZB,2018,9.95855522155762
UZB,2019,12.4469442367554
UZB,2020,15.972095489502
UZB,2021,21.5782890319824
VCT,2011,20.171236038208
VCT,2012,19.577205657959
VCT,2013,19.5344543457031
VCT,2014,23.8400192260742
VCT,2015,23.5599308013916
VCT,2016,23.7400379180908
VCT,2017,26.0128421783447
VCT,2018,26.3018646240234
VCT,2019,29.9456653594971
VCT,2020,33.904109954834
VCT,2021,35.740119934082
VEN,2011,
VEN,2012,
VEN,2013,
VEN,2014,
VEN,2015,
VEN,2016,
VEN,2017,
VEN,2018,
VEN,2019,
VEN,2020,
VEN,2021,
VGB,2011,
VGB,2012,
VGB,2013,
VGB,2014,
VGB,2015,43.1178283691406
VGB,2016,42.3565292358398
VGB,2017,
VGB,2018,17.1175594329834
VGB,2019,26.0911293029785
VGB,2020,32.4414710998535
VGB,2021,32.7071304321289
VIR,2011,
VIR,2012,
VIR,2013,
VIR,2014,
VIR,2015,
VIR,2016,
VIR,2017,
VIR,2018,
VIR,2019,
VIR,2020,
VIR,2021,
VNM,2011,26.6182117462158
VNM,2012,26.9095897674561
VNM,2013,26.9403114318848
VNM,2014,32.8659934997559
VNM,2015,31.089204788208
VNM,2016,30.228063583374
VNM,2017,
VNM,2018,
VNM,2019,28.506929397583
VNM,2020,
VNM,2021,38.8732376098633
VUT,2011,
VUT,2012,
VUT,2013,
VUT,2014,
VUT,2015,
VUT,2016,
VUT,2017,
VUT,2018,
VUT,2019,
VUT,2020,
VUT,2021,
WSM,2011,
WSM,2012,
WSM,2013,
WSM,2014,
WSM,2015,
WSM,2016,
WSM,2017,12.5871524810791
WSM,2018,13.5642290115356
WSM,2019,13.1230764389038
WSM,2020,16.3868522644043
WSM,2021,17.571849822998
XKX,2011,
XKX,2012,
XKX,2013,
XKX,2014,
XKX,2015,
XKX,2016,
XKX,2017,
XKX,2018,
XKX,2019,
XKX,2020,
XKX,2021,
YEM,2011,9.31793022155762
YEM,2012,
YEM,2013,
YEM,2014,
YEM,2015,
YEM,2016,
YEM,2017,
YEM,2018,
YEM,2019,
YEM,2020,
YEM,2021,
ZAF,2011,17.613130569458
ZAF,2012,17.2647495269775
ZAF,2013,18.0946197509766
ZAF,2014,18.138879776001
ZAF,2015,18.8556098937988
ZAF,2016,18.9649791717529
ZAF,2017,21.4171295166016
ZAF,2018,23.3899803161621
ZAF,2019,24.0192794799805
ZAF,2020,25.1296806335449
ZAF,2021,25.3566093444824
ZMB,2011,4.01371002197266
ZMB,2012,3.97994995117188
ZMB,2013,
ZMB,2014,
ZMB,2015,
ZMB,2016,
ZMB,2017,
ZMB,2018,
ZMB,2019,
ZMB,2020,
ZMB,2021,
